v1,v2,d,h1,h2,h3,h4
2.700000,3.300000,-0.500000,13.482123,13.502188,1.608631,1.348406
2.700000,3.300000,-0.500000,13.238748,13.463501,1.709455,1.258950
2.700000,3.300000,-0.500000,13.128008,13.530818,1.837372,1.241749
2.700000,3.300000,-0.500000,12.972882,13.471241,1.618643,1.142277
2.700000,3.300000,-0.500000,12.816759,13.621235,1.699361,1.183035
2.700000,3.300000,-0.500000,12.571181,13.517565,1.722402,1.094624
3.300000,3.300000,-0.500000,12.747390,13.619903,1.735705,1.199749
3.300000,3.300000,-0.500000,12.889561,13.532711,1.773998,1.208777
3.300000,3.300000,-0.500000,12.971309,13.537259,1.831603,1.273286
3.300000,3.300000,-0.500000,13.152189,13.530804,1.803197,1.271148
3.300000,3.300000,-0.500000,13.070961,13.624533,1.809917,1.351077
3.300000,3.300000,-0.500000,13.137904,13.612232,1.904371,1.223640
3.300000,3.300000,-0.500000,13.273209,13.609392,1.699318,1.342327
3.300000,3.300000,-0.500000,13.507909,13.696997,1.825679,1.252528
3.300000,3.300000,-0.500000,13.427200,13.677364,1.736944,1.247129
3.300000,3.300000,-0.500000,13.548185,13.669089,1.813933,1.374948
3.300000,3.300000,-0.500000,13.607176,13.683548,1.844131,1.403102
3.300000,3.300000,-0.500000,13.719090,13.849476,1.807219,1.441478
2.700000,2.700000,-0.500000,13.443330,13.628384,1.638031,1.292502
2.700000,2.700000,-0.500000,13.234884,13.368892,1.563555,1.290061
2.700000,2.700000,0.500000,12.980777,13.420680,1.498816,1.273922
2.700000,2.700000,0.500000,12.858348,13.217493,1.551234,1.282458
2.700000,2.700000,0.500000,12.656543,12.965006,1.498942,1.251436
2.700000,2.700000,0.500000,12.462645,12.991320,1.484990,1.313648
2.700000,3.300000,0.500000,12.369053,12.956645,1.633152,1.332661
2.700000,3.300000,0.500000,12.155735,12.950807,1.764513,1.357058
2.700000,3.300000,0.500000,11.961307,13.196865,1.795243,1.271272
2.700000,3.300000,0.500000,11.963071,13.198481,1.829855,1.372579
2.700000,3.300000,0.500000,11.893862,13.250388,1.903311,1.369339
2.700000,3.300000,0.500000,11.906072,13.259332,1.970759,1.355295
3.300000,3.300000,0.500000,12.114854,13.422697,1.979707,1.477247
3.300000,3.300000,0.500000,12.202110,13.405397,2.059468,1.559159
3.300000,3.300000,0.500000,12.461864,13.474315,2.018324,1.636634
3.300000,3.300000,0.500000,12.707924,13.528058,2.167844,1.606378
3.300000,3.300000,0.500000,12.912215,13.627844,2.109994,1.794761
3.300000,3.300000,0.500000,13.084851,13.769545,2.110154,1.740327
3.300000,3.300000,0.500000,13.204254,13.898500,2.086938,1.827806
3.300000,3.300000,0.500000,13.417479,13.968724,2.058573,1.779972
3.300000,3.300000,0.500000,13.352622,13.980096,2.071191,1.857969
3.300000,3.300000,0.500000,13.495161,14.089334,2.023549,1.808837
3.300000,3.300000,0.500000,13.617673,14.206369,2.179879,1.863471
3.300000,3.300000,0.500000,13.805870,14.205755,2.187876,1.869053
2.700000,2.700000,0.500000,13.618498,14.253905,2.034801,1.767387
2.700000,2.700000,0.500000,13.422061,14.136577,1.875513,1.782370
2.700000,2.700000,0.500000,13.245690,13.980884,1.767965,1.648275
2.700000,2.700000,0.500000,13.042783,13.897882,1.740535,1.605155
2.700000,2.700000,0.500000,12.921135,13.777833,1.752704,1.533607
2.700000,2.700000,0.500000,12.646773,13.653358,1.659141,1.453679
3.300000,2.700000,0.500000,12.781001,13.466803,1.653997,1.667003
3.300000,2.700000,0.500000,12.858593,13.344021,1.615131,1.576656
3.300000,2.700000,0.500000,12.806827,13.221400,1.404027,1.665708
3.300000,2.700000,0.500000,12.917543,13.211055,1.577046,1.656471
3.300000,2.700000,0.500000,12.915694,13.127311,1.527383,1.756204
3.300000,2.700000,0.500000,13.039222,13.159678,1.559659,1.705145
3.300000,2.700000,0.500000,13.066532,13.044355,1.500902,1.817777
3.300000,2.700000,0.500000,13.083014,13.012664,1.542987,1.879205
3.300000,2.700000,0.500000,13.062549,13.000282,1.437861,1.815780
3.300000,2.700000,0.500000,13.033128,12.997750,1.425964,1.918579
3.300000,2.700000,0.500000,13.106087,12.934383,1.490304,1.940992
3.300000,2.700000,0.500000,13.224880,12.809303,1.371401,2.002234
3.300000,3.300000,-0.500000,13.118756,13.007529,1.639849,1.908602
3.300000,3.300000,-0.500000,13.035625,13.241936,1.607981,1.682307
3.300000,3.300000,-0.500000,13.263013,13.399739,1.597830,1.746770
3.300000,3.300000,-0.500000,13.285941,13.402704,1.657117,1.715542
3.300000,3.300000,-0.500000,13.367021,13.539745,1.638196,1.599329
3.300000,3.300000,-0.500000,13.412376,13.599453,1.794546,1.605472
2.700000,2.700000,-0.500000,13.095818,13.355364,1.607914,1.517091
2.700000,2.700000,-0.500000,12.930156,13.379421,1.478238,1.346374
2.700000,2.700000,-0.500000,12.674216,13.307262,1.422025,1.308874
2.700000,2.700000,-0.500000,12.540511,13.230944,1.374073,1.223823
2.700000,2.700000,0.500000,12.386979,13.023639,1.460628,1.250208
2.700000,2.700000,0.500000,12.055125,12.799096,1.276003,1.188920
2.700000,2.700000,0.500000,12.100574,12.766771,1.397723,1.267125
2.700000,2.700000,0.500000,11.816270,12.592514,1.466052,1.362710
2.700000,2.700000,0.500000,11.705133,12.611091,1.334127,1.374707
2.700000,2.700000,0.500000,11.670344,12.484827,1.421881,1.309165
2.700000,2.700000,0.500000,11.419088,12.343999,1.389037,1.359203
2.700000,2.700000,0.500000,11.354514,12.329495,1.507870,1.362066
3.300000,3.300000,0.500000,11.523603,12.356913,1.597122,1.402706
3.300000,3.300000,0.500000,11.772925,12.556108,1.688176,1.542889
3.300000,3.300000,-0.500000,11.895400,12.682123,1.691686,1.504865
3.300000,3.300000,-0.500000,12.198677,12.704092,1.708238,1.529655
3.300000,3.300000,-0.500000,12.222042,12.875082,1.746664,1.510576
3.300000,3.300000,-0.500000,12.400443,13.081476,1.808912,1.506925
2.700000,3.300000,-0.500000,12.340585,13.066698,1.856293,1.348420
2.700000,3.300000,-0.500000,12.176935,13.164356,1.781356,1.265558
2.700000,3.300000,-0.500000,12.064388,13.147181,1.707402,1.188590
2.700000,3.300000,-0.500000,12.014712,13.149558,1.813418,1.144647
2.700000,3.300000,-0.500000,12.027745,13.142644,1.786211,1.219450
2.700000,3.300000,-0.500000,11.902337,13.367038,1.901708,1.117994
3.300000,2.700000,0.500000,12.097743,13.145268,1.631561,1.241737
3.300000,2.700000,0.500000,12.310319,13.015947,1.684541,1.367642
3.300000,2.700000,0.500000,12.343236,12.856061,1.666966,1.427846
3.300000,2.700000,0.500000,12.463885,12.667771,1.638922,1.466538
3.300000,2.700000,0.500000,12.508601,12.697437,1.557257,1.514182
3.300000,2.700000,0.500000,12.587774,12.597044,1.586704,1.599596
2.700000,3.300000,0.500000,12.447080,12.733211,1.602441,1.572215
2.700000,3.300000,0.500000,12.380132,12.834260,1.721201,1.638893
2.700000,3.300000,0.500000,12.259654,12.928234,1.720555,1.496701
2.700000,3.300000,0.500000,12.153122,13.031410,1.799066,1.515043
2.700000,3.300000,-0.500000,12.089368,13.063658,1.822408,1.350996
2.700000,3.300000,-0.500000,11.914351,13.273141,1.877156,1.218799
2.700000,2.700000,-0.500000,11.837114,13.043171,1.662026,1.237726
2.700000,2.700000,-0.500000,11.827231,12.910735,1.486604,1.185825
2.700000,2.700000,-0.500000,11.736885,12.675364,1.484162,1.198613
2.700000,2.700000,-0.500000,11.562487,12.622968,1.412561,1.228928
2.700000,2.700000,-0.500000,11.497537,12.459426,1.275760,1.075108
2.700000,2.700000,-0.500000,11.324184,12.440751,1.429473,1.100209
2.700000,2.700000,-0.500000,11.235963,12.168595,1.368336,1.000935
2.700000,2.700000,-0.500000,11.208963,12.106553,1.221410,0.905388
2.700000,2.700000,0.500000,10.996596,12.055300,1.269582,1.065797
2.700000,2.700000,0.500000,10.991219,12.008070,1.397535,1.094588
2.700000,2.700000,0.500000,10.946763,11.930932,1.438635,1.193280
2.700000,2.700000,0.500000,10.814644,11.841085,1.441029,1.268723
2.700000,2.700000,0.500000,10.827982,11.704403,1.517100,1.194328
2.700000,2.700000,0.500000,10.773584,11.689285,1.340461,1.277863
2.700000,2.700000,0.500000,10.845432,11.593698,1.395914,1.283955
2.700000,2.700000,0.500000,10.810638,11.586202,1.395627,1.369709
2.700000,2.700000,0.500000,10.729240,11.608299,1.632539,1.330247
2.700000,2.700000,0.500000,10.644988,11.613215,1.563489,1.368809
2.700000,2.700000,0.500000,10.738099,11.539598,1.507773,1.463298
2.700000,2.700000,0.500000,10.600350,11.466280,1.490130,1.436461
2.700000,2.700000,0.500000,10.551417,11.466430,1.459720,1.328032
2.700000,2.700000,0.500000,10.676454,11.481126,1.541790,1.434667
2.700000,2.700000,0.500000,10.589913,11.388535,1.412058,1.391178
2.700000,2.700000,0.500000,10.562967,11.388006,1.501600,1.360151
2.700000,3.300000,0.500000,10.596596,11.715932,1.632351,1.424408
2.700000,3.300000,0.500000,10.620407,11.845946,1.705842,1.341510
2.700000,3.300000,0.500000,10.629190,11.861250,1.852600,1.406522
2.700000,3.300000,0.500000,10.603510,12.094330,1.804957,1.351707
2.700000,3.300000,0.500000,10.764022,12.125019,1.981246,1.342274
2.700000,3.300000,0.500000,10.685906,12.363391,2.023297,1.372608
2.700000,2.700000,0.500000,10.849876,12.208617,1.923374,1.485678
2.700000,2.700000,0.500000,10.809542,12.144301,1.778692,1.459330
2.700000,2.700000,0.500000,10.829764,12.128524,1.711334,1.354085
2.700000,2.700000,0.500000,10.810069,12.116732,1.672669,1.478886
2.700000,2.700000,0.500000,10.833918,12.100617,1.694328,1.343317
2.700000,2.700000,0.500000,10.879661,11.997242,1.589534,1.372368
2.700000,3.300000,0.500000,10.886145,12.103684,1.746486,1.423688
2.700000,3.300000,0.500000,10.923291,12.218918,1.759023,1.462492
2.700000,3.300000,-0.500000,10.828894,12.409720,1.791314,1.268457
2.700000,3.300000,-0.500000,10.933545,12.466773,1.871255,1.186363
2.700000,3.300000,-0.500000,11.011125,12.459557,1.760672,1.176326
2.700000,3.300000,-0.500000,10.957997,12.520238,1.766598,1.111116
2.700000,2.700000,-0.500000,10.974596,12.344476,1.611994,1.065069
2.700000,2.700000,-0.500000,10.877157,12.226942,1.524187,1.018475
2.700000,2.700000,-0.500000,10.904325,12.170465,1.521864,0.996137
2.700000,2.700000,-0.500000,10.773052,12.071786,1.386575,0.944906
2.700000,2.700000,-0.500000,10.754177,11.937509,1.284255,0.972556
2.700000,2.700000,-0.500000,10.792409,11.783009,1.366965,1.051795
3.300000,2.700000,0.500000,10.966203,11.696096,1.349712,1.260319
3.300000,2.700000,0.500000,11.118873,11.645624,1.413988,1.254050
3.300000,2.700000,0.500000,11.302063,11.492735,1.421728,1.410940
3.300000,2.700000,0.500000,11.441675,11.543498,1.411549,1.549119
3.300000,2.700000,0.500000,11.590562,11.582020,1.419227,1.494270
3.300000,2.700000,0.500000,11.641419,11.560685,1.466564,1.671412
3.300000,2.700000,0.500000,11.674547,11.554190,1.468150,1.755847
3.300000,2.700000,0.500000,11.837520,11.597561,1.529881,1.741818
3.300000,2.700000,0.500000,11.943867,11.533803,1.425117,1.685447
3.300000,2.700000,0.500000,12.173756,11.698819,1.445018,1.823029
3.300000,2.700000,-0.500000,12.175901,11.605268,1.406153,1.774318
3.300000,2.700000,-0.500000,12.335010,11.700069,1.401800,1.613346
3.300000,3.300000,-0.500000,12.423994,11.745338,1.462803,1.765124
3.300000,3.300000,-0.500000,12.425466,12.053105,1.486358,1.567470
3.300000,3.300000,-0.500000,12.494148,12.217777,1.564181,1.608589
3.300000,3.300000,-0.500000,12.608671,12.259511,1.671740,1.561392
3.300000,3.300000,-0.500000,12.619490,12.412828,1.582735,1.515875
3.300000,3.300000,-0.500000,12.763121,12.570699,1.579483,1.477767
2.700000,2.700000,-0.500000,12.675106,12.522206,1.616850,1.347823
2.700000,2.700000,-0.500000,12.414748,12.414051,1.589924,1.397305
2.700000,2.700000,-0.500000,12.155662,12.295598,1.462346,1.190007
2.700000,2.700000,-0.500000,11.932709,12.209186,1.385853,1.181808
2.700000,2.700000,-0.500000,11.873619,12.188660,1.335635,1.097712
2.700000,2.700000,-0.500000,11.713160,11.989536,1.328239,1.113660
3.300000,3.300000,-0.500000,11.713747,12.108017,1.316842,1.112576
3.300000,3.300000,-0.500000,11.979647,12.065394,1.413519,1.157137
3.300000,3.300000,-0.500000,11.968563,12.289860,1.485268,1.219244
3.300000,3.300000,-0.500000,12.128604,12.383060,1.602045,1.300728
3.300000,3.300000,-0.500000,12.214033,12.434883,1.684203,1.300127
3.300000,3.300000,-0.500000,12.406411,12.565921,1.644083,1.297537
3.300000,2.700000,-0.500000,12.488441,12.434082,1.508128,1.265104
3.300000,2.700000,-0.500000,12.559319,12.398768,1.545116,1.285826
3.300000,2.700000,-0.500000,12.671495,12.283263,1.320141,1.315563
3.300000,2.700000,-0.500000,12.715589,12.215989,1.298485,1.346152
3.300000,2.700000,-0.500000,12.645520,12.010007,1.263548,1.395706
3.300000,2.700000,-0.500000,12.639398,12.020642,1.199986,1.348575
2.700000,3.300000,-0.500000,12.358561,12.144768,1.482902,1.279445
2.700000,3.300000,-0.500000,12.259080,12.342697,1.457725,1.279674
2.700000,3.300000,-0.500000,12.163054,12.341830,1.608794,1.129324
2.700000,3.300000,-0.500000,12.088976,12.392174,1.550432,1.212919
2.700000,3.300000,0.500000,11.972746,12.468223,1.796032,1.216318
2.700000,3.300000,0.500000,11.988100,12.631812,1.831305,1.171167
2.700000,2.700000,0.500000,11.870504,12.416495,1.762228,1.246943
2.700000,2.700000,0.500000,11.812618,12.379574,1.602753,1.319007
2.700000,2.700000,0.500000,11.619841,12.281562,1.638380,1.272089
2.700000,2.700000,0.500000,11.518375,12.184639,1.629723,1.340505
2.700000,2.700000,0.500000,11.387153,12.068669,1.595246,1.438591
2.700000,2.700000,0.500000,11.328775,11.995197,1.616888,1.287072
3.300000,3.300000,0.500000,11.512536,12.190320,1.687384,1.453342
3.300000,3.300000,0.500000,11.738517,12.215342,1.758892,1.500515
3.300000,3.300000,0.500000,11.815985,12.404665,1.823111,1.595629
3.300000,3.300000,0.500000,12.123954,12.602806,1.873720,1.718713
3.300000,3.300000,0.500000,12.461039,12.666337,2.002434,1.745360
3.300000,3.300000,0.500000,12.556809,12.859206,1.999751,1.761461
3.300000,2.700000,0.500000,12.694234,12.900229,2.006611,1.758360
3.300000,2.700000,0.500000,12.743158,12.717121,1.864459,1.838302
3.300000,2.700000,0.500000,12.916400,12.653920,1.706846,1.828182
3.300000,2.700000,0.500000,13.078162,12.718065,1.734654,1.846214
3.300000,2.700000,0.500000,13.117528,12.699104,1.683041,1.943493
3.300000,2.700000,0.500000,13.112378,12.780691,1.717062,2.012027
3.300000,2.700000,-0.500000,13.213857,12.736006,1.535531,1.835037
3.300000,2.700000,-0.500000,13.224964,12.619088,1.451765,1.803609
3.300000,2.700000,-0.500000,13.317262,12.619023,1.444888,1.663825
3.300000,2.700000,-0.500000,13.264409,12.599684,1.394232,1.797069
3.300000,2.700000,-0.500000,13.204869,12.500903,1.277924,1.498428
3.300000,2.700000,-0.500000,13.261537,12.497095,1.360389,1.573034
2.700000,2.700000,-0.500000,12.925025,12.363598,1.125846,1.466626
2.700000,2.700000,-0.500000,12.740545,12.346366,1.366717,1.443425
2.700000,2.700000,-0.500000,12.428058,12.308943,1.300491,1.293030
2.700000,2.700000,-0.500000,12.208863,12.329654,1.277386,1.254512
2.700000,2.700000,-0.500000,12.033220,12.216047,1.255034,1.255795
2.700000,2.700000,-0.500000,11.758607,12.055006,1.235243,1.166028
3.300000,3.300000,-0.500000,11.930385,12.045536,1.312738,1.055348
3.300000,3.300000,-0.500000,12.049364,12.203428,1.435064,1.279355
3.300000,3.300000,-0.500000,12.178118,12.342510,1.554496,1.221048
3.300000,3.300000,-0.500000,12.319292,12.482270,1.574152,1.241904
3.300000,3.300000,-0.500000,12.363428,12.513032,1.597687,1.277709
3.300000,3.300000,-0.500000,12.501398,12.633537,1.592050,1.282435
3.300000,3.300000,-0.500000,12.524983,12.686512,1.705334,1.396564
3.300000,3.300000,-0.500000,12.714841,12.728446,1.618165,1.378631
3.300000,3.300000,0.500000,12.839829,12.837914,1.852087,1.416690
3.300000,3.300000,0.500000,12.968653,12.895863,1.858704,1.560383
3.300000,3.300000,0.500000,13.011385,13.158118,1.944516,1.527616
3.300000,3.300000,0.500000,13.235674,13.170521,1.975640,1.656824
3.300000,3.300000,0.500000,13.282624,13.240054,1.947552,1.710274
3.300000,3.300000,0.500000,13.427567,13.428479,1.978859,1.756176
3.300000,3.300000,0.500000,13.594415,13.573521,2.097173,1.872053
3.300000,3.300000,0.500000,13.663609,13.631552,2.062941,1.777896
3.300000,3.300000,0.500000,13.727617,13.670866,2.030461,1.860407
3.300000,3.300000,0.500000,13.907869,13.922929,2.112637,1.827068
3.300000,2.700000,0.500000,14.002480,13.849466,1.992591,1.945721
3.300000,2.700000,0.500000,13.931153,13.767058,1.942971,1.827301
3.300000,2.700000,0.500000,13.970328,13.703483,1.757641,1.912405
3.300000,2.700000,0.500000,13.959456,13.616516,1.732388,1.973708
3.300000,2.700000,0.500000,13.959563,13.672842,1.716376,1.963072
3.300000,2.700000,0.500000,13.994311,13.586584,1.628660,1.995178
3.300000,3.300000,0.500000,14.079919,13.615771,1.783879,1.926066
3.300000,3.300000,0.500000,14.107502,13.844503,1.805626,1.977948
3.300000,3.300000,0.500000,14.115437,13.897285,2.008723,1.980276
3.300000,3.300000,0.500000,14.200481,14.137180,1.902536,1.933006
3.300000,3.300000,0.500000,14.180453,14.216608,1.978242,2.061535
3.300000,3.300000,0.500000,14.340636,14.288076,2.098401,2.034067
3.300000,3.300000,0.500000,14.256980,14.438230,2.027575,2.029950
3.300000,3.300000,0.500000,14.327194,14.535244,2.065375,2.003813
3.300000,3.300000,0.500000,14.382125,14.657253,2.066946,2.089277
3.300000,3.300000,0.500000,14.311237,14.676923,2.092137,2.033030
3.300000,3.300000,0.500000,14.551818,14.693745,2.224453,2.067039
3.300000,3.300000,0.500000,14.561165,14.857466,2.152153,1.966110
2.700000,3.300000,0.500000,14.313884,14.918647,2.123595,1.956507
2.700000,3.300000,0.500000,14.143984,15.039512,2.226458,1.883063
2.700000,3.300000,0.500000,14.099572,15.045662,2.194204,1.759408
2.700000,3.300000,0.500000,13.804190,15.117871,2.198715,1.713031
2.700000,3.300000,0.500000,13.782771,15.073123,2.100437,1.628909
2.700000,3.300000,0.500000,13.636752,15.131140,2.216992,1.676449
3.300000,3.300000,0.500000,13.712806,15.053982,2.045497,1.688452
3.300000,3.300000,0.500000,13.947211,15.110633,2.182138,1.777262
3.300000,3.300000,0.500000,14.020441,15.224291,2.231396,1.791746
3.300000,3.300000,0.500000,13.992258,15.260384,2.186426,1.841415
3.300000,3.300000,0.500000,14.211767,15.203587,2.088323,1.835606
3.300000,3.300000,0.500000,14.339155,15.244863,2.157014,1.880035
2.700000,3.300000,-0.500000,14.133726,15.225833,2.101624,1.703679
2.700000,3.300000,-0.500000,13.985296,15.254990,2.149872,1.629890
2.700000,3.300000,-0.500000,13.815939,15.320316,1.947821,1.494844
2.700000,3.300000,-0.500000,13.619083,15.301567,1.983343,1.447893
2.700000,3.300000,-0.500000,13.414698,15.213612,1.997016,1.275168
2.700000,3.300000,-0.500000,13.209429,15.278484,1.961301,1.156200
3.300000,2.700000,-0.500000,13.414160,14.916986,1.758304,1.246093
3.300000,2.700000,-0.500000,13.479557,14.734608,1.634861,1.312421
3.300000,2.700000,-0.500000,13.511375,14.518324,1.511357,1.265406
3.300000,2.700000,-0.500000,13.454874,14.217796,1.372472,1.341831
3.300000,2.700000,0.500000,13.516998,14.129336,1.429632,1.280346
3.300000,2.700000,0.500000,13.500208,13.960191,1.390983,1.595355
3.300000,2.700000,0.500000,13.549436,13.840400,1.539420,1.572825
3.300000,2.700000,0.500000,13.534610,13.733326,1.493196,1.792404
3.300000,2.700000,0.500000,13.557615,13.569076,1.467412,1.762362
3.300000,2.700000,0.500000,13.415373,13.482789,1.424564,1.737015
3.300000,2.700000,0.500000,13.535942,13.500118,1.487241,1.809251
3.300000,2.700000,0.500000,13.550008,13.336771,1.486632,1.843653
3.300000,2.700000,0.500000,13.485877,13.281325,1.517135,1.857931
3.300000,2.700000,0.500000,13.563773,13.302756,1.414342,1.884797
3.300000,2.700000,-0.500000,13.488059,13.191778,1.368975,1.762996
3.300000,2.700000,-0.500000,13.374662,13.059433,1.325531,1.807407
3.300000,2.700000,-0.500000,13.389049,13.042551,1.301746,1.703060
3.300000,2.700000,-0.500000,13.342787,12.954274,1.276219,1.681023
3.300000,3.300000,-0.500000,13.401706,13.221263,1.467957,1.615927
3.300000,3.300000,-0.500000,13.454713,13.158091,1.474261,1.631626
3.300000,3.300000,-0.500000,13.379426,13.285826,1.510833,1.622248
3.300000,3.300000,-0.500000,13.368606,13.399253,1.622429,1.457693
3.300000,3.300000,-0.500000,13.392141,13.455743,1.525613,1.511204
3.300000,3.300000,-0.500000,13.413181,13.489298,1.646542,1.462361
2.700000,2.700000,-0.500000,13.186767,13.444079,1.504767,1.338104
2.700000,2.700000,-0.500000,13.021167,13.316847,1.463202,1.266847
2.700000,2.700000,-0.500000,12.658542,13.088661,1.451336,1.237812
2.700000,2.700000,-0.500000,12.593534,12.942749,1.295224,1.077504
2.700000,2.700000,-0.500000,12.197816,12.695894,1.220768,1.198557
2.700000,2.700000,-0.500000,12.151557,12.678794,1.280663,1.138277
2.700000,3.300000,-0.500000,11.999628,12.691180,1.372859,1.004737
2.700000,3.300000,-0.500000,11.805640,12.796084,1.453516,1.011155
2.700000,3.300000,-0.500000,11.649805,12.696491,1.605968,0.961601
2.700000,3.300000,-0.500000,11.594366,12.861454,1.671163,0.969054
2.700000,3.300000,0.500000,11.614503,12.947478,1.773209,1.038175
2.700000,3.300000,0.500000,11.594747,12.797309,1.752027,1.143945
2.700000,3.300000,0.500000,11.489423,12.807902,1.805974,1.229785
2.700000,3.300000,0.500000,11.518245,12.946793,1.876067,1.224141
2.700000,3.300000,0.500000,11.499129,12.955870,1.880763,1.199567
2.700000,3.300000,0.500000,11.448718,13.057834,1.998383,1.311261
2.700000,3.300000,0.500000,11.329637,13.057925,1.956987,1.130988
2.700000,3.300000,0.500000,11.465040,13.151113,2.019427,1.289071
2.700000,2.700000,0.500000,11.491227,13.024834,1.899652,1.290541
2.700000,2.700000,0.500000,11.435382,12.952919,1.859326,1.267528
2.700000,2.700000,-0.500000,11.386513,12.827605,1.725465,1.187418
2.700000,2.700000,-0.500000,11.326781,12.563704,1.650221,1.255827
2.700000,2.700000,-0.500000,11.393222,12.497221,1.460874,1.111283
2.700000,2.700000,-0.500000,11.128380,12.436169,1.470099,1.072003
3.300000,2.700000,-0.500000,11.353999,12.307967,1.344438,1.167161
3.300000,2.700000,-0.500000,11.446046,12.231198,1.286874,1.057960
3.300000,2.700000,-0.500000,11.619640,12.118533,1.259591,1.307680
3.300000,2.700000,-0.500000,11.759576,12.036299,1.282137,1.292902
3.300000,2.700000,-0.500000,11.771369,11.985330,1.255934,1.260799
3.300000,2.700000,-0.500000,11.865362,11.930742,1.232954,1.254746
3.300000,3.300000,-0.500000,12.007643,11.959400,1.443835,1.307865
3.300000,3.300000,-0.500000,12.039755,12.054966,1.447044,1.341723
3.300000,3.300000,-0.500000,12.137653,12.286997,1.529113,1.365228
3.300000,3.300000,-0.500000,12.316659,12.400364,1.622293,1.360600
3.300000,3.300000,-0.500000,12.401186,12.535988,1.548418,1.424709
3.300000,3.300000,-0.500000,12.565720,12.533833,1.576962,1.397411
2.700000,3.300000,-0.500000,12.384567,12.699864,1.594443,1.353766
2.700000,3.300000,-0.500000,12.344641,12.693222,1.662087,1.313950
2.700000,3.300000,-0.500000,12.215630,12.813126,1.787233,1.159441
2.700000,3.300000,-0.500000,12.062680,12.941871,1.736329,1.157388
2.700000,3.300000,-0.500000,11.999816,12.787842,1.799299,1.145248
2.700000,3.300000,-0.500000,11.884105,13.008123,1.839388,1.021101
3.300000,3.300000,-0.500000,12.126960,12.942107,1.769738,1.083466
3.300000,3.300000,-0.500000,12.295812,12.962714,1.637572,1.167532
3.300000,3.300000,-0.500000,12.457455,12.919785,1.735029,1.252577
3.300000,3.300000,-0.500000,12.541098,12.947367,1.692831,1.234937
3.300000,3.300000,-0.500000,12.792613,13.174007,1.705675,1.242625
3.300000,3.300000,-0.500000,12.830599,13.205964,1.776071,1.316974
3.300000,3.300000,-0.500000,12.859976,13.175081,1.766529,1.311562
3.300000,3.300000,-0.500000,13.045521,13.273319,1.778265,1.350620
3.300000,3.300000,-0.500000,13.108101,13.322290,1.863785,1.314815
3.300000,3.300000,-0.500000,13.161264,13.416644,1.870323,1.345882
3.300000,3.300000,-0.500000,13.331666,13.459652,1.890625,1.264376
3.300000,3.300000,-0.500000,13.358751,13.533838,1.817578,1.407104
2.700000,2.700000,-0.500000,13.227549,13.367965,1.690410,1.332855
2.700000,2.700000,-0.500000,13.078392,13.219710,1.597947,1.285918
2.700000,2.700000,-0.500000,12.875905,12.993806,1.533847,1.148825
2.700000,2.700000,-0.500000,12.694539,12.994382,1.428003,1.164976
2.700000,2.700000,-0.500000,12.600614,12.699805,1.356881,1.157293
2.700000,2.700000,-0.500000,12.353337,12.620569,1.217400,1.057549
3.300000,2.700000,0.500000,12.407250,12.501510,1.343605,1.244536
3.300000,2.700000,0.500000,12.382786,12.496517,1.402504,1.300709
3.300000,2.700000,0.500000,12.396323,12.333438,1.434154,1.438833
3.300000,2.700000,0.500000,12.540772,12.119737,1.421929,1.561395
3.300000,2.700000,0.500000,12.633513,12.216846,1.392334,1.552506
3.300000,2.700000,0.500000,12.662585,12.141650,1.403007,1.501394
3.300000,2.700000,0.500000,12.549393,12.105362,1.414196,1.686041
3.300000,2.700000,0.500000,12.707221,12.170615,1.460129,1.729823
3.300000,2.700000,0.500000,12.741082,12.168423,1.464973,1.690710
3.300000,2.700000,0.500000,12.827675,12.132206,1.472130,1.747142
3.300000,2.700000,-0.500000,12.898756,12.131127,1.342531,1.761685
3.300000,2.700000,-0.500000,12.881772,12.182045,1.311257,1.679340
2.700000,3.300000,-0.500000,12.608063,12.418880,1.487915,1.587262
2.700000,3.300000,-0.500000,12.496973,12.558893,1.525843,1.556543
2.700000,3.300000,-0.500000,12.328831,12.475251,1.542973,1.402553
2.700000,3.300000,-0.500000,12.276789,12.641690,1.676975,1.371245
2.700000,3.300000,-0.500000,12.202590,12.675390,1.575584,1.252816
2.700000,3.300000,-0.500000,11.944967,12.756455,1.618878,1.195864
2.700000,2.700000,-0.500000,11.916325,12.650979,1.602914,1.150089
2.700000,2.700000,-0.500000,11.746494,12.384877,1.440808,1.092785
2.700000,2.700000,-0.500000,11.691633,12.265131,1.512891,1.058194
2.700000,2.700000,-0.500000,11.587459,12.171397,1.429158,0.985929
2.700000,2.700000,-0.500000,11.521677,12.057325,1.397964,1.003938
2.700000,2.700000,-0.500000,11.308522,12.002011,1.321636,0.998201
3.300000,2.700000,-0.500000,11.393485,11.901950,1.315387,1.019896
3.300000,2.700000,-0.500000,11.505270,11.673283,1.246217,1.091862
3.300000,2.700000,-0.500000,11.558643,11.583618,1.261909,1.130143
3.300000,2.700000,-0.500000,11.715460,11.457127,1.235570,1.182124
3.300000,2.700000,-0.500000,11.873271,11.482713,1.260627,1.250369
3.300000,2.700000,-0.500000,11.844765,11.500090,1.220374,1.260666
3.300000,2.700000,0.500000,11.898606,11.372495,1.212216,1.375897
3.300000,2.700000,0.500000,12.025376,11.319287,1.222521,1.374699
3.300000,2.700000,0.500000,11.911585,11.443655,1.293230,1.495374
3.300000,2.700000,0.500000,12.082331,11.448404,1.394251,1.679954
3.300000,2.700000,0.500000,12.113284,11.410099,1.345120,1.713271
3.300000,2.700000,0.500000,12.201904,11.414232,1.400594,1.711106
3.300000,2.700000,0.500000,12.290223,11.518933,1.400549,1.719649
3.300000,2.700000,0.500000,12.305347,11.486950,1.533179,1.789407
3.300000,2.700000,0.500000,12.346492,11.598968,1.417733,1.675533
3.300000,2.700000,0.500000,12.458558,11.599387,1.525507,1.917988
3.300000,2.700000,-0.500000,12.575041,11.698981,1.365435,1.743732
3.300000,2.700000,-0.500000,12.531440,11.632715,1.341002,1.707287
2.700000,2.700000,-0.500000,12.334329,11.666296,1.270263,1.617027
2.700000,2.700000,-0.500000,12.117166,11.610800,1.266672,1.539494
2.700000,2.700000,-0.500000,11.948229,11.611761,1.234984,1.278994
2.700000,2.700000,-0.500000,11.733334,11.478787,1.205744,1.280785
2.700000,2.700000,-0.500000,11.557620,11.440444,1.162990,1.281465
2.700000,2.700000,-0.500000,11.442740,11.398940,1.204965,1.204271
3.300000,3.300000,-0.500000,11.532481,11.496285,1.336042,1.254573
3.300000,3.300000,-0.500000,11.629795,11.692118,1.339057,1.281826
3.300000,3.300000,0.500000,11.637508,11.808825,1.583603,1.302405
3.300000,3.300000,0.500000,11.849040,11.880428,1.583317,1.476631
3.300000,3.300000,0.500000,12.137786,12.017203,1.759289,1.482128
3.300000,3.300000,0.500000,12.046254,12.160872,1.813574,1.542548
2.700000,2.700000,0.500000,12.083535,12.190673,1.678838,1.578542
2.700000,2.700000,0.500000,11.994029,12.131075,1.750945,1.540075
2.700000,2.700000,0.500000,11.868432,12.105141,1.650631,1.516113
2.700000,2.700000,0.500000,11.822949,12.101229,1.717691,1.402915
2.700000,2.700000,0.500000,11.754384,12.112813,1.639589,1.502780
2.700000,2.700000,0.500000,11.543360,11.957585,1.605566,1.396237
2.700000,2.700000,-0.500000,11.521567,11.972310,1.480747,1.370554
2.700000,2.700000,-0.500000,11.385098,11.855637,1.523380,1.346067
2.700000,2.700000,-0.500000,11.312009,11.806157,1.367953,1.258168
2.700000,2.700000,-0.500000,11.213263,11.688549,1.331976,1.151286
2.700000,2.700000,-0.500000,10.973858,11.661917,1.308810,1.079834
2.700000,2.700000,-0.500000,10.921150,11.668732,1.261100,1.070845
3.300000,3.300000,-0.500000,11.098365,11.642653,1.430677,1.166333
3.300000,3.300000,-0.500000,11.248868,11.768921,1.421401,1.145128
3.300000,3.300000,-0.500000,11.481559,11.860712,1.506425,1.222380
3.300000,3.300000,-0.500000,11.540499,12.029151,1.628293,1.236941
3.300000,3.300000,-0.500000,11.808371,12.100192,1.636207,1.313185
3.300000,3.300000,-0.500000,11.798049,12.147571,1.638300,1.291436
2.700000,3.300000,-0.500000,11.841260,12.240210,1.688975,1.190325
2.700000,3.300000,-0.500000,11.698487,12.361096,1.705954,1.114340
2.700000,3.300000,-0.500000,11.701257,12.317235,1.724211,1.155054
2.700000,3.300000,-0.500000,11.633724,12.477096,1.671351,1.050449
2.700000,3.300000,-0.500000,11.567650,12.467177,1.766723,1.083317
2.700000,3.300000,-0.500000,11.521114,12.594370,1.803433,1.083999
2.700000,2.700000,-0.500000,11.460264,12.470952,1.644140,1.012778
2.700000,2.700000,-0.500000,11.559295,12.246898,1.403842,1.031325
2.700000,2.700000,0.500000,11.366739,12.123093,1.457411,1.070506
2.700000,2.700000,0.500000,11.370486,12.036073,1.476473,1.111704
2.700000,2.700000,0.500000,11.308235,11.947529,1.567288,1.166991
2.700000,2.700000,0.500000,11.200160,11.840152,1.499650,1.207616
3.300000,2.700000,0.500000,11.364283,11.843853,1.471476,1.374830
3.300000,2.700000,0.500000,11.497336,11.793218,1.501500,1.393036
3.300000,2.700000,0.500000,11.629480,11.675255,1.534170,1.481790
3.300000,2.700000,0.500000,11.875005,11.655849,1.460384,1.632028
3.300000,2.700000,0.500000,11.971106,11.697680,1.477896,1.640161
3.300000,2.700000,0.500000,12.156243,11.672462,1.404835,1.788576
3.300000,3.300000,0.500000,12.249070,11.898524,1.699395,1.712641
3.300000,3.300000,0.500000,12.368662,11.981879,1.756622,1.828761
3.300000,3.300000,0.500000,12.477341,12.195522,1.763203,1.821310
3.300000,3.300000,0.500000,12.553982,12.412071,1.870623,1.923410
3.300000,3.300000,0.500000,12.774518,12.619787,1.827655,1.862896
3.300000,3.300000,0.500000,12.777523,12.773335,2.019186,1.927966
2.700000,2.700000,0.500000,12.762951,12.737567,1.815713,1.924958
2.700000,2.700000,0.500000,12.699283,12.697854,1.766441,1.740554
2.700000,2.700000,0.500000,12.553675,12.653004,1.687682,1.822803
2.700000,2.700000,0.500000,12.329864,12.648727,1.586155,1.647918
2.700000,2.700000,0.500000,12.182358,12.581902,1.577643,1.682667
2.700000,2.700000,0.500000,12.041199,12.440785,1.602751,1.531038
2.700000,3.300000,0.500000,11.985338,12.581684,1.678768,1.600064
2.700000,3.300000,0.500000,11.942638,12.782456,1.801471,1.527151
2.700000,3.300000,0.500000,11.887468,12.809882,1.769441,1.511948
2.700000,3.300000,0.500000,11.882097,12.815621,1.889915,1.587909
2.700000,3.300000,0.500000,11.830365,12.986691,2.004321,1.519384
2.700000,3.300000,0.500000,11.910785,13.102367,2.048832,1.469455
2.700000,2.700000,0.500000,11.861789,12.920193,1.885277,1.528604
2.700000,2.700000,0.500000,11.760054,12.957489,1.770883,1.466399
2.700000,2.700000,-0.500000,11.691460,12.838240,1.768087,1.473696
2.700000,2.700000,-0.500000,11.680511,12.680894,1.543527,1.231108
2.700000,2.700000,-0.500000,11.450845,12.648832,1.494173,1.122223
2.700000,2.700000,-0.500000,11.465881,12.540742,1.474131,1.191581
3.300000,3.300000,-0.500000,11.509374,12.638648,1.541550,1.274352
3.300000,3.300000,-0.500000,11.773666,12.632851,1.610829,1.283445
3.300000,3.300000,-0.500000,11.908757,12.725155,1.594800,1.173045
3.300000,3.300000,-0.500000,11.993905,12.814314,1.529950,1.220344
3.300000,3.300000,-0.500000,12.193568,12.940413,1.742254,1.337599
3.300000,3.300000,-0.500000,12.363502,13.052138,1.839532,1.346307
2.700000,3.300000,-0.500000,12.181097,13.052537,1.669818,1.239547
2.700000,3.300000,-0.500000,12.176141,13.138688,1.787108,1.206890
2.700000,3.300000,-0.500000,12.145964,13.203638,1.796341,1.127813
2.700000,3.300000,-0.500000,12.012214,13.162517,1.734866,1.157242
2.700000,3.300000,-0.500000,12.049610,13.139662,1.883184,1.025176
2.700000,3.300000,-0.500000,11.885449,13.171059,1.782081,1.070623
3.300000,3.300000,-0.500000,12.024200,13.175076,1.897376,1.059202
3.300000,3.300000,-0.500000,12.262900,13.230333,1.839531,1.169544
3.300000,3.300000,-0.500000,12.350074,13.201816,1.839158,1.269686
3.300000,3.300000,-0.500000,12.609050,13.277486,1.807829,1.274010
3.300000,3.300000,0.500000,12.656056,13.371482,1.780430,1.430751
3.300000,3.300000,0.500000,12.798987,13.452904,1.962538,1.367805
2.700000,3.300000,0.500000,12.698256,13.425532,1.975944,1.362763
2.700000,3.300000,0.500000,12.672459,13.573238,1.983578,1.571442
2.700000,3.300000,0.500000,12.475736,13.534452,2.020419,1.411614
2.700000,3.300000,0.500000,12.438328,13.669222,2.046244,1.384125
2.700000,3.300000,0.500000,12.406918,13.511743,2.138285,1.372760
2.700000,3.300000,0.500000,12.396042,13.726264,2.062309,1.390094
2.700000,3.300000,0.500000,12.295125,13.627600,2.132076,1.446172
2.700000,3.300000,0.500000,12.266142,13.796538,2.083981,1.391298
2.700000,3.300000,0.500000,12.249919,13.901467,2.138225,1.354844
2.700000,3.300000,0.500000,12.245172,13.868827,2.179928,1.426263
2.700000,3.300000,0.500000,11.993714,13.947723,2.113840,1.375071
2.700000,3.300000,0.500000,12.213924,13.998354,2.160264,1.277750
3.300000,2.700000,0.500000,12.405780,13.799898,2.069511,1.467093
3.300000,2.700000,0.500000,12.477815,13.590082,1.930772,1.491875
3.300000,2.700000,0.500000,12.667692,13.635790,1.776841,1.530696
3.300000,2.700000,0.500000,12.629105,13.441266,1.765616,1.592271
3.300000,2.700000,0.500000,12.690772,13.410904,1.647587,1.627367
3.300000,2.700000,0.500000,12.862360,13.243043,1.673023,1.759713
3.300000,2.700000,0.500000,12.986297,13.281616,1.677243,1.767953
3.300000,2.700000,0.500000,12.962969,13.120884,1.639687,1.721012
3.300000,2.700000,0.500000,13.061543,13.082579,1.564176,1.833123
3.300000,2.700000,0.500000,13.006159,13.131094,1.523683,1.807214
3.300000,2.700000,0.500000,13.105608,13.055183,1.580718,1.931004
3.300000,2.700000,0.500000,13.170596,12.985341,1.509313,1.897886
2.700000,2.700000,0.500000,12.896236,12.944414,1.501830,1.658186
2.700000,2.700000,0.500000,12.729115,12.892880,1.566940,1.794292
2.700000,2.700000,0.500000,12.429940,12.927048,1.407054,1.775210
2.700000,2.700000,0.500000,12.313686,12.825036,1.547164,1.627662
2.700000,2.700000,-0.500000,12.176327,12.695320,1.474146,1.634249
2.700000,2.700000,-0.500000,12.017635,12.627284,1.360015,1.418115
2.700000,3.300000,-0.500000,11.905108,12.734499,1.449464,1.361957
2.700000,3.300000,-0.500000,11.716142,12.695852,1.434300,1.264832
2.700000,3.300000,-0.500000,11.688562,12.806963,1.567192,1.163080
2.700000,3.300000,-0.500000,11.503228,12.898505,1.678223,1.130866
2.700000,3.300000,-0.500000,11.520625,12.921875,1.625974,1.177976
2.700000,3.300000,-0.500000,11.491019,12.845283,1.720778,1.078900
3.300000,3.300000,-0.500000,11.592404,13.005770,1.694471,1.121300
3.300000,3.300000,-0.500000,11.876873,13.033467,1.755092,1.193981
3.300000,3.300000,0.500000,11.993917,13.088604,1.875939,1.332506
3.300000,3.300000,0.500000,12.281770,13.190624,1.943377,1.495967
3.300000,3.300000,0.500000,12.349312,13.246822,2.000876,1.506495
3.300000,3.300000,0.500000,12.585127,13.359484,1.968709,1.557527
2.700000,3.300000,0.500000,12.421419,13.438217,1.991829,1.488764
2.700000,3.300000,0.500000,12.424862,13.453247,2.042375,1.432911
2.700000,3.300000,0.500000,12.280931,13.516851,2.002487,1.484190
2.700000,3.300000,0.500000,12.284494,13.588285,2.120233,1.473827
2.700000,3.300000,0.500000,12.144467,13.664454,2.031753,1.378472
2.700000,3.300000,0.500000,12.181864,13.636443,2.062842,1.369525
3.300000,2.700000,0.500000,12.402421,13.500545,2.006405,1.530205
3.300000,2.700000,0.500000,12.489889,13.410558,1.867737,1.629288
3.300000,2.700000,0.500000,12.703521,13.507830,1.922334,1.636582
3.300000,2.700000,0.500000,12.758343,13.248239,1.712891,1.622780
3.300000,2.700000,0.500000,12.857132,13.218573,1.735689,1.752168
3.300000,2.700000,0.500000,12.890941,13.140161,1.550545,1.787494
2.700000,3.300000,0.500000,12.767297,13.229081,1.767710,1.743309
2.700000,3.300000,0.500000,12.704611,13.357178,1.836317,1.667599
2.700000,3.300000,0.500000,12.590014,13.559260,1.919075,1.644331
2.700000,3.300000,0.500000,12.355837,13.569017,1.872387,1.541337
2.700000,3.300000,-0.500000,12.304518,13.665193,1.906040,1.555266
2.700000,3.300000,-0.500000,12.266715,13.622640,1.873964,1.403442
3.300000,3.300000,-0.500000,12.440469,13.768403,1.837661,1.381967
3.300000,3.300000,-0.500000,12.702739,13.765851,1.836713,1.361268
3.300000,3.300000,-0.500000,12.698503,13.884026,1.823977,1.432154
3.300000,3.300000,-0.500000,12.857044,13.826490,1.797512,1.355354
3.300000,3.300000,-0.500000,12.999920,13.820259,2.001775,1.439840
3.300000,3.300000,-0.500000,13.071732,13.967494,1.843705,1.431589
2.700000,3.300000,-0.500000,12.931078,13.989269,1.719387,1.319935
2.700000,3.300000,-0.500000,12.728475,13.912706,1.877773,1.278577
2.700000,3.300000,0.500000,12.686954,13.929950,1.850679,1.284915
2.700000,3.300000,0.500000,12.629206,13.911298,1.924778,1.341988
2.700000,3.300000,0.500000,12.549065,13.982941,1.953277,1.348504
2.700000,3.300000,0.500000,12.391668,13.933154,1.967036,1.384836
3.300000,2.700000,0.500000,12.681123,13.833949,1.926115,1.448445
3.300000,2.700000,0.500000,12.885048,13.645773,1.884798,1.516089
3.300000,2.700000,0.500000,12.836950,13.495994,1.715136,1.601823
3.300000,2.700000,0.500000,12.827737,13.416298,1.673255,1.588849
3.300000,2.700000,0.500000,12.986087,13.377199,1.626266,1.698268
3.300000,2.700000,0.500000,13.087992,13.255615,1.530427,1.825938
3.300000,3.300000,-0.500000,13.048754,13.423000,1.750013,1.719139
3.300000,3.300000,-0.500000,13.223235,13.474144,1.692291,1.708464
3.300000,3.300000,-0.500000,13.187736,13.520643,1.701211,1.620631
3.300000,3.300000,-0.500000,13.295857,13.606890,1.753898,1.575003
3.300000,3.300000,-0.500000,13.283982,13.667699,1.730051,1.580759
3.300000,3.300000,-0.500000,13.481752,13.733127,1.690344,1.554151
3.300000,3.300000,-0.500000,13.412919,13.818587,1.737665,1.569229
3.300000,3.300000,-0.500000,13.585441,13.948037,1.739734,1.426753
3.300000,3.300000,-0.500000,13.645667,13.979308,1.885608,1.487964
3.300000,3.300000,-0.500000,13.588617,13.993407,1.848217,1.464861
3.300000,3.300000,0.500000,13.714142,14.010132,1.880825,1.507938
3.300000,3.300000,0.500000,13.768337,14.114067,1.994508,1.628629
2.700000,3.300000,0.500000,13.743795,14.089632,1.913416,1.536602
2.700000,3.300000,0.500000,13.505233,14.185042,2.033481,1.615625
2.700000,3.300000,0.500000,13.312940,14.318067,1.980496,1.621864
2.700000,3.300000,0.500000,13.160417,14.285412,2.032975,1.521136
2.700000,3.300000,0.500000,13.055578,14.362634,2.084398,1.652488
2.700000,3.300000,0.500000,13.037714,14.375885,2.152351,1.454968
3.300000,2.700000,0.500000,13.132036,14.183668,1.847615,1.591457
3.300000,2.700000,0.500000,13.236093,14.156506,1.819124,1.635989
3.300000,2.700000,-0.500000,13.204662,13.830139,1.784270,1.629745
3.300000,2.700000,-0.500000,13.364271,13.880583,1.656318,1.671557
3.300000,2.700000,-0.500000,13.392384,13.716316,1.572258,1.547753
3.300000,2.700000,-0.500000,13.548838,13.680571,1.467975,1.607891
2.700000,2.700000,-0.500000,13.155566,13.431008,1.460964,1.445466
2.700000,2.700000,-0.500000,12.924364,13.401444,1.289356,1.296537
2.700000,2.700000,-0.500000,12.671653,13.260943,1.348530,1.278594
2.700000,2.700000,-0.500000,12.453578,13.001119,1.261435,1.162395
2.700000,2.700000,-0.500000,12.234609,12.951879,1.213509,1.103221
2.700000,2.700000,-0.500000,11.972188,12.800966,1.247967,1.044902
3.300000,3.300000,-0.500000,12.075995,12.701260,1.394644,1.203227
3.300000,3.300000,-0.500000,12.173318,12.761088,1.407302,1.138224
3.300000,3.300000,-0.500000,12.329841,12.849124,1.512687,1.251894
3.300000,3.300000,-0.500000,12.323747,12.947361,1.588145,1.234274
3.300000,3.300000,-0.500000,12.427989,12.948662,1.650209,1.321270
3.300000,3.300000,-0.500000,12.564752,13.087024,1.686904,1.315042
2.700000,2.700000,-0.500000,12.391329,12.973335,1.588315,1.256517
2.700000,2.700000,-0.500000,12.338985,12.782750,1.400932,1.192277
2.700000,2.700000,-0.500000,12.170165,12.697329,1.473540,1.127264
2.700000,2.700000,-0.500000,11.975159,12.542239,1.369665,1.064937
2.700000,2.700000,-0.500000,11.832673,12.520563,1.320948,0.919142
2.700000,2.700000,-0.500000,11.528274,12.343839,1.365561,0.994599
3.300000,2.700000,-0.500000,11.700267,12.201666,1.335837,1.074422
3.300000,2.700000,-0.500000,11.745137,12.079739,1.282485,1.141447
3.300000,2.700000,-0.500000,11.808723,12.013989,1.230999,1.137932
3.300000,2.700000,-0.500000,11.901645,11.831113,1.247571,1.251282
3.300000,2.700000,-0.500000,11.963725,11.954493,1.218300,1.284336
3.300000,2.700000,-0.500000,11.994129,11.789368,1.180414,1.286563
2.700000,2.700000,-0.500000,11.918081,11.613632,1.126452,1.171460
2.700000,2.700000,-0.500000,11.645678,11.643674,1.202315,1.201443
2.700000,2.700000,-0.500000,11.465768,11.482916,1.192748,1.055119
2.700000,2.700000,-0.500000,11.264586,11.438379,1.121709,1.118302
2.700000,2.700000,-0.500000,11.152368,11.267295,1.211053,1.012418
2.700000,2.700000,-0.500000,10.944244,11.267186,1.154056,1.065629
3.300000,3.300000,-0.500000,11.087113,11.306135,1.257032,1.082343
3.300000,3.300000,-0.500000,11.180834,11.396924,1.312709,1.023592
3.300000,3.300000,-0.500000,11.407815,11.535136,1.461881,1.165948
3.300000,3.300000,-0.500000,11.517586,11.645212,1.569325,1.159571
3.300000,3.300000,-0.500000,11.753797,11.803471,1.536778,1.242036
3.300000,3.300000,-0.500000,11.846350,11.956183,1.521095,1.261845
2.700000,3.300000,0.500000,11.762680,12.029350,1.672264,1.266977
2.700000,3.300000,0.500000,11.775017,12.082435,1.843969,1.302478
2.700000,3.300000,0.500000,11.724120,12.234410,1.754881,1.317392
2.700000,3.300000,0.500000,11.656201,12.387436,1.782898,1.310619
2.700000,3.300000,0.500000,11.720679,12.527559,1.981311,1.351817
2.700000,3.300000,0.500000,11.662536,12.579983,2.000275,1.288301
3.300000,3.300000,0.500000,11.990581,12.723562,2.060455,1.454757
3.300000,3.300000,0.500000,12.118327,12.815831,2.030649,1.537823
3.300000,3.300000,0.500000,12.378130,12.918391,2.081031,1.619400
3.300000,3.300000,0.500000,12.492046,12.881819,2.184950,1.653136
3.300000,3.300000,-0.500000,12.684740,13.133121,1.987744,1.658612
3.300000,3.300000,-0.500000,12.916677,13.167846,1.935507,1.536408
3.300000,2.700000,-0.500000,13.049719,13.080123,1.822035,1.603466
3.300000,2.700000,-0.500000,13.131549,13.040772,1.722875,1.559524
3.300000,2.700000,-0.500000,13.108132,12.993878,1.522144,1.592486
3.300000,2.700000,-0.500000,13.236787,12.879140,1.558830,1.449330
3.300000,2.700000,-0.500000,13.297750,12.765803,1.471801,1.497783
3.300000,2.700000,-0.500000,13.121439,12.871129,1.426985,1.400130
3.300000,3.300000,-0.500000,13.210384,12.915210,1.527060,1.500919
3.300000,3.300000,-0.500000,13.187216,12.984823,1.648271,1.492283
3.300000,3.300000,-0.500000,13.304443,13.076751,1.551121,1.446311
3.300000,3.300000,-0.500000,13.342179,13.157131,1.710751,1.419659
3.300000,3.300000,-0.500000,13.436377,13.294668,1.745194,1.375715
3.300000,3.300000,-0.500000,13.430554,13.348628,1.747764,1.426121
2.700000,3.300000,-0.500000,13.125788,13.436933,1.714584,1.355117
2.700000,3.300000,-0.500000,13.116736,13.365573,1.814146,1.223386
2.700000,3.300000,-0.500000,12.933783,13.393987,1.721858,1.138954
2.700000,3.300000,-0.500000,12.735911,13.470643,1.687089,1.167949
2.700000,3.300000,-0.500000,12.603217,13.348966,1.686863,1.109609
2.700000,3.300000,-0.500000,12.404075,13.371279,1.842996,0.954678
3.300000,3.300000,-0.500000,12.576364,13.389910,1.766867,1.197790
3.300000,3.300000,-0.500000,12.700527,13.470130,1.821104,1.156796
3.300000,3.300000,-0.500000,12.888703,13.512496,1.821992,1.125563
3.300000,3.300000,-0.500000,12.973241,13.453966,1.755758,1.208930
3.300000,3.300000,-0.500000,13.079058,13.527651,1.809374,1.270924
3.300000,3.300000,-0.500000,13.164424,13.558962,1.840551,1.305694
3.300000,2.700000,-0.500000,13.180600,13.428394,1.695603,1.329467
3.300000,2.700000,-0.500000,13.207846,13.208744,1.566402,1.317421
3.300000,2.700000,-0.500000,13.310528,13.149640,1.523325,1.318063
3.300000,2.700000,-0.500000,13.269316,13.062708,1.460204,1.361509
3.300000,2.700000,0.500000,13.315086,12.927833,1.419749,1.381459
3.300000,2.700000,0.500000,13.408759,12.921035,1.431084,1.549278
3.300000,2.700000,0.500000,13.336384,12.740161,1.475741,1.649686
3.300000,2.700000,0.500000,13.267943,12.781555,1.460525,1.648327
3.300000,2.700000,0.500000,13.199133,12.732877,1.405181,1.631319
3.300000,2.700000,0.500000,13.256737,12.642775,1.321775,1.804352
3.300000,2.700000,0.500000,13.133455,12.563105,1.416683,1.854573
3.300000,2.700000,0.500000,13.276043,12.549971,1.479960,1.765491
2.700000,3.300000,0.500000,13.052657,12.707398,1.606636,1.736970
2.700000,3.300000,0.500000,12.856518,12.850446,1.691820,1.772909
2.700000,3.300000,-0.500000,12.667104,13.060034,1.694983,1.530898
2.700000,3.300000,-0.500000,12.611924,13.059951,1.735081,1.331245
2.700000,3.300000,-0.500000,12.432918,13.150749,1.872723,1.377550
2.700000,3.300000,-0.500000,12.335503,13.228253,1.712582,1.297139
3.300000,2.700000,-0.500000,12.474120,13.135680,1.608458,1.319872
3.300000,2.700000,-0.500000,12.554005,13.045431,1.584622,1.259739
3.300000,2.700000,-0.500000,12.716506,12.816304,1.492823,1.383247
3.300000,2.700000,-0.500000,12.709857,12.740521,1.402889,1.325376
3.300000,2.700000,-0.500000,12.800705,12.718994,1.310149,1.406250
3.300000,2.700000,-0.500000,12.854339,12.592640,1.218150,1.428233
3.300000,2.700000,0.500000,12.831264,12.554031,1.242080,1.435198
3.300000,2.700000,0.500000,12.876935,12.381189,1.489611,1.494691
3.300000,2.700000,0.500000,12.899827,12.464739,1.489887,1.656188
3.300000,2.700000,0.500000,12.913608,12.367536,1.423465,1.561013
3.300000,2.700000,0.500000,12.848445,12.372334,1.449553,1.759410
3.300000,2.700000,0.500000,12.959110,12.322668,1.516367,1.772114
2.700000,3.300000,0.500000,12.621996,12.407316,1.557089,1.751602
2.700000,3.300000,0.500000,12.588668,12.680423,1.636190,1.660048
2.700000,3.300000,0.500000,12.392827,12.779550,1.781111,1.539030
2.700000,3.300000,0.500000,12.221841,12.800287,1.845662,1.626512
2.700000,3.300000,-0.500000,12.220204,13.011596,1.833701,1.419161
2.700000,3.300000,-0.500000,12.221449,13.107858,1.886300,1.466166
2.700000,2.700000,-0.500000,12.094488,12.914078,1.693151,1.298642
2.700000,2.700000,-0.500000,11.928658,12.758266,1.601142,1.218549
2.700000,2.700000,-0.500000,11.883587,12.660881,1.466496,1.174118
2.700000,2.700000,-0.500000,11.701635,12.520351,1.290236,1.173881
2.700000,2.700000,-0.500000,11.580381,12.422221,1.355504,1.041909
2.700000,2.700000,-0.500000,11.467168,12.317396,1.350721,1.026280
3.300000,3.300000,-0.500000,11.545093,12.386015,1.418500,1.091404
3.300000,3.300000,-0.500000,11.568192,12.435406,1.515478,1.169726
3.300000,3.300000,-0.500000,11.703783,12.494150,1.552689,1.134479
3.300000,3.300000,-0.500000,11.905445,12.510952,1.565709,1.248647
3.300000,3.300000,-0.500000,12.102223,12.652768,1.671565,1.232618
3.300000,3.300000,-0.500000,12.214641,12.668496,1.703731,1.219969
2.700000,3.300000,-0.500000,12.189838,12.847452,1.726168,1.171217
2.700000,3.300000,-0.500000,12.085349,12.842630,1.777496,1.129376
2.700000,3.300000,-0.500000,11.994570,12.847251,1.788053,1.131746
2.700000,3.300000,-0.500000,11.923139,12.895642,1.786310,1.054853
2.700000,3.300000,-0.500000,11.798056,12.910937,1.744082,1.021253
2.700000,3.300000,-0.500000,11.865981,12.961309,1.771342,1.047004
3.300000,2.700000,-0.500000,11.995840,12.787917,1.644715,1.155003
3.300000,2.700000,-0.500000,12.069122,12.642174,1.487038,1.187968
3.300000,2.700000,-0.500000,12.217937,12.491602,1.431397,1.155197
3.300000,2.700000,-0.500000,12.379610,12.371822,1.527649,1.222781
3.300000,2.700000,-0.500000,12.281781,12.274353,1.408192,1.165418
3.300000,2.700000,-0.500000,12.360538,12.277908,1.261052,1.269793
3.300000,3.300000,-0.500000,12.377285,12.406307,1.391365,1.316532
3.300000,3.300000,-0.500000,12.543495,12.477863,1.496269,1.294292
3.300000,3.300000,-0.500000,12.518877,12.539707,1.612566,1.350871
3.300000,3.300000,-0.500000,12.577628,12.695629,1.557048,1.264941
3.300000,3.300000,0.500000,12.717013,12.766313,1.724129,1.309025
3.300000,3.300000,0.500000,12.864454,12.778961,1.787628,1.542812
3.300000,2.700000,0.500000,13.009240,12.707396,1.695243,1.579766
3.300000,2.700000,0.500000,13.031243,12.612608,1.637230,1.527845
3.300000,2.700000,0.500000,13.096507,12.661159,1.629691,1.727959
3.300000,2.700000,0.500000,13.053070,12.585990,1.636952,1.697207
3.300000,2.700000,0.500000,13.211594,12.630258,1.571770,1.771950
3.300000,2.700000,0.500000,13.215350,12.540486,1.503308,1.814456
3.300000,2.700000,0.500000,13.186348,12.519115,1.531666,1.780344
3.300000,2.700000,0.500000,13.222976,12.432441,1.581196,1.852430
3.300000,2.700000,-0.500000,13.237782,12.490087,1.486888,1.792626
3.300000,2.700000,-0.500000,13.268110,12.424038,1.346884,1.762454
3.300000,2.700000,-0.500000,13.245109,12.579045,1.327015,1.714001
3.300000,2.700000,-0.500000,13.139519,12.362499,1.288765,1.597744
2.700000,3.300000,-0.500000,12.948394,12.580342,1.403116,1.524791
2.700000,3.300000,-0.500000,12.809360,12.719443,1.432815,1.458235
2.700000,3.300000,-0.500000,12.607789,12.756880,1.591958,1.362767
2.700000,3.300000,-0.500000,12.383913,12.829121,1.636861,1.179097
2.700000,3.300000,-0.500000,12.281695,12.847446,1.566078,1.215283
2.700000,3.300000,-0.500000,12.327583,13.095499,1.785798,1.144772
2.700000,3.300000,0.500000,11.969402,13.078355,1.707673,1.263169
2.700000,3.300000,0.500000,11.974926,12.985695,1.805784,1.229036
2.700000,3.300000,0.500000,11.942866,12.926696,1.888908,1.236993
2.700000,3.300000,0.500000,11.914851,13.073472,1.881529,1.317869
2.700000,3.300000,0.500000,11.909244,13.165060,1.966439,1.261148
2.700000,3.300000,0.500000,11.865590,13.124065,2.023698,1.239335
2.700000,3.300000,0.500000,11.826081,13.113329,1.972536,1.334464
2.700000,3.300000,0.500000,11.791849,13.285093,2.124568,1.333686
2.700000,3.300000,0.500000,11.811618,13.344434,2.102953,1.337682
2.700000,3.300000,0.500000,11.815786,13.470616,2.093967,1.318288
2.700000,3.300000,-0.500000,11.884273,13.486980,2.037524,1.334731
2.700000,3.300000,-0.500000,11.898250,13.556938,2.032048,1.204338
3.300000,2.700000,-0.500000,12.005453,13.452879,1.829515,1.236871
3.300000,2.700000,-0.500000,12.262350,13.260606,1.718813,1.314594
3.300000,2.700000,-0.500000,12.412113,13.070019,1.596941,1.371318
3.300000,2.700000,-0.500000,12.493132,12.967328,1.419137,1.323996
3.300000,2.700000,-0.500000,12.522304,12.753662,1.465819,1.323620
3.300000,2.700000,-0.500000,12.541004,12.685885,1.271587,1.288114
2.700000,2.700000,-0.500000,12.362982,12.552791,1.365653,1.236771
2.700000,2.700000,-0.500000,12.097710,12.497010,1.338876,1.199824
2.700000,2.700000,0.500000,11.987489,12.281062,1.391284,1.238628
2.700000,2.700000,0.500000,11.825737,12.294947,1.333181,1.334879
2.700000,2.700000,0.500000,11.583293,12.185504,1.469484,1.203148
2.700000,2.700000,0.500000,11.489473,12.186416,1.503912,1.219631
2.700000,3.300000,0.500000,11.390023,12.235765,1.533792,1.266501
2.700000,3.300000,0.500000,11.415374,12.417533,1.649867,1.374166
2.700000,3.300000,0.500000,11.361801,12.485661,1.729704,1.305323
2.700000,3.300000,0.500000,11.281062,12.608347,1.812828,1.311949
2.700000,3.300000,0.500000,11.221790,12.655181,1.905419,1.309819
2.700000,3.300000,0.500000,11.345612,12.681881,1.909282,1.360618
2.700000,2.700000,0.500000,11.242489,12.579699,1.769591,1.386657
2.700000,2.700000,0.500000,11.361452,12.636553,1.842643,1.443093
2.700000,2.700000,0.500000,11.244626,12.516398,1.789261,1.273644
2.700000,2.700000,0.500000,11.190920,12.388684,1.811541,1.397216
2.700000,2.700000,0.500000,11.095096,12.288785,1.708021,1.425476
2.700000,2.700000,0.500000,11.198842,12.307511,1.675284,1.330222
2.700000,2.700000,0.500000,11.096982,12.146132,1.589207,1.271793
2.700000,2.700000,0.500000,11.146295,12.156464,1.625279,1.549587
2.700000,2.700000,0.500000,11.081920,12.061135,1.573548,1.467005
2.700000,2.700000,0.500000,11.043110,12.064980,1.436235,1.443795
2.700000,2.700000,-0.500000,10.911693,11.896254,1.469005,1.367156
2.700000,2.700000,-0.500000,10.861218,11.858412,1.325739,1.276709
3.300000,3.300000,-0.500000,11.041355,11.948875,1.424560,1.299993
3.300000,3.300000,-0.500000,11.359215,12.088804,1.486759,1.283473
3.300000,3.300000,-0.500000,11.488274,12.272061,1.598057,1.247502
3.300000,3.300000,-0.500000,11.586834,12.287320,1.616662,1.356576
3.300000,3.300000,-0.500000,11.877128,12.428346,1.680221,1.393622
3.300000,3.300000,-0.500000,11.865728,12.500137,1.707678,1.336687
3.300000,2.700000,-0.500000,11.927026,12.374312,1.564962,1.340350
3.300000,2.700000,-0.500000,12.132140,12.414679,1.477602,1.424806
3.300000,2.700000,-0.500000,12.233125,12.187120,1.383567,1.378709
3.300000,2.700000,-0.500000,12.276907,12.339462,1.265619,1.388219
3.300000,2.700000,-0.500000,12.470676,12.171050,1.302663,1.266091
3.300000,2.700000,-0.500000,12.419914,12.149350,1.231154,1.414833
2.700000,3.300000,-0.500000,12.327529,12.248659,1.450699,1.308401
2.700000,3.300000,-0.500000,12.138156,12.248974,1.495630,1.235907
2.700000,3.300000,-0.500000,11.884631,12.377580,1.413296,1.165771
2.700000,3.300000,-0.500000,11.798503,12.396683,1.513840,1.172187
2.700000,3.300000,-0.500000,11.759557,12.449673,1.571357,1.123818
2.700000,3.300000,-0.500000,11.735253,12.479985,1.579362,1.042409
3.300000,3.300000,-0.500000,11.868058,12.431137,1.638165,1.116859
3.300000,3.300000,-0.500000,11.993458,12.622819,1.647001,1.140533
3.300000,3.300000,-0.500000,12.126688,12.616447,1.607969,1.303401
3.300000,3.300000,-0.500000,12.332068,12.697482,1.674466,1.177516
3.300000,3.300000,-0.500000,12.401915,12.694754,1.682592,1.313622
3.300000,3.300000,-0.500000,12.496116,12.795373,1.773112,1.247265
3.300000,2.700000,-0.500000,12.654393,12.675931,1.699489,1.221893
3.300000,2.700000,-0.500000,12.728704,12.577710,1.431732,1.339017
3.300000,2.700000,-0.500000,12.839743,12.553402,1.498748,1.333319
3.300000,2.700000,-0.500000,12.719375,12.426806,1.321230,1.336008
3.300000,2.700000,-0.500000,12.898597,12.276925,1.296355,1.297894
3.300000,2.700000,-0.500000,12.809261,12.173051,1.319202,1.410720
3.300000,2.700000,-0.500000,12.684194,12.160691,1.173080,1.430778
3.300000,2.700000,-0.500000,12.850849,12.090331,1.245705,1.399799
3.300000,2.700000,-0.500000,12.807348,12.053614,1.246273,1.412205
3.300000,2.700000,-0.500000,12.851696,11.888359,1.219914,1.340845
3.300000,2.700000,-0.500000,12.699711,11.899129,1.254081,1.322298
3.300000,2.700000,-0.500000,12.707506,11.771427,1.100499,1.391008
2.700000,3.300000,-0.500000,12.493193,12.075398,1.273147,1.265811
2.700000,3.300000,-0.500000,12.257691,12.140484,1.355944,1.200449
2.700000,3.300000,0.500000,12.152290,12.187104,1.565574,1.261434
2.700000,3.300000,0.500000,11.988299,12.284152,1.654797,1.244551
2.700000,3.300000,0.500000,11.988760,12.430225,1.732506,1.249362
2.700000,3.300000,0.500000,11.908382,12.547101,1.838376,1.279227
2.700000,2.700000,0.500000,11.872027,12.336328,1.822739,1.310580
2.700000,2.700000,0.500000,11.715666,12.307644,1.719144,1.212402
2.700000,2.700000,0.500000,11.696514,12.201540,1.599987,1.339738
2.700000,2.700000,0.500000,11.510744,12.125758,1.559924,1.421964
2.700000,2.700000,0.500000,11.535729,12.122131,1.554025,1.328621
2.700000,2.700000,0.500000,11.576102,11.953902,1.452821,1.300226
3.300000,3.300000,0.500000,11.637192,12.159105,1.567891,1.554872
3.300000,3.300000,0.500000,11.911465,12.455224,1.822194,1.597506
3.300000,3.300000,0.500000,12.028693,12.477701,1.773537,1.627066
3.300000,3.300000,0.500000,12.213563,12.398164,1.806176,1.665568
3.300000,3.300000,0.500000,12.361826,12.716207,2.003398,1.769820
3.300000,3.300000,0.500000,12.574660,12.899210,1.941436,1.794099
3.300000,3.300000,0.500000,12.676173,13.046020,1.954884,1.846675
3.300000,3.300000,0.500000,12.904927,13.211224,1.973306,1.824765
3.300000,3.300000,0.500000,13.096619,13.322267,2.009006,1.895155
3.300000,3.300000,0.500000,13.253230,13.414024,2.146865,1.810861
3.300000,3.300000,0.500000,13.299086,13.701810,2.120687,1.837906
3.300000,3.300000,0.500000,13.532984,13.732459,2.172807,1.903191
2.700000,2.700000,0.500000,13.373062,13.615286,2.031552,1.851974
2.700000,2.700000,0.500000,13.294969,13.545795,1.961821,1.815809
2.700000,2.700000,0.500000,13.108431,13.554600,1.819958,1.786455
2.700000,2.700000,0.500000,12.969671,13.431785,1.746933,1.670025
2.700000,2.700000,0.500000,12.868966,13.393219,1.660279,1.786881
2.700000,2.700000,0.500000,12.661127,13.179023,1.591092,1.557699
2.700000,2.700000,0.500000,12.561095,13.136900,1.591686,1.630187
2.700000,2.700000,0.500000,12.418124,13.049952,1.538979,1.624035
2.700000,2.700000,0.500000,12.225524,12.898454,1.626286,1.533154
2.700000,2.700000,0.500000,12.120389,12.870472,1.519197,1.534986
2.700000,2.700000,0.500000,12.001665,12.904229,1.587468,1.429317
2.700000,2.700000,0.500000,11.842528,12.723112,1.480586,1.555561
2.700000,2.700000,0.500000,11.863044,12.591588,1.482581,1.422704
2.700000,2.700000,0.500000,11.668382,12.621661,1.575334,1.521157
2.700000,2.700000,0.500000,11.563326,12.477882,1.477276,1.469146
2.700000,2.700000,0.500000,11.463875,12.485522,1.439209,1.355448
2.700000,2.700000,0.500000,11.376883,12.416049,1.439931,1.433662
2.700000,2.700000,0.500000,11.330771,12.299598,1.510948,1.498010
3.300000,3.300000,0.500000,11.526939,12.420719,1.713748,1.529351
3.300000,3.300000,0.500000,11.719779,12.538660,1.770481,1.708622
3.300000,3.300000,0.500000,11.900689,12.796600,1.761522,1.658648
3.300000,3.300000,0.500000,11.960554,12.934456,1.830644,1.807242
3.300000,3.300000,0.500000,12.167576,13.080393,1.977439,1.681299
3.300000,3.300000,0.500000,12.389484,13.168389,2.016348,1.836661
2.700000,3.300000,0.500000,12.330982,13.174332,1.987906,1.686946
2.700000,3.300000,0.500000,12.187393,13.322993,2.048126,1.664682
2.700000,3.300000,0.500000,12.188576,13.440987,2.037840,1.701985
2.700000,3.300000,0.500000,12.126951,13.613385,2.108227,1.559360
2.700000,3.300000,0.500000,12.092406,13.627780,2.080101,1.552796
2.700000,3.300000,0.500000,12.066162,13.652964,2.047466,1.546211
3.300000,2.700000,0.500000,12.329962,13.592412,2.022448,1.622429
3.300000,2.700000,0.500000,12.433305,13.521031,1.919272,1.715391
3.300000,2.700000,0.500000,12.639656,13.438109,1.861619,1.665343
3.300000,2.700000,0.500000,12.730961,13.279259,1.757078,1.801069
3.300000,2.700000,0.500000,12.896548,13.266646,1.604391,1.847468
3.300000,2.700000,0.500000,12.990263,13.185035,1.597585,1.807638
2.700000,3.300000,0.500000,12.713729,13.314885,1.719174,1.762471
2.700000,3.300000,0.500000,12.637411,13.377311,1.742478,1.695349
2.700000,3.300000,-0.500000,12.556858,13.499112,1.682058,1.578383
2.700000,3.300000,-0.500000,12.429440,13.644032,1.822361,1.491445
2.700000,3.300000,-0.500000,12.322105,13.636899,1.762962,1.409921
2.700000,3.300000,-0.500000,12.283703,13.850431,1.787142,1.451277
2.700000,2.700000,-0.500000,12.103621,13.540178,1.658251,1.254711
2.700000,2.700000,-0.500000,12.038041,13.318532,1.511881,1.125391
2.700000,2.700000,-0.500000,11.902030,13.022980,1.402214,1.119149
2.700000,2.700000,-0.500000,11.816697,13.045331,1.421818,1.099416
2.700000,2.700000,-0.500000,11.612275,12.856065,1.302668,0.985654
2.700000,2.700000,-0.500000,11.447369,12.693707,1.282490,1.033151
2.700000,3.300000,0.500000,11.353921,12.670447,1.491476,1.041869
2.700000,3.300000,0.500000,11.369393,12.739730,1.621286,1.173072
2.700000,3.300000,0.500000,11.263627,12.836473,1.697354,1.265777
2.700000,3.300000,0.500000,11.277780,12.819632,1.751610,1.301529
2.700000,3.300000,0.500000,11.241924,12.901075,1.956412,1.354702
2.700000,3.300000,0.500000,11.299778,12.956125,1.948567,1.315983
3.300000,3.300000,0.500000,11.614501,13.017694,1.996245,1.358120
3.300000,3.300000,0.500000,11.705098,13.118209,2.002073,1.459454
3.300000,3.300000,0.500000,12.052841,13.246011,1.991590,1.548863
3.300000,3.300000,0.500000,12.185430,13.239939,1.962562,1.618444
3.300000,3.300000,-0.500000,12.412607,13.326356,2.024071,1.584576
3.300000,3.300000,-0.500000,12.654312,13.515276,1.908328,1.596931
3.300000,2.700000,-0.500000,12.775809,13.284039,1.680457,1.630904
3.300000,2.700000,-0.500000,12.953402,13.199651,1.723137,1.402569
3.300000,2.700000,-0.500000,12.998652,13.150627,1.493496,1.457757
3.300000,2.700000,-0.500000,13.000929,13.098273,1.529718,1.509762
3.300000,2.700000,-0.500000,13.074200,12.939373,1.383190,1.497950
3.300000,2.700000,-0.500000,13.097840,12.849025,1.349410,1.466063
3.300000,3.300000,-0.500000,13.044912,12.864897,1.534725,1.479803
3.300000,3.300000,-0.500000,13.049015,13.122610,1.567295,1.527963
3.300000,3.300000,-0.500000,13.038261,13.105414,1.582792,1.353248
3.300000,3.300000,-0.500000,13.074333,13.205842,1.582341,1.480277
3.300000,3.300000,-0.500000,13.122199,13.301814,1.615672,1.412103
3.300000,3.300000,-0.500000,13.325499,13.339405,1.737384,1.411536
3.300000,2.700000,-0.500000,13.312646,13.207789,1.497116,1.384247
3.300000,2.700000,-0.500000,13.282842,13.130837,1.503649,1.455707
3.300000,2.700000,-0.500000,13.280696,13.027451,1.413075,1.466043
3.300000,2.700000,-0.500000,13.314500,12.978926,1.319255,1.457975
3.300000,2.700000,-0.500000,13.227819,12.868614,1.302730,1.423467
3.300000,2.700000,-0.500000,13.198879,12.694544,1.241650,1.476992
3.300000,3.300000,-0.500000,13.152615,12.822329,1.265847,1.344373
3.300000,3.300000,-0.500000,13.143651,12.861901,1.437677,1.379047
3.300000,3.300000,-0.500000,13.084783,12.942951,1.497634,1.385501
3.300000,3.300000,-0.500000,13.145755,13.103963,1.512148,1.403139
3.300000,3.300000,-0.500000,13.236068,13.054028,1.630542,1.336918
3.300000,3.300000,-0.500000,13.218332,13.249631,1.674798,1.347892
2.700000,3.300000,-0.500000,13.033190,13.263677,1.652530,1.328148
2.700000,3.300000,-0.500000,12.976554,13.301515,1.689157,1.176930
2.700000,3.300000,-0.500000,12.772527,13.372749,1.595924,1.172724
2.700000,3.300000,-0.500000,12.579105,13.226581,1.766416,1.039554
2.700000,3.300000,0.500000,12.440803,13.489313,1.788582,1.089278
2.700000,3.300000,0.500000,12.326051,13.387862,1.825101,1.188847
2.700000,2.700000,0.500000,12.224751,13.256574,1.741304,1.280635
2.700000,2.700000,0.500000,12.184169,13.019998,1.701202,1.287013
2.700000,2.700000,0.500000,12.083993,13.018211,1.710748,1.249435
2.700000,2.700000,0.500000,12.065811,12.777624,1.600785,1.334425
2.700000,2.700000,0.500000,11.968572,12.704221,1.572714,1.351963
2.700000,2.700000,0.500000,11.774751,12.639261,1.627097,1.279601
2.700000,3.300000,0.500000,11.686838,12.722941,1.740705,1.342043
2.700000,3.300000,0.500000,11.590899,12.798299,1.770255,1.277013
2.700000,3.300000,-0.500000,11.623218,12.758771,1.808365,1.233206
2.700000,3.300000,-0.500000,11.459882,12.971498,1.759801,1.153655
2.700000,3.300000,-0.500000,11.515823,12.961707,1.743433,1.193974
2.700000,3.300000,-0.500000,11.483973,13.060993,1.821867,1.101781
3.300000,3.300000,-0.500000,11.727171,12.989688,1.770426,1.144920
3.300000,3.300000,-0.500000,11.957954,13.134826,1.837002,1.169065
3.300000,3.300000,-0.500000,12.109254,13.164648,1.866925,1.216339
3.300000,3.300000,-0.500000,12.293892,13.283344,1.704687,1.285103
3.300000,3.300000,-0.500000,12.483345,13.204031,1.805091,1.246639
3.300000,3.300000,-0.500000,12.582814,13.290075,1.783616,1.316152
3.300000,2.700000,-0.500000,12.741437,13.195341,1.704541,1.371485
3.300000,2.700000,-0.500000,12.701108,13.075574,1.550813,1.318898
3.300000,2.700000,-0.500000,12.852210,13.011513,1.349761,1.375361
3.300000,2.700000,-0.500000,12.841429,12.847182,1.482889,1.290352
3.300000,2.700000,-0.500000,12.870635,12.772465,1.363730,1.294329
3.300000,2.700000,-0.500000,12.901929,12.613263,1.363989,1.374683
3.300000,2.700000,-0.500000,12.862387,12.577409,1.282298,1.404769
3.300000,2.700000,-0.500000,12.889280,12.447091,1.287613,1.461926
3.300000,2.700000,-0.500000,12.911314,12.457868,1.227556,1.426113
3.300000,2.700000,-0.500000,12.944280,12.312175,1.276968,1.411310
3.300000,2.700000,0.500000,12.917579,12.235874,1.218158,1.482068
3.300000,2.700000,0.500000,12.821879,12.082164,1.368342,1.532901
3.300000,2.700000,0.500000,12.856578,12.130926,1.276523,1.589510
3.300000,2.700000,0.500000,12.947716,12.085478,1.377480,1.645725
3.300000,2.700000,0.500000,12.885103,12.157063,1.494944,1.699724
3.300000,2.700000,0.500000,12.930224,12.065456,1.436121,1.788390
3.300000,2.700000,0.500000,12.982206,12.123803,1.405418,1.718023
3.300000,2.700000,0.500000,12.870110,12.110721,1.391536,1.796872
3.300000,3.300000,0.500000,12.920106,12.415294,1.614254,1.906222
3.300000,3.300000,0.500000,13.056147,12.515400,1.589456,1.841984
3.300000,3.300000,0.500000,13.056314,12.647354,1.795639,1.882005
3.300000,3.300000,0.500000,13.218498,12.915066,1.856473,2.057215
3.300000,3.300000,0.500000,13.282323,13.108958,1.914360,1.911039
3.300000,3.300000,0.500000,13.463970,13.269077,1.927685,1.922479
3.300000,2.700000,0.500000,13.555391,13.168821,1.785380,1.938945
3.300000,2.700000,0.500000,13.567976,13.085567,1.798476,1.903262
3.300000,2.700000,0.500000,13.620564,13.235934,1.777930,1.908510
3.300000,2.700000,0.500000,13.585501,13.102968,1.702727,1.994759
3.300000,2.700000,0.500000,13.685760,13.066413,1.612815,1.904934
3.300000,2.700000,0.500000,13.670444,13.059687,1.604690,2.078022
2.700000,3.300000,-0.500000,13.497706,13.181289,1.522138,1.796940
2.700000,3.300000,-0.500000,13.234494,13.214717,1.676844,1.678781
2.700000,3.300000,-0.500000,13.029286,13.326963,1.688286,1.633632
2.700000,3.300000,-0.500000,12.915016,13.446247,1.757498,1.425169
2.700000,3.300000,-0.500000,12.743086,13.512578,1.711310,1.392317
2.700000,3.300000,-0.500000,12.550530,13.431900,1.721347,1.278889
2.700000,3.300000,-0.500000,12.485955,13.551045,1.771526,1.257067
2.700000,3.300000,-0.500000,12.371479,13.564802,1.677476,1.114226
2.700000,3.300000,-0.500000,12.275937,13.569369,1.709165,1.124568
2.700000,3.300000,-0.500000,12.228814,13.639084,1.797197,1.019954
2.700000,3.300000,-0.500000,12.083078,13.476161,1.835911,1.036265
2.700000,3.300000,-0.500000,12.005500,13.531864,1.792758,1.087572
3.300000,3.300000,-0.500000,12.120003,13.494367,1.827230,1.148368
3.300000,3.300000,-0.500000,12.354190,13.439924,1.733685,1.159381
3.300000,3.300000,-0.500000,12.481411,13.501365,1.836772,1.172083
3.300000,3.300000,-0.500000,12.533820,13.462255,1.727963,1.178430
3.300000,3.300000,-0.500000,12.715487,13.512332,1.760146,1.233556
3.300000,3.300000,-0.500000,12.739041,13.683312,1.807860,1.326768
2.700000,3.300000,-0.500000,12.575998,13.572636,1.793657,1.233914
2.700000,3.300000,-0.500000,12.500707,13.448581,1.763999,1.111500
2.700000,3.300000,0.500000,12.362520,13.475203,1.899478,1.195406
2.700000,3.300000,0.500000,12.345737,13.566420,1.919778,1.304781
2.700000,3.300000,0.500000,12.344446,13.605285,1.894002,1.191476
2.700000,3.300000,0.500000,12.201834,13.652622,2.016958,1.335821
3.300000,3.300000,0.500000,12.405891,13.702256,1.999294,1.408835
3.300000,3.300000,0.500000,12.592358,13.799772,2.048358,1.402625
3.300000,3.300000,0.500000,12.799825,13.659568,2.077958,1.586386
3.300000,3.300000,0.500000,12.846008,13.831059,2.235778,1.581627
3.300000,3.300000,0.500000,13.118253,13.962104,2.085866,1.664068
3.300000,3.300000,0.500000,13.211430,14.075127,2.041303,1.724231
3.300000,2.700000,-0.500000,13.307740,13.936191,1.902886,1.627663
3.300000,2.700000,-0.500000,13.405659,13.764166,1.824044,1.611645
3.300000,2.700000,-0.500000,13.417018,13.628870,1.676195,1.553511
3.300000,2.700000,-0.500000,13.456322,13.541846,1.557355,1.535606
3.300000,2.700000,-0.500000,13.499698,13.311349,1.505663,1.567812
3.300000,2.700000,-0.500000,13.447729,13.304525,1.395428,1.493058
3.300000,2.700000,-0.500000,13.364513,13.202834,1.323383,1.489806
3.300000,2.700000,-0.500000,13.408654,13.071871,1.227571,1.531489
3.300000,2.700000,-0.500000,13.341972,13.060869,1.281902,1.426019
3.300000,2.700000,-0.500000,13.328897,12.887721,1.236211,1.362480
3.300000,2.700000,-0.500000,13.142127,12.867998,1.188441,1.414422
3.300000,2.700000,-0.500000,13.132478,12.725202,1.067265,1.584256
2.700000,3.300000,-0.500000,12.877773,12.888871,1.226163,1.319425
2.700000,3.300000,-0.500000,12.595321,12.903307,1.452512,1.217779
2.700000,3.300000,-0.500000,12.466682,12.897266,1.568798,1.237550
2.700000,3.300000,-0.500000,12.366709,12.944815,1.594273,1.205156
2.700000,3.300000,-0.500000,12.112407,13.018258,1.598560,1.193741
2.700000,3.300000,-0.500000,12.043073,12.994890,1.588601,1.114261
2.700000,2.700000,-0.500000,11.863867,12.833040,1.495778,0.926153
2.700000,2.700000,-0.500000,11.821298,12.719185,1.451616,1.065856
2.700000,2.700000,0.500000,11.656550,12.637035,1.529163,1.045171
2.700000,2.700000,0.500000,11.471640,12.396961,1.516675,1.196671
2.700000,2.700000,0.500000,11.616566,12.343097,1.545670,1.175278
2.700000,2.700000,0.500000,11.355563,12.211642,1.519825,1.215549
3.300000,2.700000,0.500000,11.535806,12.153536,1.508641,1.333214
3.300000,2.700000,0.500000,11.786860,12.059075,1.440442,1.504004
3.300000,2.700000,0.500000,11.912650,12.016546,1.481110,1.616480
3.300000,2.700000,0.500000,12.055549,11.926441,1.489392,1.572011
3.300000,2.700000,0.500000,12.046915,11.941747,1.482992,1.606035
3.300000,2.700000,0.500000,12.205365,12.061788,1.491334,1.705307
3.300000,3.300000,0.500000,12.372961,12.168822,1.617307,1.811113
3.300000,3.300000,0.500000,12.490792,12.370465,1.694083,1.758360
3.300000,3.300000,0.500000,12.585781,12.672384,1.881656,1.858067
3.300000,3.300000,0.500000,12.789673,12.799554,1.883121,1.791788
3.300000,3.300000,0.500000,12.919504,12.861350,1.956617,1.914529
3.300000,3.300000,0.500000,13.107909,13.036864,1.915376,1.918375
2.700000,3.300000,0.500000,13.007011,13.078424,1.945413,1.870123
2.700000,3.300000,0.500000,12.868759,13.336268,2.024654,1.800142
2.700000,3.300000,0.500000,12.732914,13.454477,2.003376,1.730519
2.700000,3.300000,0.500000,12.662855,13.484479,2.057652,1.681382
2.700000,3.300000,0.500000,12.652653,13.626173,2.107445,1.629674
2.700000,3.300000,0.500000,12.650144,13.697751,2.135716,1.626983
3.300000,2.700000,0.500000,12.765491,13.578138,1.953827,1.624018
3.300000,2.700000,0.500000,12.848533,13.490144,1.766126,1.632682
3.300000,2.700000,0.500000,13.046069,13.316878,1.747679,1.734233
3.300000,2.700000,0.500000,13.034151,13.216112,1.647243,1.820217
3.300000,2.700000,0.500000,13.105108,13.153287,1.629766,1.810531
3.300000,2.700000,0.500000,13.212027,13.175872,1.603905,1.810349
2.700000,3.300000,0.500000,13.042316,13.305039,1.749225,1.764960
2.700000,3.300000,0.500000,12.918090,13.496956,1.793553,1.683569
2.700000,3.300000,0.500000,12.835794,13.534910,1.839114,1.706002
2.700000,3.300000,0.500000,12.688764,13.497027,2.020865,1.774049
2.700000,3.300000,0.500000,12.691266,13.766290,1.971582,1.677198
2.700000,3.300000,0.500000,12.507743,13.843092,2.010120,1.510201
3.300000,3.300000,0.500000,12.677496,13.746856,2.137408,1.696289
3.300000,3.300000,0.500000,12.905608,13.911760,2.079343,1.680818
3.300000,3.300000,0.500000,13.025800,13.944237,2.146459,1.749906
3.300000,3.300000,0.500000,13.234934,14.167617,2.124177,1.838319
3.300000,3.300000,0.500000,13.437116,14.171697,2.162650,1.855872
3.300000,3.300000,0.500000,13.498613,14.279789,2.112247,1.905015
2.700000,3.300000,0.500000,13.432427,14.452752,2.049560,1.823007
2.700000,3.300000,0.500000,13.360618,14.409598,2.146813,1.676358
2.700000,3.300000,0.500000,13.341864,14.346199,2.006452,1.716143
2.700000,3.300000,0.500000,13.158908,14.540457,2.026157,1.730581
2.700000,3.300000,0.500000,13.091947,14.548998,2.048234,1.611456
2.700000,3.300000,0.500000,12.923307,14.475411,2.138886,1.646633
2.700000,3.300000,0.500000,12.898351,14.510372,2.098332,1.634379
2.700000,3.300000,0.500000,12.834528,14.636295,2.129093,1.606276
2.700000,3.300000,0.500000,12.777336,14.604706,2.215480,1.561976
2.700000,3.300000,0.500000,12.771276,14.623555,2.126184,1.506929
2.700000,3.300000,0.500000,12.603677,14.658125,2.199070,1.491221
2.700000,3.300000,0.500000,12.598056,14.680921,2.222746,1.514948
2.700000,2.700000,0.500000,12.488478,14.511007,2.075428,1.522028
2.700000,2.700000,0.500000,12.505871,14.491360,1.859510,1.445102
2.700000,2.700000,0.500000,12.332738,14.151177,1.746457,1.414691
2.700000,2.700000,0.500000,12.260751,14.054716,1.706294,1.479140
2.700000,2.700000,0.500000,12.205917,13.814824,1.590283,1.391295
2.700000,2.700000,0.500000,12.125147,13.791700,1.693532,1.540993
2.700000,2.700000,0.500000,12.041161,13.543394,1.681663,1.528581
2.700000,2.700000,0.500000,11.897718,13.401917,1.617381,1.504975
2.700000,2.700000,0.500000,11.713923,13.327926,1.607610,1.459465
2.700000,2.700000,0.500000,11.609717,13.227203,1.602165,1.414573
2.700000,2.700000,0.500000,11.487757,13.165108,1.448292,1.364592
2.700000,2.700000,0.500000,11.526965,12.975645,1.508393,1.390755
3.300000,2.700000,0.500000,11.582276,12.989617,1.500280,1.478318
3.300000,2.700000,0.500000,11.776904,12.915961,1.570256,1.617302
3.300000,2.700000,0.500000,11.866460,12.727776,1.449822,1.668558
3.300000,2.700000,0.500000,11.997296,12.699412,1.512991,1.785077
3.300000,2.700000,0.500000,12.175486,12.659639,1.532017,1.629649
3.300000,2.700000,0.500000,12.228663,12.596191,1.464722,1.703105
3.300000,3.300000,0.500000,12.350426,12.903894,1.696681,1.732506
3.300000,3.300000,0.500000,12.362181,13.006876,1.756135,1.817812
3.300000,3.300000,0.500000,12.502123,13.078813,1.870618,1.789238
3.300000,3.300000,0.500000,12.710433,13.283603,1.883977,1.907046
3.300000,3.300000,0.500000,12.853581,13.453941,1.903193,1.869328
3.300000,3.300000,0.500000,12.887360,13.518338,1.982961,1.871499
2.700000,3.300000,0.500000,12.823710,13.617894,1.946245,1.819484
2.700000,3.300000,0.500000,12.677110,13.812964,2.007605,1.797023
2.700000,3.300000,0.500000,12.586942,13.870937,2.035602,1.632312
2.700000,3.300000,0.500000,12.494418,13.906225,2.168486,1.559155
2.700000,3.300000,0.500000,12.364107,14.020521,2.107518,1.614371
2.700000,3.300000,0.500000,12.375258,14.162283,2.192574,1.506254
3.300000,3.300000,0.500000,12.537863,14.102435,2.144509,1.556369
3.300000,3.300000,0.500000,12.674071,14.206585,2.143234,1.681971
3.300000,3.300000,0.500000,12.950421,14.186145,2.166372,1.710915
3.300000,3.300000,0.500000,13.133797,14.366806,2.141381,1.726654
3.300000,3.300000,0.500000,13.213049,14.434078,2.164780,1.762625
3.300000,3.300000,0.500000,13.411862,14.504653,2.167624,1.935702
3.300000,3.300000,0.500000,13.591148,14.584202,2.192418,1.860299
3.300000,3.300000,0.500000,13.640500,14.621397,2.104156,1.829206
3.300000,3.300000,-0.500000,13.841421,14.642438,2.132577,1.805798
3.300000,3.300000,-0.500000,13.843236,14.856511,2.096615,1.727000
3.300000,3.300000,-0.500000,14.023004,14.869640,2.010800,1.613982
3.300000,3.300000,-0.500000,14.044354,14.796138,2.002329,1.718492
2.700000,2.700000,-0.500000,13.946980,14.659556,1.858995,1.515573
2.700000,2.700000,-0.500000,13.652416,14.563952,1.693175,1.462223
2.700000,2.700000,-0.500000,13.481263,14.303741,1.613270,1.471162
2.700000,2.700000,-0.500000,13.228216,14.135616,1.539008,1.266066
2.700000,2.700000,-0.500000,13.040023,13.992493,1.419885,1.211693
2.700000,2.700000,-0.500000,12.781890,13.756558,1.307779,1.049571
2.700000,2.700000,0.500000,12.586131,13.541090,1.332297,1.126506
2.700000,2.700000,0.500000,12.417369,13.387551,1.421467,1.266912
2.700000,2.700000,0.500000,12.321908,13.305035,1.418850,1.328602
2.700000,2.700000,0.500000,12.073942,13.038149,1.452459,1.351794
2.700000,2.700000,0.500000,11.889587,13.002264,1.432182,1.351145
2.700000,2.700000,0.500000,11.812098,12.940544,1.374929,1.428293
3.300000,2.700000,0.500000,11.871463,12.760301,1.420763,1.434804
3.300000,2.700000,0.500000,12.045749,12.711104,1.447664,1.421857
3.300000,2.700000,0.500000,12.116061,12.571552,1.440810,1.532141
3.300000,2.700000,0.500000,12.195360,12.468299,1.423956,1.644854
3.300000,2.700000,-0.500000,12.288959,12.499918,1.359187,1.460445
3.300000,2.700000,-0.500000,12.346876,12.388113,1.302353,1.614047
3.300000,2.700000,-0.500000,12.459337,12.480772,1.320097,1.575770
3.300000,2.700000,-0.500000,12.567218,12.319112,1.303341,1.624577
3.300000,2.700000,-0.500000,12.450798,12.300618,1.217094,1.488578
3.300000,2.700000,-0.500000,12.546195,12.331454,1.199440,1.515271
3.300000,2.700000,-0.500000,12.453876,12.135071,1.244143,1.446557
3.300000,2.700000,-0.500000,12.585701,12.173249,1.239876,1.553819
2.700000,3.300000,-0.500000,12.265780,12.344445,1.183498,1.393489
2.700000,3.300000,-0.500000,12.162608,12.464674,1.540674,1.233591
2.700000,3.300000,0.500000,11.958129,12.550467,1.578150,1.164086
2.700000,3.300000,0.500000,11.844839,12.654542,1.607922,1.457732
2.700000,3.300000,0.500000,11.790036,12.722175,1.794704,1.336314
2.700000,3.300000,0.500000,11.774167,12.759515,1.741191,1.387144
2.700000,2.700000,0.500000,11.740366,12.603596,1.830157,1.386787
2.700000,2.700000,0.500000,11.759077,12.559487,1.606483,1.437523
2.700000,2.700000,0.500000,11.638337,12.463780,1.608061,1.485704
2.700000,2.700000,0.500000,11.574335,12.417682,1.759050,1.396869
2.700000,2.700000,0.500000,11.492187,12.351570,1.511112,1.388344
2.700000,2.700000,0.500000,11.509191,12.259429,1.659390,1.386158
3.300000,3.300000,-0.500000,11.624694,12.364782,1.652951,1.469443
3.300000,3.300000,-0.500000,11.818261,12.546335,1.659149,1.425690
3.300000,3.300000,-0.500000,11.922580,12.662187,1.689979,1.377626
3.300000,3.300000,-0.500000,12.058170,12.746485,1.738616,1.417490
3.300000,3.300000,-0.500000,12.284567,12.804424,1.755693,1.362680
3.300000,3.300000,-0.500000,12.383742,12.958973,1.732060,1.412756
3.300000,2.700000,-0.500000,12.638087,12.873305,1.599089,1.403384
3.300000,2.700000,-0.500000,12.702333,12.732720,1.514932,1.483939
3.300000,2.700000,-0.500000,12.651422,12.682002,1.343888,1.391743
3.300000,2.700000,-0.500000,12.759044,12.585078,1.306317,1.363699
3.300000,2.700000,0.500000,12.804044,12.478448,1.352363,1.492992
3.300000,2.700000,0.500000,12.855786,12.438681,1.353027,1.634964
2.700000,2.700000,0.500000,12.639862,12.398309,1.448193,1.555299
2.700000,2.700000,0.500000,12.410627,12.331661,1.395898,1.529402
2.700000,2.700000,0.500000,12.162440,12.345954,1.552764,1.516205
2.700000,2.700000,0.500000,12.131456,12.204769,1.519899,1.503260
2.700000,2.700000,0.500000,11.824434,12.088480,1.442767,1.435719
2.700000,2.700000,0.500000,11.874569,12.141284,1.477181,1.365210
3.300000,2.700000,0.500000,11.991047,12.067365,1.451097,1.496702
3.300000,2.700000,0.500000,12.041411,12.158432,1.419492,1.640429
3.300000,2.700000,-0.500000,12.179201,12.099120,1.421350,1.658616
3.300000,2.700000,-0.500000,12.323942,12.047905,1.261050,1.581724
3.300000,2.700000,-0.500000,12.324798,12.116514,1.442926,1.581789
3.300000,2.700000,-0.500000,12.365404,11.907491,1.287068,1.482274
3.300000,2.700000,-0.500000,12.425390,11.926510,1.218108,1.508558
3.300000,2.700000,-0.500000,12.366177,11.904437,1.213544,1.529453
3.300000,2.700000,-0.500000,12.518297,11.850498,1.089831,1.459772
3.300000,2.700000,-0.500000,12.437305,11.913407,1.239415,1.457762
3.300000,2.700000,-0.500000,12.437392,11.943536,1.208307,1.502980
3.300000,2.700000,-0.500000,12.553664,11.828698,1.234306,1.409076
2.700000,3.300000,0.500000,12.360260,12.021348,1.418925,1.466529
2.700000,3.300000,0.500000,12.240918,12.215008,1.506700,1.453098
2.700000,3.300000,0.500000,12.050189,12.334090,1.733446,1.457777
2.700000,3.300000,0.500000,11.983122,12.465642,1.827993,1.413916
2.700000,3.300000,0.500000,11.891207,12.507933,1.794048,1.314230
2.700000,3.300000,0.500000,11.842214,12.578756,1.875047,1.456520
3.300000,3.300000,0.500000,12.093527,12.664343,1.993635,1.498364
3.300000,3.300000,0.500000,12.293478,12.934479,1.965827,1.611575
3.300000,3.300000,0.500000,12.425327,12.930884,2.002619,1.684742
3.300000,3.300000,0.500000,12.641561,13.137070,2.022465,1.597052
3.300000,3.300000,0.500000,12.808982,13.207250,2.062357,1.731600
3.300000,3.300000,0.500000,12.943764,13.314972,2.075568,1.757140
3.300000,2.700000,0.500000,12.999205,13.226735,1.998256,1.895270
3.300000,2.700000,0.500000,13.233563,13.123320,1.803577,1.797813
3.300000,2.700000,0.500000,13.252670,13.061744,1.788847,1.830508
3.300000,2.700000,0.500000,13.338029,13.117338,1.684541,1.814835
3.300000,2.700000,0.500000,13.432028,13.061984,1.620918,1.871635
3.300000,2.700000,0.500000,13.439146,12.905275,1.685441,2.015376
2.700000,3.300000,0.500000,13.198109,13.040096,1.614519,1.899718
2.700000,3.300000,0.500000,13.103637,13.347057,1.768661,1.828014
2.700000,3.300000,0.500000,12.891753,13.341914,1.801610,1.673497
2.700000,3.300000,0.500000,12.832342,13.539860,2.009927,1.711758
2.700000,3.300000,0.500000,12.716600,13.580929,1.994097,1.563415
2.700000,3.300000,0.500000,12.567167,13.628411,2.074533,1.602571
3.300000,3.300000,0.500000,12.783219,13.857810,2.075328,1.638916
3.300000,3.300000,0.500000,12.869340,13.921115,2.115004,1.775925
3.300000,3.300000,0.500000,13.157626,13.946867,2.136321,1.786484
3.300000,3.300000,0.500000,13.171193,14.070310,2.085025,1.760354
3.300000,3.300000,0.500000,13.381892,14.180562,2.053889,1.777884
3.300000,3.300000,0.500000,13.407720,14.130712,2.133574,1.822197
3.300000,2.700000,-0.500000,13.458119,14.170302,1.878939,1.819241
3.300000,2.700000,-0.500000,13.610787,14.052258,1.774529,1.673205
3.300000,2.700000,-0.500000,13.698172,13.938030,1.645160,1.626395
3.300000,2.700000,-0.500000,13.720522,13.803747,1.527358,1.662972
3.300000,2.700000,-0.500000,13.667949,13.689425,1.524649,1.653976
3.300000,2.700000,-0.500000,13.747836,13.613669,1.403098,1.571109
2.700000,3.300000,-0.500000,13.427780,13.614005,1.533977,1.448276
2.700000,3.300000,-0.500000,13.221521,13.730268,1.542338,1.411176
2.700000,3.300000,-0.500000,12.962172,13.739053,1.711608,1.375282
2.700000,3.300000,-0.500000,12.756535,13.761615,1.731045,1.237548
2.700000,3.300000,-0.500000,12.673057,13.723864,1.694644,1.205084
2.700000,3.300000,-0.500000,12.552723,13.756611,1.711209,1.115359
2.700000,2.700000,-0.500000,12.323644,13.538832,1.573283,1.101186
2.700000,2.700000,-0.500000,12.173830,13.265832,1.466639,1.040348
2.700000,2.700000,-0.500000,12.074001,13.238753,1.466985,0.986037
2.700000,2.700000,-0.500000,11.896813,12.917274,1.459126,0.976435
2.700000,2.700000,-0.500000,11.760034,12.799362,1.264514,1.014665
2.700000,2.700000,-0.500000,11.630792,12.657748,1.321227,0.873257
2.700000,2.700000,-0.500000,11.503077,12.419926,1.356644,0.930675
2.700000,2.700000,-0.500000,11.297944,12.299743,1.212592,0.885435
2.700000,2.700000,0.500000,11.215130,12.104995,1.335959,0.978685
2.700000,2.700000,0.500000,11.130281,12.091087,1.429267,1.152404
2.700000,2.700000,0.500000,11.073738,11.895321,1.418229,1.163705
2.700000,2.700000,0.500000,11.064864,11.862522,1.410180,1.177368
3.300000,2.700000,0.500000,11.114446,11.837684,1.460814,1.246510
3.300000,2.700000,0.500000,11.341496,11.689347,1.485538,1.430061
3.300000,2.700000,0.500000,11.515039,11.617615,1.527671,1.493103
3.300000,2.700000,0.500000,11.595157,11.738078,1.486666,1.546222
3.300000,2.700000,0.500000,11.703110,11.757306,1.417238,1.601574
3.300000,2.700000,0.500000,11.794272,11.809359,1.424013,1.766504
2.700000,3.300000,-0.500000,11.698796,11.868082,1.491918,1.504430
2.700000,3.300000,-0.500000,11.608499,12.050518,1.445479,1.532151
2.700000,3.300000,-0.500000,11.552235,12.263702,1.549343,1.344607
2.700000,3.300000,-0.500000,11.445810,12.290226,1.643164,1.366402
2.700000,3.300000,-0.500000,11.491422,12.446019,1.687321,1.329706
2.700000,3.300000,-0.500000,11.391600,12.570310,1.707169,1.208079
3.300000,2.700000,-0.500000,11.647255,12.449138,1.585845,1.222585
3.300000,2.700000,-0.500000,11.862341,12.313751,1.531540,1.238247
3.300000,2.700000,-0.500000,11.814920,12.222679,1.484849,1.308349
3.300000,2.700000,-0.500000,11.979483,12.115220,1.361730,1.257889
3.300000,2.700000,-0.500000,12.098348,11.979921,1.315333,1.381019
3.300000,2.700000,-0.500000,12.117334,11.951775,1.318462,1.260556
3.300000,2.700000,-0.500000,12.177921,11.840793,1.272767,1.290035
3.300000,2.700000,-0.500000,12.169687,11.876316,1.223923,1.349601
3.300000,2.700000,-0.500000,12.199442,11.767982,1.289898,1.360331
3.300000,2.700000,-0.500000,12.165495,11.730386,1.290227,1.296506
3.300000,2.700000,-0.500000,12.182155,11.742245,1.202254,1.338691
3.300000,2.700000,-0.500000,12.249775,11.683507,1.282661,1.361466
3.300000,3.300000,-0.500000,12.285144,11.779209,1.275774,1.421525
3.300000,3.300000,-0.500000,12.377509,12.013467,1.468700,1.374257
3.300000,3.300000,-0.500000,12.364120,12.070549,1.528877,1.447124
3.300000,3.300000,-0.500000,12.620800,12.282195,1.587786,1.377906
3.300000,3.300000,-0.500000,12.653734,12.398882,1.651598,1.388976
3.300000,3.300000,-0.500000,12.823587,12.407751,1.691752,1.359990
2.700000,2.700000,-0.500000,12.656067,12.355386,1.528757,1.281932
2.700000,2.700000,-0.500000,12.459169,12.359404,1.467950,1.266753
2.700000,2.700000,-0.500000,12.344201,12.169025,1.484413,1.258286
2.700000,2.700000,-0.500000,12.111416,12.128912,1.316546,1.118553
2.700000,2.700000,-0.500000,11.902557,12.079951,1.311538,1.062842
2.700000,2.700000,-0.500000,11.786920,11.844845,1.164136,1.037815
2.700000,2.700000,-0.500000,11.728867,11.874050,1.250570,1.092579
2.700000,2.700000,-0.500000,11.493342,11.608461,1.260789,1.112415
2.700000,2.700000,-0.500000,11.327149,11.483949,1.277644,0.951698
2.700000,2.700000,-0.500000,11.134990,11.408621,1.136423,1.019951
2.700000,2.700000,-0.500000,11.121748,11.256245,1.163931,1.019014
2.700000,2.700000,-0.500000,10.918456,11.359240,1.224299,0.947869
2.700000,3.300000,-0.500000,10.826941,11.397603,1.319328,0.882131
2.700000,3.300000,-0.500000,10.691380,11.387254,1.475714,0.891493
2.700000,3.300000,-0.500000,10.604784,11.487299,1.466056,0.902794
2.700000,3.300000,-0.500000,10.678951,11.541917,1.526212,0.958418
2.700000,3.300000,-0.500000,10.714966,11.663106,1.599815,0.904685
2.700000,3.300000,-0.500000,10.636677,11.698881,1.570921,0.920930
3.300000,3.300000,-0.500000,10.933344,11.872710,1.590194,1.083860
3.300000,3.300000,-0.500000,11.209927,11.902465,1.691771,1.032221
3.300000,3.300000,-0.500000,11.329975,11.989373,1.651481,1.238411
3.300000,3.300000,-0.500000,11.652035,12.026256,1.768894,1.138391
3.300000,3.300000,-0.500000,11.771342,12.150957,1.672171,1.235073
3.300000,3.300000,-0.500000,12.044351,12.264838,1.708275,1.216175
3.300000,3.300000,-0.500000,12.164640,12.348239,1.794280,1.310751
3.300000,3.300000,-0.500000,12.312372,12.408007,1.809250,1.252289
3.300000,3.300000,-0.500000,12.426941,12.474180,1.719681,1.302507
3.300000,3.300000,-0.500000,12.581438,12.551966,1.830359,1.298870
3.300000,3.300000,-0.500000,12.650104,12.648104,1.726801,1.299071
3.300000,3.300000,-0.500000,12.813068,12.819611,1.830493,1.363903
2.700000,2.700000,-0.500000,12.627794,12.676558,1.701240,1.261185
2.700000,2.700000,-0.500000,12.503568,12.541284,1.551710,1.227757
2.700000,2.700000,-0.500000,12.261066,12.520719,1.365237,1.026235
2.700000,2.700000,-0.500000,12.093586,12.318171,1.352785,1.151774
2.700000,2.700000,-0.500000,11.983666,12.176952,1.298732,1.142996
2.700000,2.700000,-0.500000,11.843928,12.053587,1.390797,0.990601
3.300000,3.300000,-0.500000,11.884045,12.107783,1.501746,1.167019
3.300000,3.300000,-0.500000,12.023160,12.236587,1.527308,1.128083
3.300000,3.300000,-0.500000,12.150073,12.350255,1.526044,1.209734
3.300000,3.300000,-0.500000,12.209573,12.379888,1.650266,1.177771
3.300000,3.300000,-0.500000,12.440312,12.504192,1.644301,1.235190
3.300000,3.300000,-0.500000,12.527489,12.626763,1.711532,1.245291
2.700000,2.700000,-0.500000,12.354563,12.568754,1.528692,1.203957
2.700000,2.700000,-0.500000,12.280652,12.335540,1.385301,1.143371
2.700000,2.700000,-0.500000,12.114046,12.254769,1.398071,1.116344
2.700000,2.700000,-0.500000,11.976105,12.113087,1.362341,1.062112
2.700000,2.700000,-0.500000,11.772638,12.019406,1.308547,1.000220
2.700000,2.700000,-0.500000,11.563529,11.833926,1.316164,1.031467
2.700000,2.700000,-0.500000,11.383625,11.772696,1.237694,0.913032
2.700000,2.700000,-0.500000,11.264806,11.779589,1.199440,0.962892
2.700000,2.700000,-0.500000,11.190179,11.567910,1.368912,0.990749
2.700000,2.700000,-0.500000,10.998127,11.569329,1.194753,0.918332
2.700000,2.700000,-0.500000,10.940591,11.372878,1.237189,0.890038
2.700000,2.700000,-0.500000,10.816337,11.226887,1.249809,0.894695
2.700000,2.700000,-0.500000,10.653073,11.214311,1.228257,0.923728
2.700000,2.700000,-0.500000,10.574657,11.062944,1.217138,0.980098
2.700000,2.700000,-0.500000,10.553652,11.015087,1.190545,0.909138
2.700000,2.700000,-0.500000,10.360894,10.938113,1.231571,0.956831
2.700000,2.700000,-0.500000,10.336905,10.858572,1.183980,0.983318
2.700000,2.700000,-0.500000,10.224778,10.806650,1.093868,0.866562
3.300000,3.300000,-0.500000,10.474248,10.911858,1.334474,0.985099
3.300000,3.300000,-0.500000,10.600622,10.946553,1.384251,1.056376
3.300000,3.300000,-0.500000,10.790279,11.088380,1.460991,1.132991
3.300000,3.300000,-0.500000,11.028309,11.200972,1.463046,1.065547
3.300000,3.300000,-0.500000,11.257133,11.366346,1.589584,1.158027
3.300000,3.300000,-0.500000,11.510204,11.542095,1.567613,1.172444
3.300000,2.700000,-0.500000,11.585361,11.477539,1.606609,1.313773
3.300000,2.700000,-0.500000,11.743814,11.435456,1.413817,1.345163
3.300000,2.700000,-0.500000,11.948416,11.437601,1.354928,1.289064
3.300000,2.700000,-0.500000,11.854270,11.414261,1.399665,1.369457
3.300000,2.700000,-0.500000,12.048803,11.422313,1.394289,1.240553
3.300000,2.700000,-0.500000,12.166096,11.419095,1.178895,1.421984
2.700000,3.300000,-0.500000,11.883474,11.450230,1.334500,1.182558
2.700000,3.300000,-0.500000,11.816698,11.651794,1.535475,1.167851
2.700000,3.300000,-0.500000,11.806211,11.769059,1.557169,1.113283
2.700000,3.300000,-0.500000,11.572387,11.783053,1.565217,1.057347
2.700000,3.300000,-0.500000,11.436361,11.979015,1.643124,1.063297
2.700000,3.300000,-0.500000,11.492477,12.003752,1.613171,1.117861
3.300000,3.300000,-0.500000,11.696078,12.082754,1.677053,1.039453
3.300000,3.300000,-0.500000,11.848177,12.217671,1.790164,1.143245
3.300000,3.300000,-0.500000,12.060758,12.236889,1.728046,1.169930
3.300000,3.300000,-0.500000,12.201408,12.394228,1.729454,1.216563
3.300000,3.300000,-0.500000,12.400859,12.391607,1.681336,1.238852
3.300000,3.300000,-0.500000,12.425362,12.523381,1.779827,1.260305
3.300000,2.700000,-0.500000,12.563669,12.415864,1.602306,1.225941
3.300000,2.700000,-0.500000,12.573173,12.391677,1.641459,1.329541
3.300000,2.700000,-0.500000,12.798084,12.214312,1.446740,1.362465
3.300000,2.700000,-0.500000,12.747541,12.137097,1.373558,1.324250
3.300000,2.700000,-0.500000,12.763032,12.158001,1.272697,1.287479
3.300000,2.700000,-0.500000,12.679651,12.033746,1.297870,1.385263
2.700000,3.300000,-0.500000,12.618500,12.203398,1.410339,1.250667
2.700000,3.300000,-0.500000,12.432342,12.284623,1.534784,1.119018
2.700000,3.300000,-0.500000,12.215951,12.352527,1.571581,1.166777
2.700000,3.300000,-0.500000,12.077352,12.440039,1.581196,1.073387
2.700000,3.300000,-0.500000,12.041020,12.530264,1.713334,1.157730
2.700000,3.300000,-0.500000,11.931823,12.411760,1.674815,1.073260
2.700000,2.700000,0.500000,11.785121,12.329770,1.696871,1.095293
2.700000,2.700000,0.500000,11.823834,12.319813,1.589564,1.239636
2.700000,2.700000,0.500000,11.676985,12.121003,1.500079,1.203851
2.700000,2.700000,0.500000,11.601094,12.039494,1.548502,1.225942
2.700000,2.700000,0.500000,11.542406,11.920973,1.420485,1.315073
2.700000,2.700000,0.500000,11.462483,11.841053,1.456739,1.363192
2.700000,3.300000,0.500000,11.346862,11.988728,1.566432,1.303759
2.700000,3.300000,0.500000,11.285131,12.186564,1.729022,1.301657
2.700000,3.300000,0.500000,11.233533,12.173311,1.834798,1.321761
2.700000,3.300000,0.500000,11.369744,12.344060,1.778492,1.290099
2.700000,3.300000,-0.500000,11.337850,12.392703,1.842136,1.260964
2.700000,3.300000,-0.500000,11.319163,12.478435,1.815260,1.121379
2.700000,2.700000,-0.500000,11.229834,12.415131,1.679795,1.126407
2.700000,2.700000,-0.500000,11.157851,12.304210,1.558183,1.025018
2.700000,2.700000,-0.500000,10.994456,12.096093,1.416059,1.081133
2.700000,2.700000,-0.500000,10.948581,12.009140,1.447072,0.976294
2.700000,2.700000,-0.500000,10.950981,11.915418,1.373659,0.964398
2.700000,2.700000,-0.500000,10.809331,11.664248,1.285618,0.996344
3.300000,2.700000,-0.500000,10.932408,11.668014,1.294115,1.046417
3.300000,2.700000,-0.500000,11.173636,11.627859,1.215777,1.180085
3.300000,2.700000,-0.500000,11.352735,11.589083,1.271758,1.170287
3.300000,2.700000,-0.500000,11.296709,11.453572,1.167704,1.189846
3.300000,2.700000,-0.500000,11.456571,11.425382,1.294856,1.216118
3.300000,2.700000,-0.500000,11.608005,11.380749,1.302693,1.227687
2.700000,2.700000,-0.500000,11.398533,11.280333,1.224812,1.223655
2.700000,2.700000,-0.500000,11.338617,11.194810,1.183195,1.109331
2.700000,2.700000,-0.500000,11.146192,11.244215,1.151150,1.100557
2.700000,2.700000,-0.500000,10.936666,11.056953,1.190554,0.991096
2.700000,2.700000,-0.500000,10.915201,11.089095,1.162697,1.027866
2.700000,2.700000,-0.500000,10.812031,11.020482,1.126830,0.996282
2.700000,2.700000,0.500000,10.632797,10.914369,1.248835,1.051932
2.700000,2.700000,0.500000,10.589510,10.963327,1.266484,1.153859
2.700000,2.700000,0.500000,10.448968,10.911213,1.290998,1.181931
2.700000,2.700000,0.500000,10.430695,10.788615,1.373619,1.197375
2.700000,2.700000,0.500000,10.497694,10.761365,1.360093,1.211159
2.700000,2.700000,0.500000,10.414677,10.730888,1.393775,1.331026
2.700000,3.300000,0.500000,10.390851,10.993295,1.546187,1.277336
2.700000,3.300000,0.500000,10.445859,11.101582,1.622299,1.316232
2.700000,3.300000,0.500000,10.432767,11.254890,1.834512,1.359218
2.700000,3.300000,0.500000,10.470558,11.525351,1.793443,1.389969
2.700000,3.300000,0.500000,10.522568,11.612538,1.801842,1.376873
2.700000,3.300000,0.500000,10.656573,11.831641,1.914485,1.284162
2.700000,3.300000,0.500000,10.796334,11.943974,1.960124,1.386897
2.700000,3.300000,0.500000,10.760840,12.062511,1.961202,1.438549
2.700000,3.300000,0.500000,10.884602,12.246518,1.995204,1.365818
2.700000,3.300000,0.500000,10.931898,12.271125,2.139750,1.434432
2.700000,3.300000,0.500000,11.017408,12.456374,2.027871,1.296864
2.700000,3.300000,0.500000,11.105049,12.568352,2.066083,1.348315
3.300000,3.300000,0.500000,11.398947,12.609657,2.053667,1.403809
3.300000,3.300000,0.500000,11.651742,12.720995,2.082200,1.519460
3.300000,3.300000,-0.500000,11.777825,12.726271,2.075362,1.534320
3.300000,3.300000,-0.500000,12.178313,13.040806,2.035691,1.473132
3.300000,3.300000,-0.500000,12.339643,13.063982,2.024606,1.533577
3.300000,3.300000,-0.500000,12.510434,13.135273,1.941208,1.514518
2.700000,2.700000,-0.500000,12.383016,13.055666,1.793214,1.410685
2.700000,2.700000,-0.500000,12.302271,12.905982,1.628006,1.308371
2.700000,2.700000,-0.500000,12.224508,12.796567,1.632927,1.276578
2.700000,2.700000,-0.500000,12.126192,12.717642,1.451166,1.107259
2.700000,2.700000,-0.500000,11.902120,12.627952,1.369589,1.025872
2.700000,2.700000,-0.500000,11.789322,12.360957,1.440880,1.100875
3.300000,3.300000,-0.500000,11.820513,12.455823,1.494436,1.112033
3.300000,3.300000,-0.500000,12.128718,12.670253,1.518830,1.124352
3.300000,3.300000,-0.500000,12.094505,12.723892,1.648695,1.235991
3.300000,3.300000,-0.500000,12.277898,12.721614,1.643418,1.310033
3.300000,3.300000,-0.500000,12.428561,12.737260,1.613047,1.206092
3.300000,3.300000,-0.500000,12.459355,12.891379,1.779410,1.366459
3.300000,2.700000,-0.500000,12.627922,12.814138,1.643590,1.248029
3.300000,2.700000,-0.500000,12.714735,12.668831,1.580627,1.409971
3.300000,2.700000,-0.500000,12.696714,12.561220,1.392962,1.351179
3.300000,2.700000,-0.500000,12.786696,12.450493,1.304909,1.398473
3.300000,2.700000,-0.500000,12.830066,12.444537,1.308688,1.385972
3.300000,2.700000,-0.500000,12.737173,12.301102,1.308846,1.291412
3.300000,2.700000,-0.500000,12.878739,12.257998,1.240734,1.369430
3.300000,2.700000,-0.500000,12.829059,12.129347,1.147442,1.482057
3.300000,2.700000,-0.500000,12.925806,12.143116,1.199222,1.500563
3.300000,2.700000,-0.500000,12.879251,12.091329,1.307145,1.435960
3.300000,2.700000,-0.500000,12.880326,12.027586,1.266324,1.354996
3.300000,2.700000,-0.500000,12.790568,12.031189,1.315006,1.387060
3.300000,2.700000,-0.500000,12.857538,11.966225,1.167953,1.388891
3.300000,2.700000,-0.500000,12.837553,11.837617,1.127565,1.424602
3.300000,2.700000,-0.500000,12.879263,11.808948,1.194377,1.273221
3.300000,2.700000,-0.500000,12.743630,11.819868,1.257422,1.329986
3.300000,2.700000,-0.500000,12.802076,11.857940,1.277993,1.340423
3.300000,2.700000,-0.500000,12.747498,11.840041,1.225676,1.415746
3.300000,2.700000,-0.500000,12.760108,11.807328,1.217466,1.329896
3.300000,2.700000,-0.500000,12.692809,11.765779,1.184793,1.301892
3.300000,2.700000,-0.500000,12.770637,11.690888,1.299578,1.459897
3.300000,2.700000,-0.500000,12.730796,11.631614,1.143259,1.481394
3.300000,2.700000,-0.500000,12.741801,11.632303,1.309304,1.370237
3.300000,2.700000,-0.500000,12.611760,11.694064,1.196095,1.473382
3.300000,3.300000,0.500000,12.727044,11.945565,1.391863,1.516684
3.300000,3.300000,0.500000,12.818660,12.026778,1.562811,1.517180
3.300000,3.300000,0.500000,12.881984,12.083888,1.680071,1.595797
3.300000,3.300000,0.500000,12.934983,12.267840,1.693137,1.754692
3.300000,3.300000,0.500000,12.953074,12.502035,1.752345,1.734218
3.300000,3.300000,0.500000,13.189089,12.609663,1.859187,1.814793
2.700000,2.700000,0.500000,13.009790,12.615154,1.741456,1.777257
2.700000,2.700000,0.500000,12.823467,12.546179,1.729608,1.657066
2.700000,2.700000,0.500000,12.714778,12.562015,1.610988,1.671745
2.700000,2.700000,0.500000,12.522846,12.522944,1.713571,1.635356
2.700000,2.700000,0.500000,12.365796,12.432050,1.591812,1.552175
2.700000,2.700000,0.500000,12.212758,12.370512,1.622983,1.506092
3.300000,2.700000,0.500000,12.238835,12.428739,1.605018,1.666502
3.300000,2.700000,0.500000,12.440065,12.293010,1.527977,1.627847
3.300000,2.700000,0.500000,12.519599,12.310822,1.552834,1.738961
3.300000,2.700000,0.500000,12.553807,12.289838,1.509440,1.790383
3.300000,2.700000,0.500000,12.533626,12.306274,1.463812,1.806931
3.300000,2.700000,0.500000,12.615783,12.298306,1.591027,1.815722
2.700000,2.700000,0.500000,12.548768,12.204162,1.517486,1.795209
2.700000,2.700000,0.500000,12.406437,12.228569,1.442836,1.725143
2.700000,2.700000,0.500000,12.235821,12.290303,1.434959,1.638990
2.700000,2.700000,0.500000,12.108481,12.219987,1.592519,1.675851
2.700000,2.700000,0.500000,12.010583,12.295384,1.442308,1.599187
2.700000,2.700000,0.500000,11.823499,12.199493,1.455918,1.654237
2.700000,3.300000,0.500000,11.725622,12.282696,1.589615,1.588808
2.700000,3.300000,0.500000,11.782803,12.414531,1.761690,1.566141
2.700000,3.300000,0.500000,11.697858,12.646356,1.722132,1.543995
2.700000,3.300000,0.500000,11.558220,12.779452,1.809774,1.502722
2.700000,3.300000,0.500000,11.582150,12.888464,1.989358,1.410432
2.700000,3.300000,0.500000,11.711898,12.874369,1.902328,1.545487
2.700000,2.700000,0.500000,11.684478,12.855717,1.964714,1.487788
2.700000,2.700000,0.500000,11.701623,12.686497,1.760966,1.516499
2.700000,2.700000,0.500000,11.542618,12.728266,1.741552,1.452360
2.700000,2.700000,0.500000,11.516009,12.643860,1.701953,1.533346
2.700000,2.700000,0.500000,11.464104,12.645634,1.696019,1.446223
2.700000,2.700000,0.500000,11.420302,12.434525,1.673497,1.510647
2.700000,3.300000,0.500000,11.367053,12.606563,1.656761,1.458305
2.700000,3.300000,0.500000,11.359128,12.718059,1.866049,1.350541
2.700000,3.300000,0.500000,11.373514,12.743914,1.855002,1.350274
2.700000,3.300000,0.500000,11.390861,12.883933,1.886500,1.555378
2.700000,3.300000,0.500000,11.467224,12.978166,1.900191,1.411252
2.700000,3.300000,0.500000,11.395217,13.241336,2.012040,1.500484
2.700000,3.300000,0.500000,11.460819,13.205208,2.060079,1.378220
2.700000,3.300000,0.500000,11.503389,13.317318,2.032106,1.398148
2.700000,3.300000,0.500000,11.584715,13.385054,2.081147,1.444101
2.700000,3.300000,0.500000,11.573167,13.359898,2.018616,1.377430
2.700000,3.300000,0.500000,11.588171,13.439675,2.092407,1.443131
2.700000,3.300000,0.500000,11.616760,13.596525,2.123168,1.469855
3.300000,2.700000,0.500000,11.943402,13.386824,1.952261,1.505691
3.300000,2.700000,0.500000,12.049120,13.325305,1.854271,1.520229
3.300000,2.700000,-0.500000,12.201386,13.220689,1.728703,1.597826
3.300000,2.700000,-0.500000,12.416862,13.210987,1.624965,1.573172
3.300000,2.700000,-0.500000,12.455095,13.054874,1.490234,1.565906
3.300000,2.700000,-0.500000,12.521474,12.960332,1.424985,1.545835
3.300000,2.700000,-0.500000,12.556195,12.830950,1.329433,1.424619
3.300000,2.700000,-0.500000,12.512849,12.772416,1.292276,1.426626
3.300000,2.700000,-0.500000,12.635259,12.609499,1.262633,1.427624
3.300000,2.700000,-0.500000,12.659922,12.574009,1.289733,1.408019
3.300000,2.700000,-0.500000,12.629921,12.432812,1.246821,1.446439
3.300000,2.700000,-0.500000,12.605252,12.455769,1.239597,1.464655
3.300000,2.700000,-0.500000,12.639709,12.401153,1.241863,1.489144
3.300000,2.700000,-0.500000,12.703280,12.282967,1.183261,1.481303
3.300000,2.700000,-0.500000,12.663047,12.283530,1.203571,1.478169
3.300000,2.700000,-0.500000,12.626015,12.034282,1.190982,1.387444
3.300000,2.700000,-0.500000,12.591867,12.060704,1.182658,1.533240
3.300000,2.700000,-0.500000,12.456432,12.053263,1.307289,1.365104
3.300000,3.300000,-0.500000,12.674289,12.091703,1.306259,1.388945
3.300000,3.300000,-0.500000,12.651660,12.346477,1.522092,1.407367
3.300000,3.300000,-0.500000,12.647846,12.464425,1.499896,1.431990
3.300000,3.300000,-0.500000,12.715930,12.553794,1.571990,1.376100
3.300000,3.300000,-0.500000,12.800870,12.687563,1.534394,1.416401
3.300000,3.300000,-0.500000,12.923987,12.839058,1.620181,1.384405
3.300000,3.300000,-0.500000,12.867499,12.903590,1.730873,1.418697
3.300000,3.300000,-0.500000,13.028186,12.948658,1.823419,1.463054
3.300000,3.300000,-0.500000,13.083801,13.050724,1.814593,1.373255
3.300000,3.300000,-0.500000,13.178480,13.137171,1.688188,1.373863
3.300000,3.300000,-0.500000,13.096522,13.194051,1.721633,1.384284
3.300000,3.300000,-0.500000,13.288441,13.203071,1.736479,1.447505
3.300000,2.700000,-0.500000,13.421401,13.074259,1.638281,1.433422
3.300000,2.700000,-0.500000,13.399456,12.982109,1.504888,1.412407
3.300000,2.700000,0.500000,13.333242,12.855600,1.512950,1.543090
3.300000,2.700000,0.500000,13.479652,12.826031,1.555473,1.512226
3.300000,2.700000,0.500000,13.357715,12.698883,1.497372,1.607191
3.300000,2.700000,0.500000,13.368929,12.501339,1.497897,1.648185
2.700000,3.300000,0.500000,13.245775,12.901413,1.711873,1.516231
2.700000,3.300000,0.500000,13.058902,12.983589,1.733899,1.634805
2.700000,3.300000,0.500000,12.868952,13.040222,1.777952,1.500672
2.700000,3.300000,0.500000,12.734688,13.147265,1.864036,1.567151
2.700000,3.300000,0.500000,12.551040,13.235599,1.876767,1.472787
2.700000,3.300000,0.500000,12.522064,13.393429,1.872759,1.446488
2.700000,3.300000,0.500000,12.477882,13.365466,1.949887,1.521211
2.700000,3.300000,0.500000,12.458132,13.408650,1.901750,1.438027
2.700000,3.300000,0.500000,12.417644,13.570366,2.119258,1.531275
2.700000,3.300000,0.500000,12.299542,13.641564,1.984611,1.486487
2.700000,3.300000,0.500000,12.257697,13.701649,2.058118,1.395715
2.700000,3.300000,0.500000,12.212897,13.759798,2.121436,1.451850
3.300000,3.300000,0.500000,12.549724,13.841985,2.076871,1.456083
3.300000,3.300000,0.500000,12.746168,13.814153,2.062823,1.603939
3.300000,3.300000,0.500000,12.970655,13.831057,2.192187,1.729247
3.300000,3.300000,0.500000,13.102512,14.018057,2.113479,1.759613
3.300000,3.300000,0.500000,13.182219,14.019820,2.192319,1.818930
3.300000,3.300000,0.500000,13.333421,14.182124,2.193411,1.840546
2.700000,3.300000,0.500000,13.278214,14.276195,2.214129,1.655623
2.700000,3.300000,0.500000,13.226007,14.294598,2.155151,1.720448
2.700000,3.300000,0.500000,13.110459,14.282695,2.123919,1.703279
2.700000,3.300000,0.500000,13.044510,14.394192,2.102016,1.638573
2.700000,3.300000,0.500000,12.908845,14.505752,2.154979,1.599264
2.700000,3.300000,0.500000,12.920381,14.491113,2.241798,1.499272
3.300000,3.300000,0.500000,13.058227,14.497062,2.152517,1.523949
3.300000,3.300000,0.500000,13.204025,14.600887,2.096823,1.664529
3.300000,3.300000,-0.500000,13.287990,14.695574,2.085170,1.581015
3.300000,3.300000,-0.500000,13.418402,14.576867,2.072439,1.475079
3.300000,3.300000,-0.500000,13.643672,14.619796,2.003022,1.619069
3.300000,3.300000,-0.500000,13.633444,14.781822,2.010777,1.454001
2.700000,3.300000,-0.500000,13.477596,14.757683,1.998207,1.542163
2.700000,3.300000,-0.500000,13.322769,14.542693,1.870472,1.320987
2.700000,3.300000,-0.500000,13.086530,14.674309,1.861044,1.253512
2.700000,3.300000,-0.500000,13.018804,14.617444,1.835757,1.207438
2.700000,3.300000,-0.500000,12.884228,14.506215,1.874006,1.109464
2.700000,3.300000,-0.500000,12.678963,14.529023,1.874813,1.093321
3.300000,3.300000,0.500000,12.765880,14.478775,1.785969,1.278266
3.300000,3.300000,0.500000,13.088083,14.573897,1.947670,1.338175
3.300000,3.300000,0.500000,13.100341,14.500905,2.010219,1.446676
3.300000,3.300000,0.500000,13.318361,14.483946,2.024568,1.416578
3.300000,3.300000,0.500000,13.446490,14.495512,2.050576,1.526125
3.300000,3.300000,0.500000,13.455859,14.485377,2.051506,1.576269
3.300000,2.700000,0.500000,13.486442,14.348130,1.996194,1.772585
3.300000,2.700000,0.500000,13.637556,14.323155,1.826060,1.712285
3.300000,2.700000,0.500000,13.676414,14.089331,1.766227,1.733202
3.300000,2.700000,0.500000,13.635509,13.967814,1.701503,1.758471
3.300000,2.700000,0.500000,13.734872,13.971876,1.601996,1.812509
3.300000,2.700000,0.500000,13.627162,13.841845,1.655716,1.786427
2.700000,3.300000,0.500000,13.587248,13.906462,1.652588,1.694777
2.700000,3.300000,0.500000,13.273935,14.018199,1.772671,1.728109
2.700000,3.300000,0.500000,13.241906,14.114144,1.884715,1.688605
2.700000,3.300000,0.500000,12.976105,14.100092,1.881025,1.583863
2.700000,3.300000,0.500000,13.000452,14.239576,1.982600,1.620394
2.700000,3.300000,0.500000,12.693676,14.221415,1.915782,1.504482
3.300000,3.300000,0.500000,13.010086,14.271941,2.000959,1.616588
3.300000,3.300000,0.500000,13.161012,14.272102,2.029774,1.705806
3.300000,3.300000,0.500000,13.265242,14.409207,2.056036,1.787947
3.300000,3.300000,0.500000,13.451142,14.466837,2.080487,1.835647
3.300000,3.300000,0.500000,13.452971,14.533244,2.238268,1.861443
3.300000,3.300000,0.500000,13.707618,14.603998,2.142882,1.798206
2.700000,3.300000,0.500000,13.514974,14.633186,2.107637,1.721106
2.700000,3.300000,0.500000,13.500951,14.735008,2.056440,1.767159
2.700000,3.300000,0.500000,13.352975,14.812503,2.124835,1.722782
2.700000,3.300000,0.500000,13.168113,14.743592,2.164741,1.650826
2.700000,3.300000,0.500000,13.108941,14.715266,2.163120,1.577309
2.700000,3.300000,0.500000,13.099322,14.789804,2.168000,1.608920
2.700000,2.700000,0.500000,12.889315,14.552861,2.078550,1.459183
2.700000,2.700000,0.500000,12.897482,14.427351,2.025678,1.518824
2.700000,2.700000,0.500000,12.706776,14.382545,1.809526,1.478221
2.700000,2.700000,0.500000,12.630259,14.173953,1.819139,1.479245
2.700000,2.700000,0.500000,12.494244,14.074980,1.718937,1.311625
2.700000,2.700000,0.500000,12.300370,13.840294,1.654175,1.453022
3.300000,2.700000,0.500000,12.538231,13.818141,1.643062,1.523061
3.300000,2.700000,0.500000,12.659545,13.676030,1.678599,1.583320
3.300000,2.700000,0.500000,12.736128,13.451113,1.544002,1.643499
3.300000,2.700000,0.500000,12.817255,13.392048,1.548827,1.736039
3.300000,2.700000,-0.500000,12.872996,13.346056,1.399710,1.696115
3.300000,2.700000,-0.500000,12.890588,13.304436,1.345652,1.766467
3.300000,3.300000,-0.500000,12.868179,13.315436,1.549370,1.527636
3.300000,3.300000,-0.500000,12.949481,13.470581,1.688227,1.649062
3.300000,3.300000,-0.500000,13.050577,13.608141,1.617794,1.613883
3.300000,3.300000,-0.500000,13.065353,13.742352,1.692684,1.589966
3.300000,3.300000,-0.500000,13.132181,13.658967,1.694994,1.563954
3.300000,3.300000,-0.500000,13.379085,13.779250,1.672921,1.532931
2.700000,3.300000,-0.500000,13.129613,13.825023,1.784727,1.444427
2.700000,3.300000,-0.500000,12.814570,13.837562,1.838136,1.295249
2.700000,3.300000,-0.500000,12.879837,13.757335,1.791918,1.281499
2.700000,3.300000,-0.500000,12.624787,13.981523,1.826843,1.333963
2.700000,3.300000,-0.500000,12.553736,13.947078,1.808933,1.161786
2.700000,3.300000,-0.500000,12.485396,13.810790,1.749840,1.067082
3.300000,3.300000,-0.500000,12.564909,13.889270,1.846617,1.178873
3.300000,3.300000,-0.500000,12.693557,13.818732,1.807017,1.293028
3.300000,3.300000,-0.500000,12.762857,13.782536,1.722500,1.306947
3.300000,3.300000,-0.500000,12.903266,13.798919,1.866684,1.190038
3.300000,3.300000,-0.500000,13.054469,13.915628,1.788808,1.233149
3.300000,3.300000,-0.500000,13.128529,13.868017,1.742813,1.242379
3.300000,2.700000,-0.500000,13.170483,13.732177,1.694746,1.328657
3.300000,2.700000,-0.500000,13.379387,13.555216,1.563971,1.323288
3.300000,2.700000,-0.500000,13.271191,13.369482,1.510708,1.420517
3.300000,2.700000,-0.500000,13.366817,13.316870,1.399503,1.346670
3.300000,2.700000,-0.500000,13.183565,13.143728,1.406166,1.354768
3.300000,2.700000,-0.500000,13.261596,12.949339,1.307273,1.331326
3.300000,3.300000,-0.500000,13.303520,13.029400,1.394256,1.375948
3.300000,3.300000,-0.500000,13.352607,13.298088,1.448594,1.380381
3.300000,3.300000,-0.500000,13.322356,13.236143,1.544690,1.330894
3.300000,3.300000,-0.500000,13.414516,13.297445,1.558958,1.377068
3.300000,3.300000,0.500000,13.470039,13.398737,1.656524,1.507296
3.300000,3.300000,0.500000,13.393615,13.517981,1.791762,1.613347
2.700000,2.700000,0.500000,13.421142,13.353157,1.647080,1.580441
2.700000,2.700000,0.500000,13.162752,13.248716,1.614438,1.517937
2.700000,2.700000,0.500000,13.007796,13.091026,1.651307,1.482767
2.700000,2.700000,0.500000,12.849379,13.062302,1.632136,1.578940
2.700000,2.700000,0.500000,12.582659,12.990767,1.637366,1.456116
2.700000,2.700000,0.500000,12.517964,12.943229,1.606026,1.427769
3.300000,3.300000,0.500000,12.445491,13.064279,1.616598,1.565383
3.300000,3.300000,0.500000,12.607917,13.120258,1.782760,1.618380
3.300000,3.300000,-0.500000,12.796217,13.215260,1.743572,1.662939
3.300000,3.300000,-0.500000,12.878406,13.290017,1.767574,1.582004
3.300000,3.300000,-0.500000,13.016181,13.419145,1.781420,1.547116
3.300000,3.300000,-0.500000,13.115280,13.548386,1.733022,1.433346
3.300000,2.700000,-0.500000,13.068170,13.425119,1.636732,1.412377
3.300000,2.700000,-0.500000,13.070376,13.280225,1.534331,1.512610
3.300000,2.700000,-0.500000,13.183602,13.070998,1.439878,1.477894
3.300000,2.700000,-0.500000,13.183801,13.045066,1.404228,1.442336
3.300000,2.700000,-0.500000,13.249751,12.896519,1.407477,1.530824
3.300000,2.700000,-0.500000,13.314709,12.916253,1.324186,1.482430
2.700000,3.300000,0.500000,12.927314,12.944263,1.469993,1.399311
2.700000,3.300000,0.500000,12.810323,13.099612,1.597884,1.437281
2.700000,3.300000,0.500000,12.506177,13.062564,1.829734,1.457280
2.700000,3.300000,0.500000,12.369134,13.207031,1.768494,1.408486
2.700000,3.300000,0.500000,12.304378,13.271662,1.872957,1.307668
2.700000,3.300000,0.500000,12.296521,13.276285,2.028232,1.507841
2.700000,2.700000,0.500000,12.268334,13.103973,1.828225,1.473851
2.700000,2.700000,0.500000,12.143179,13.062974,1.726066,1.424973
2.700000,2.700000,0.500000,12.049082,13.032620,1.740912,1.440518
2.700000,2.700000,0.500000,11.961175,12.918280,1.651541,1.301367
2.700000,2.700000,0.500000,11.912226,12.797608,1.703470,1.464086
2.700000,2.700000,0.500000,11.778524,12.678911,1.610578,1.392222
2.700000,2.700000,0.500000,11.591707,12.565733,1.612392,1.415457
2.700000,2.700000,0.500000,11.537806,12.524954,1.602430,1.368748
2.700000,2.700000,0.500000,11.496231,12.542841,1.549938,1.409576
2.700000,2.700000,0.500000,11.405910,12.439803,1.574413,1.292255
2.700000,2.700000,0.500000,11.355493,12.338971,1.510556,1.372688
2.700000,2.700000,0.500000,11.253422,12.182407,1.456060,1.423470
2.700000,3.300000,0.500000,11.193207,12.453524,1.601634,1.442594
2.700000,3.300000,0.500000,11.229188,12.445119,1.691175,1.515150
2.700000,3.300000,0.500000,11.072807,12.687204,1.885300,1.448718
2.700000,3.300000,0.500000,11.198711,12.716634,1.940535,1.399364
2.700000,3.300000,0.500000,11.177628,12.896001,2.068627,1.502484
2.700000,3.300000,0.500000,11.293094,12.948486,1.982534,1.443405
2.700000,3.300000,0.500000,11.219454,13.017288,2.047574,1.358455
2.700000,3.300000,0.500000,11.377713,13.119157,2.083047,1.397756
2.700000,3.300000,0.500000,11.351377,13.158618,2.053784,1.403845
2.700000,3.300000,0.500000,11.409318,13.250142,2.082418,1.428282
2.700000,3.300000,0.500000,11.477679,13.333827,2.091104,1.394911
2.700000,3.300000,0.500000,11.524568,13.383139,2.086512,1.399516
2.700000,2.700000,-0.500000,11.452002,13.243569,1.803776,1.451978
2.700000,2.700000,-0.500000,11.486353,12.986169,1.777331,1.204002
2.700000,2.700000,-0.500000,11.433746,12.917965,1.668875,1.246132
2.700000,2.700000,-0.500000,11.357971,12.730591,1.530612,1.047314
2.700000,2.700000,-0.500000,11.234298,12.586539,1.428119,1.137281
2.700000,2.700000,-0.500000,11.205334,12.557361,1.480059,1.062722
2.700000,2.700000,-0.500000,11.070119,12.316710,1.339447,1.046514
2.700000,2.700000,-0.500000,11.013133,12.139556,1.241401,0.981427
2.700000,2.700000,-0.500000,10.911047,12.080500,1.320804,0.978487
2.700000,2.700000,-0.500000,10.868581,11.855634,1.263475,0.946493
2.700000,2.700000,0.500000,10.675623,11.731763,1.344143,1.075526
2.700000,2.700000,0.500000,10.685813,11.687912,1.273851,1.125469
3.300000,2.700000,0.500000,10.890785,11.614592,1.412857,1.214376
3.300000,2.700000,0.500000,11.087385,11.683460,1.394353,1.334227
3.300000,2.700000,0.500000,11.175171,11.531301,1.381478,1.485232
3.300000,2.700000,0.500000,11.263416,11.560584,1.481589,1.538071
3.300000,2.700000,0.500000,11.384589,11.726039,1.535631,1.604288
3.300000,2.700000,0.500000,11.578290,11.626814,1.575854,1.704569
3.300000,3.300000,0.500000,11.753531,11.795091,1.615880,1.593810
3.300000,3.300000,0.500000,11.921634,11.996424,1.730045,1.734715
3.300000,3.300000,0.500000,12.062307,12.224453,1.773709,1.765465
3.300000,3.300000,0.500000,12.289354,12.413567,1.805738,1.788188
3.300000,3.300000,0.500000,12.449872,12.552663,1.943198,1.827025
3.300000,3.300000,0.500000,12.531785,12.717704,1.860292,1.823265
2.700000,2.700000,0.500000,12.516347,12.735551,1.889251,1.869287
2.700000,2.700000,0.500000,12.444826,12.726625,1.753711,1.701842
2.700000,2.700000,0.500000,12.242908,12.681364,1.693231,1.770107
2.700000,2.700000,0.500000,12.187787,12.562552,1.711934,1.707617
2.700000,2.700000,0.500000,11.988084,12.564848,1.729577,1.601338
2.700000,2.700000,0.500000,11.971622,12.567183,1.622268,1.632980
3.300000,3.300000,-0.500000,12.132446,12.665450,1.654992,1.544947
3.300000,3.300000,-0.500000,12.149720,12.740682,1.633467,1.529544
3.300000,3.300000,-0.500000,12.387555,12.948977,1.713703,1.533718
3.300000,3.300000,-0.500000,12.555830,13.101333,1.732082,1.555622
3.300000,3.300000,-0.500000,12.681210,13.105142,1.790241,1.625578
3.300000,3.300000,-0.500000,12.738353,13.151223,1.688175,1.533011
3.300000,3.300000,-0.500000,12.867905,13.300645,1.700379,1.598609
3.300000,3.300000,-0.500000,12.999863,13.260886,1.720302,1.380352
3.300000,3.300000,-0.500000,12.981222,13.324567,1.767667,1.441558
3.300000,3.300000,-0.500000,13.182087,13.395537,1.677291,1.368807
3.300000,3.300000,-0.500000,13.217496,13.363697,1.832790,1.448138
3.300000,3.300000,-0.500000,13.387033,13.548493,1.817507,1.523976
3.300000,3.300000,-0.500000,13.500268,13.599645,1.787156,1.440458
3.300000,3.300000,-0.500000,13.471455,13.659111,1.810312,1.349602
3.300000,3.300000,-0.500000,13.589315,13.713018,1.763089,1.393856
3.300000,3.300000,-0.500000,13.758633,13.685874,1.929799,1.415317
3.300000,3.300000,-0.500000,13.707804,13.855023,1.832861,1.472033
3.300000,3.300000,-0.500000,13.798460,13.921408,1.780426,1.450443
3.300000,2.700000,-0.500000,13.839575,13.784120,1.648694,1.437961
3.300000,2.700000,-0.500000,13.747173,13.514346,1.493026,1.391742
3.300000,2.700000,-0.500000,13.750649,13.454692,1.506357,1.447250
3.300000,2.700000,-0.500000,13.678152,13.333681,1.369577,1.455004
3.300000,2.700000,-0.500000,13.753790,13.121878,1.350084,1.476439
3.300000,2.700000,-0.500000,13.763280,13.066953,1.291096,1.400391
3.300000,2.700000,-0.500000,13.558935,13.019457,1.243774,1.407452
3.300000,2.700000,-0.500000,13.588365,12.839196,1.276036,1.423186
3.300000,2.700000,-0.500000,13.504577,12.811781,1.301132,1.477691
3.300000,2.700000,-0.500000,13.484558,12.694463,1.244088,1.436906
3.300000,2.700000,-0.500000,13.416947,12.610073,1.248031,1.448107
3.300000,2.700000,-0.500000,13.439952,12.572875,1.167313,1.470397
2.700000,3.300000,0.500000,13.129775,12.596472,1.388015,1.330218
2.700000,3.300000,0.500000,12.836712,12.802173,1.586770,1.428254
2.700000,3.300000,0.500000,12.602396,12.973989,1.683677,1.455650
2.700000,3.300000,0.500000,12.583455,12.979409,1.695031,1.451434
2.700000,3.300000,0.500000,12.421866,13.132454,1.864561,1.335549
2.700000,3.300000,0.500000,12.301529,13.195709,1.904053,1.393891
2.700000,2.700000,0.500000,12.160533,13.121547,1.863560,1.342259
2.700000,2.700000,0.500000,12.099213,12.974899,1.802708,1.338189
2.700000,2.700000,0.500000,12.017013,12.858941,1.654966,1.354443
2.700000,2.700000,0.500000,11.891112,12.716416,1.650067,1.417010
2.700000,2.700000,0.500000,11.832895,12.557424,1.727556,1.413108
2.700000,2.700000,0.500000,11.688325,12.580402,1.560662,1.420981
3.300000,2.700000,0.500000,11.900804,12.429137,1.535405,1.512454
3.300000,2.700000,0.500000,12.080491,12.394217,1.542691,1.589066
3.300000,2.700000,0.500000,12.261746,12.424053,1.500123,1.661279
3.300000,2.700000,0.500000,12.352725,12.314774,1.607018,1.658744
3.300000,2.700000,0.500000,12.348669,12.324423,1.457978,1.738150
3.300000,2.700000,0.500000,12.421284,12.320161,1.589169,1.765362
2.700000,3.300000,0.500000,12.345232,12.425269,1.692312,1.669777
2.700000,3.300000,0.500000,12.201742,12.677259,1.681747,1.586241
2.700000,3.300000,-0.500000,12.099523,12.825306,1.714560,1.585350
2.700000,3.300000,-0.500000,12.026266,12.943456,1.726915,1.388108
2.700000,3.300000,-0.500000,11.904201,12.992476,1.742274,1.254041
2.700000,3.300000,-0.500000,11.871762,12.995151,1.726437,1.294922
2.700000,3.300000,-0.500000,11.789976,13.047245,1.754836,1.144036
2.700000,3.300000,-0.500000,11.622945,13.006988,1.762337,1.168560
2.700000,3.300000,-0.500000,11.649332,13.123748,1.853459,1.073126
2.700000,3.300000,-0.500000,11.674420,13.071745,1.725508,1.081632
2.700000,3.300000,-0.500000,11.598715,13.071719,1.765301,1.119126
2.700000,3.300000,-0.500000,11.543757,13.150759,1.779252,1.040424
2.700000,3.300000,-0.500000,11.531265,13.144283,1.814211,1.024740
2.700000,3.300000,-0.500000,11.433626,13.113645,1.847780,0.955249
2.700000,3.300000,-0.500000,11.489009,13.049579,1.851783,1.010044
2.700000,3.300000,-0.500000,11.377556,13.143159,1.845397,0.874590
2.700000,3.300000,-0.500000,11.525017,13.003739,1.845294,0.879524
2.700000,3.300000,-0.500000,11.468318,13.090251,1.772125,1.007843
2.700000,3.300000,-0.500000,11.448804,13.070146,1.868450,0.892055
2.700000,3.300000,-0.500000,11.366004,13.129989,1.763126,1.034379
2.700000,3.300000,-0.500000,11.311774,13.079088,1.823106,0.931189
2.700000,3.300000,-0.500000,11.248894,13.028497,1.826224,0.869533
2.700000,3.300000,0.500000,11.266825,13.040916,1.918377,0.947105
2.700000,3.300000,0.500000,11.196491,13.067785,1.873831,0.975760
2.700000,3.300000,0.500000,11.220303,13.115073,1.970542,1.085265
2.700000,3.300000,0.500000,11.293839,13.144252,2.079844,1.173790
2.700000,3.300000,0.500000,11.419120,13.147349,2.024464,1.219021
2.700000,3.300000,0.500000,11.363970,13.192753,2.086998,1.162406
2.700000,3.300000,0.500000,11.464603,13.226904,2.158808,1.277076
2.700000,3.300000,0.500000,11.452475,13.208635,2.065639,1.300036
2.700000,3.300000,0.500000,11.448664,13.285541,2.094911,1.340053
2.700000,3.300000,0.500000,11.517819,13.476376,2.158773,1.231091
2.700000,3.300000,-0.500000,11.574079,13.456603,2.146551,1.232156
2.700000,3.300000,-0.500000,11.660821,13.563480,1.948041,1.209198
2.700000,3.300000,-0.500000,11.515949,13.448516,1.927190,1.095658
2.700000,3.300000,-0.500000,11.493903,13.484602,1.958875,1.029509
2.700000,3.300000,-0.500000,11.434417,13.585502,1.860341,1.062403
2.700000,3.300000,-0.500000,11.596346,13.449009,1.912810,1.007767
2.700000,3.300000,-0.500000,11.548150,13.394249,1.872297,1.013431
2.700000,3.300000,-0.500000,11.555027,13.455079,1.774315,0.971584
2.700000,3.300000,-0.500000,11.509787,13.390185,1.778148,1.001659
2.700000,3.300000,-0.500000,11.384051,13.291743,1.744330,0.908919
2.700000,3.300000,-0.500000,11.269473,13.231722,1.915150,0.923618
2.700000,3.300000,-0.500000,11.464691,13.207106,1.799027,0.952275
2.700000,3.300000,-0.500000,11.387653,13.301345,1.828412,0.905529
2.700000,3.300000,-0.500000,11.338332,13.246424,1.750413,0.834989
2.700000,3.300000,-0.500000,11.390290,13.249739,1.814728,0.972908
2.700000,3.300000,-0.500000,11.440321,13.243644,1.819430,0.928444
2.700000,3.300000,-0.500000,11.295043,13.328156,1.857545,0.902182
2.700000,3.300000,-0.500000,11.274384,13.170966,1.856087,0.867878
2.700000,3.300000,-0.500000,11.303918,13.164034,1.880083,0.987754
2.700000,3.300000,-0.500000,11.328067,13.126866,1.758420,0.884018
2.700000,3.300000,-0.500000,11.302366,13.074237,1.768452,1.037529
2.700000,3.300000,-0.500000,11.297490,13.111171,1.785389,0.958171
3.300000,3.300000,-0.500000,11.541826,13.193352,1.806755,1.010739
3.300000,3.300000,-0.500000,11.722105,13.113852,1.837020,1.123072
3.300000,3.300000,-0.500000,11.945737,13.214148,1.802467,1.056345
3.300000,3.300000,-0.500000,12.016911,13.141252,1.913122,1.208001
3.300000,3.300000,-0.500000,12.414229,13.171397,1.828684,1.253353
3.300000,3.300000,-0.500000,12.444760,13.255237,1.804794,1.184727
3.300000,3.300000,-0.500000,12.645223,13.416117,1.751714,1.225811
3.300000,3.300000,-0.500000,12.767536,13.339733,1.847546,1.241618
3.300000,3.300000,0.500000,12.769153,13.266960,1.927687,1.385577
3.300000,3.300000,0.500000,13.015862,13.525511,1.977999,1.577126
3.300000,3.300000,0.500000,13.084138,13.410823,1.906115,1.544349
3.300000,3.300000,0.500000,13.284734,13.561433,2.007407,1.709815
3.300000,3.300000,0.500000,13.318014,13.688450,2.084573,1.719328
3.300000,3.300000,0.500000,13.526937,13.834461,2.070060,1.734526
3.300000,3.300000,0.500000,13.662007,13.845729,2.077195,1.831582
3.300000,3.300000,0.500000,13.750488,14.020288,2.010118,1.768595
3.300000,3.300000,0.500000,13.963630,14.060995,2.128363,1.864962
3.300000,3.300000,0.500000,13.976843,14.057827,2.133148,1.907606
2.700000,2.700000,0.500000,13.743611,14.031731,1.960459,1.804848
2.700000,2.700000,0.500000,13.599771,13.930461,1.750095,1.773245
2.700000,2.700000,0.500000,13.530176,13.762822,1.912732,1.718971
2.700000,2.700000,0.500000,13.285924,13.682025,1.704147,1.658222
2.700000,2.700000,0.500000,13.004104,13.667528,1.696994,1.626748
2.700000,2.700000,0.500000,12.870475,13.578803,1.666248,1.628285
2.700000,3.300000,0.500000,12.800071,13.719047,1.811100,1.491987
2.700000,3.300000,0.500000,12.636808,13.589001,1.820228,1.571119
2.700000,3.300000,0.500000,12.596284,13.765829,1.849445,1.446974
2.700000,3.300000,0.500000,12.530814,13.894767,1.989627,1.509690
2.700000,3.300000,-0.500000,12.442679,13.826839,1.838820,1.396631
2.700000,3.300000,-0.500000,12.320024,13.872145,1.891094,1.300190
3.300000,2.700000,-0.500000,12.517913,13.725720,1.698453,1.317912
3.300000,2.700000,-0.500000,12.741686,13.623706,1.710260,1.255014
3.300000,2.700000,-0.500000,12.791859,13.517645,1.567143,1.345634
3.300000,2.700000,-0.500000,12.808988,13.283039,1.450362,1.339219
3.300000,2.700000,-0.500000,12.809063,13.251592,1.447946,1.425874
3.300000,2.700000,-0.500000,12.836222,13.160751,1.381325,1.420107
2.700000,3.300000,-0.500000,12.559275,13.139769,1.398520,1.280037
2.700000,3.300000,-0.500000,12.347133,13.190416,1.645171,1.285742
2.700000,3.300000,0.500000,12.221565,13.209442,1.610477,1.278284
2.700000,3.300000,0.500000,12.102359,13.361532,1.742776,1.260195
2.700000,3.300000,0.500000,12.026582,13.302806,1.773323,1.278833
2.700000,3.300000,0.500000,11.936169,13.367483,1.888824,1.329038
3.300000,2.700000,0.500000,12.128741,13.314215,1.776496,1.348569
3.300000,2.700000,0.500000,12.298782,13.108557,1.739967,1.539652
3.300000,2.700000,0.500000,12.463775,13.048791,1.719398,1.606897
3.300000,2.700000,0.500000,12.573484,12.887701,1.569483,1.564920
3.300000,2.700000,0.500000,12.626658,12.933181,1.603273,1.690596
3.300000,2.700000,0.500000,12.752535,12.829630,1.677256,1.837623
3.300000,3.300000,-0.500000,12.864112,13.072631,1.587140,1.640446
3.300000,3.300000,-0.500000,12.927424,13.222565,1.722436,1.712439
3.300000,3.300000,-0.500000,12.931184,13.351213,1.686652,1.542910
3.300000,3.300000,-0.500000,13.084479,13.377570,1.708793,1.518201
3.300000,3.300000,-0.500000,13.167511,13.425129,1.771606,1.538439
3.300000,3.300000,-0.500000,13.141496,13.537541,1.753266,1.496523
3.300000,2.700000,-0.500000,13.282065,13.369623,1.663929,1.515933
3.300000,2.700000,-0.500000,13.217955,13.319047,1.511797,1.510882
3.300000,2.700000,-0.500000,13.358674,13.129282,1.383232,1.454741
3.300000,2.700000,-0.500000,13.275695,13.047182,1.461463,1.528081
3.300000,2.700000,-0.500000,13.345776,12.862962,1.328427,1.574106
3.300000,2.700000,-0.500000,13.305282,12.944476,1.374547,1.423875
3.300000,3.300000,-0.500000,13.286909,13.023330,1.445008,1.546143
3.300000,3.300000,-0.500000,13.184483,13.068014,1.530762,1.541760
3.300000,3.300000,-0.500000,13.242084,13.106487,1.477827,1.376967
3.300000,3.300000,-0.500000,13.270076,13.298463,1.561145,1.536456
3.300000,3.300000,-0.500000,13.338727,13.376878,1.622557,1.393603
3.300000,3.300000,-0.500000,13.330806,13.452535,1.636886,1.397758
2.700000,2.700000,-0.500000,13.243653,13.182097,1.607196,1.426113
2.700000,2.700000,-0.500000,12.990039,13.115014,1.428464,1.320648
2.700000,2.700000,0.500000,12.707855,12.992581,1.571462,1.310794
2.700000,2.700000,0.500000,12.590821,12.818204,1.501066,1.284527
2.700000,2.700000,0.500000,12.314114,12.750113,1.518412,1.352553
2.700000,2.700000,0.500000,12.195173,12.637997,1.377102,1.319063
3.300000,2.700000,0.500000,12.386971,12.547543,1.470654,1.431790
3.300000,2.700000,0.500000,12.415299,12.512990,1.510285,1.397550
3.300000,2.700000,0.500000,12.490790,12.377152,1.522629,1.608144
3.300000,2.700000,0.500000,12.522479,12.339890,1.422657,1.661856
3.300000,2.700000,0.500000,12.643394,12.272444,1.446238,1.772871
3.300000,2.700000,0.500000,12.633277,12.228571,1.428960,1.756774
3.300000,2.700000,0.500000,12.770136,12.210544,1.590408,1.769263
3.300000,2.700000,0.500000,12.724466,12.254237,1.477675,1.823485
3.300000,2.700000,0.500000,12.834393,12.269684,1.450242,1.856503
3.300000,2.700000,0.500000,12.853605,12.195876,1.428949,1.868464
3.300000,2.700000,0.500000,12.910750,12.218044,1.568875,1.950587
3.300000,2.700000,0.500000,12.996470,12.282232,1.529088,1.905689
2.700000,3.300000,0.500000,12.767763,12.521676,1.680166,1.870622
2.700000,3.300000,0.500000,12.570263,12.709911,1.712522,1.745132
2.700000,3.300000,0.500000,12.436436,12.800846,1.750442,1.730340
2.700000,3.300000,0.500000,12.342466,12.965650,1.765086,1.662065
2.700000,3.300000,0.500000,12.307669,12.981130,2.008645,1.690112
2.700000,3.300000,0.500000,12.193447,13.292979,1.981109,1.542477
3.300000,3.300000,0.500000,12.401488,13.330480,2.029922,1.614654
3.300000,3.300000,0.500000,12.533654,13.366856,2.142972,1.772791
3.300000,3.300000,0.500000,12.784615,13.510338,2.016540,1.800231
3.300000,3.300000,0.500000,12.885887,13.662445,2.085304,1.773723
3.300000,3.300000,0.500000,13.110728,13.718298,2.064455,1.931132
3.300000,3.300000,0.500000,13.299299,13.992301,2.001543,1.776157
3.300000,2.700000,0.500000,13.442595,13.742835,1.981507,1.882892
3.300000,2.700000,0.500000,13.477316,13.734819,2.014970,1.989670
3.300000,2.700000,-0.500000,13.607125,13.617672,1.753993,1.711484
3.300000,2.700000,-0.500000,13.645047,13.546582,1.519756,1.815531
3.300000,2.700000,-0.500000,13.619097,13.445311,1.576811,1.750639
3.300000,2.700000,-0.500000,13.667327,13.452346,1.422922,1.637332
3.300000,2.700000,-0.500000,13.616838,13.396146,1.385134,1.693796
3.300000,2.700000,-0.500000,13.589248,13.246327,1.345813,1.555904
3.300000,2.700000,-0.500000,13.555785,13.113915,1.325385,1.671448
3.300000,2.700000,-0.500000,13.616169,13.085273,1.308666,1.622161
3.300000,2.700000,-0.500000,13.417813,12.978417,1.227043,1.512837
3.300000,2.700000,-0.500000,13.350929,12.869205,1.223505,1.565904
2.700000,3.300000,0.500000,13.071125,12.948873,1.368479,1.511146
2.700000,3.300000,0.500000,12.960245,13.139195,1.631458,1.540957
2.700000,3.300000,0.500000,12.584729,13.147022,1.589192,1.441621
2.700000,3.300000,0.500000,12.650997,13.311211,1.717726,1.449832
2.700000,3.300000,0.500000,12.583300,13.403364,1.748106,1.447452
2.700000,3.300000,0.500000,12.414057,13.429812,1.977900,1.432114
2.700000,2.700000,0.500000,12.297001,13.305161,1.810483,1.462906
2.700000,2.700000,0.500000,12.163523,13.175636,1.728439,1.473311
2.700000,2.700000,0.500000,12.109935,13.038864,1.630725,1.410567
2.700000,2.700000,0.500000,12.049183,12.985114,1.701323,1.391863
2.700000,2.700000,0.500000,11.929076,12.810630,1.549109,1.461713
2.700000,2.700000,0.500000,11.798371,12.797847,1.523179,1.498560
2.700000,2.700000,0.500000,11.730797,12.697046,1.588600,1.444446
2.700000,2.700000,0.500000,11.676765,12.621863,1.547429,1.432619
2.700000,2.700000,0.500000,11.665809,12.451982,1.543638,1.433128
2.700000,2.700000,0.500000,11.381153,12.525349,1.517712,1.468351
2.700000,2.700000,0.500000,11.408693,12.348632,1.539897,1.378210
2.700000,2.700000,0.500000,11.478989,12.310593,1.476424,1.439926
2.700000,2.700000,0.500000,11.430697,12.165611,1.439689,1.539682
2.700000,2.700000,0.500000,11.352972,12.189417,1.399614,1.525613
2.700000,2.700000,0.500000,11.232466,12.228437,1.474371,1.465989
2.700000,2.700000,0.500000,11.135244,12.092825,1.479042,1.341973
2.700000,2.700000,0.500000,11.102158,12.015320,1.494960,1.443639
2.700000,2.700000,0.500000,11.092790,11.954578,1.601990,1.473409
3.300000,3.300000,0.500000,11.305357,12.157863,1.591055,1.544943
3.300000,3.300000,0.500000,11.461035,12.301080,1.704078,1.657734
3.300000,3.300000,0.500000,11.734454,12.510987,1.821468,1.607680
3.300000,3.300000,0.500000,11.756187,12.664104,1.787232,1.705300
3.300000,3.300000,0.500000,12.166757,12.724103,1.932677,1.812457
3.300000,3.300000,0.500000,12.309663,12.935026,2.003917,1.757011
2.700000,3.300000,-0.500000,12.217128,13.089662,1.965429,1.604968
2.700000,3.300000,-0.500000,12.194439,13.134744,1.948773,1.541699
2.700000,3.300000,-0.500000,12.247354,13.175533,1.871328,1.409525
2.700000,3.300000,-0.500000,12.027931,13.315152,1.930500,1.191310
2.700000,3.300000,-0.500000,11.979543,13.442499,1.835556,1.136606
2.700000,3.300000,-0.500000,11.948371,13.355590,1.826959,1.244112
3.300000,3.300000,-0.500000,12.129971,13.466768,1.886248,1.280767
3.300000,3.300000,-0.500000,12.296355,13.474191,1.846702,1.217656
3.300000,3.300000,-0.500000,12.402431,13.481711,1.831128,1.245783
3.300000,3.300000,-0.500000,12.688670,13.514091,1.758202,1.289129
3.300000,3.300000,0.500000,12.723469,13.560298,1.967305,1.439006
3.300000,3.300000,0.500000,12.727808,13.704111,1.900263,1.435535
2.700000,2.700000,0.500000,12.667753,13.515475,1.860945,1.407626
2.700000,2.700000,0.500000,12.601002,13.363005,1.698306,1.440997
2.700000,2.700000,0.500000,12.523311,13.346407,1.745039,1.436167
2.700000,2.700000,0.500000,12.342157,13.123551,1.691809,1.430167
2.700000,2.700000,0.500000,12.240095,13.101328,1.577100,1.405672
2.700000,2.700000,0.500000,12.040900,12.991766,1.644867,1.454122
3.300000,3.300000,0.500000,12.258014,13.077059,1.728510,1.509844
3.300000,3.300000,0.500000,12.383618,13.161154,1.772732,1.627840
3.300000,3.300000,-0.500000,12.415083,13.177479,1.757086,1.567877
3.300000,3.300000,-0.500000,12.622449,13.406662,1.791720,1.522784
3.300000,3.300000,-0.500000,12.743002,13.484435,1.787668,1.432860
3.300000,3.300000,-0.500000,12.857306,13.494455,1.799692,1.499791
3.300000,2.700000,-0.500000,12.962568,13.251482,1.661655,1.490222
3.300000,2.700000,-0.500000,13.015811,13.162918,1.600920,1.449131
3.300000,2.700000,-0.500000,13.022083,13.109338,1.408857,1.465749
3.300000,2.700000,-0.500000,13.044389,12.981010,1.489768,1.430733
3.300000,2.700000,-0.500000,13.111087,12.841354,1.218136,1.469329
3.300000,2.700000,-0.500000,12.957851,12.771881,1.250229,1.398339
3.300000,3.300000,-0.500000,12.897929,12.861203,1.419482,1.416942
3.300000,3.300000,-0.500000,13.059697,12.873300,1.516661,1.488291
3.300000,3.300000,-0.500000,13.009063,13.090908,1.598174,1.423077
3.300000,3.300000,-0.500000,13.095255,13.112341,1.540989,1.429661
3.300000,3.300000,-0.500000,13.111590,13.229573,1.577276,1.475788
3.300000,3.300000,-0.500000,13.027165,13.257538,1.603082,1.414906
3.300000,3.300000,-0.500000,13.167720,13.280589,1.688262,1.381480
3.300000,3.300000,-0.500000,13.256036,13.381227,1.731258,1.437066
3.300000,3.300000,-0.500000,13.389482,13.369350,1.650875,1.427225
3.300000,3.300000,-0.500000,13.396894,13.486510,1.755753,1.273886
3.300000,3.300000,0.500000,13.536811,13.525431,1.850398,1.468063
3.300000,3.300000,0.500000,13.625332,13.525773,1.882768,1.568286
3.300000,2.700000,0.500000,13.550052,13.455325,1.845139,1.670541
3.300000,2.700000,0.500000,13.586857,13.350572,1.757268,1.738580
3.300000,2.700000,0.500000,13.533462,13.238648,1.567485,1.718573
3.300000,2.700000,0.500000,13.725811,13.199633,1.594459,1.780642
3.300000,2.700000,0.500000,13.658790,13.137561,1.560590,1.761454
3.300000,2.700000,0.500000,13.712302,13.034645,1.604547,1.902236
3.300000,2.700000,0.500000,13.640321,13.044917,1.599179,1.802745
3.300000,2.700000,0.500000,13.705303,12.998611,1.588196,1.893947
3.300000,2.700000,0.500000,13.613666,13.029964,1.507883,1.869040
3.300000,2.700000,0.500000,13.537900,12.992211,1.582851,1.914536
3.300000,2.700000,0.500000,13.715689,13.086575,1.541126,1.945930
3.300000,2.700000,0.500000,13.733327,12.995785,1.524825,1.895051
3.300000,3.300000,0.500000,13.652649,13.130004,1.603807,1.985835
3.300000,3.300000,0.500000,13.636137,13.281897,1.720177,1.989024
3.300000,3.300000,0.500000,13.747695,13.494761,1.809463,1.959464
3.300000,3.300000,0.500000,13.825413,13.563673,1.930844,2.025194
3.300000,3.300000,0.500000,13.882518,13.770735,2.049858,1.966116
3.300000,3.300000,0.500000,13.946819,13.978824,1.965877,1.962085
3.300000,2.700000,0.500000,13.965852,13.857540,1.877555,1.967463
3.300000,2.700000,0.500000,14.074631,13.696615,1.844986,2.041232
3.300000,2.700000,0.500000,14.034454,13.725949,1.764894,2.078251
3.300000,2.700000,0.500000,14.121756,13.596233,1.667351,1.933251
3.300000,2.700000,0.500000,14.000706,13.598900,1.676570,2.021021
3.300000,2.700000,0.500000,14.065794,13.613283,1.681796,2.011003
3.300000,2.700000,0.500000,14.079478,13.415910,1.643855,2.020271
3.300000,2.700000,0.500000,14.040788,13.513563,1.538489,2.038363
3.300000,2.700000,0.500000,14.011098,13.432479,1.453946,2.046084
3.300000,2.700000,0.500000,13.980974,13.446306,1.469807,1.984062
3.300000,2.700000,-0.500000,13.928398,13.423959,1.550229,2.000207
3.300000,2.700000,-0.500000,13.873293,13.281772,1.421871,1.863413
3.300000,2.700000,-0.500000,13.831344,13.269479,1.393621,1.775512
3.300000,2.700000,-0.500000,13.816862,13.239959,1.283226,1.809306
3.300000,2.700000,-0.500000,13.676150,13.222334,1.312270,1.691905
3.300000,2.700000,-0.500000,13.761199,13.050046,1.274194,1.561004
3.300000,2.700000,-0.500000,13.567847,12.999325,1.141218,1.672865
3.300000,2.700000,-0.500000,13.626514,12.956607,1.219744,1.712042
2.700000,3.300000,-0.500000,13.227193,13.130486,1.320388,1.571367
2.700000,3.300000,-0.500000,12.982963,13.167242,1.457658,1.355355
2.700000,3.300000,-0.500000,12.756638,13.173673,1.556223,1.270151
2.700000,3.300000,-0.500000,12.614604,13.178217,1.531666,1.234820
2.700000,3.300000,-0.500000,12.493576,13.174646,1.570567,1.185029
2.700000,3.300000,-0.500000,12.183286,13.283796,1.625392,1.022114
3.300000,3.300000,-0.500000,12.425075,13.223535,1.671201,1.231170
3.300000,3.300000,-0.500000,12.522665,13.308614,1.684613,1.159858
3.300000,3.300000,-0.500000,12.583943,13.264889,1.727805,1.227978
3.300000,3.300000,-0.500000,12.751724,13.354150,1.749172,1.235347
3.300000,3.300000,-0.500000,12.869113,13.425489,1.831041,1.267712
3.300000,3.300000,-0.500000,12.888391,13.493461,1.715050,1.289323
2.700000,3.300000,-0.500000,12.699043,13.525641,1.762110,1.168788
2.700000,3.300000,-0.500000,12.590230,13.618751,1.702330,1.096320
2.700000,3.300000,-0.500000,12.484469,13.566920,1.729586,1.084911
2.700000,3.300000,-0.500000,12.496976,13.487240,1.850302,1.070306
2.700000,3.300000,-0.500000,12.355262,13.571958,1.817040,1.063712
2.700000,3.300000,-0.500000,12.099785,13.550703,1.797458,1.055043
2.700000,2.700000,-0.500000,12.177529,13.245213,1.635892,1.007452
2.700000,2.700000,-0.500000,12.104541,13.118233,1.588100,0.908292
2.700000,2.700000,-0.500000,11.871230,12.982218,1.511224,0.930279
2.700000,2.700000,-0.500000,11.763634,12.772256,1.509680,0.995229
2.700000,2.700000,0.500000,11.699965,12.666307,1.429268,0.949401
2.700000,2.700000,0.500000,11.529408,12.441931,1.407504,1.201690
3.300000,3.300000,0.500000,11.670723,12.567592,1.585756,1.168416
3.300000,3.300000,0.500000,11.896216,12.693626,1.667633,1.365331
3.300000,3.300000,0.500000,12.051638,12.805638,1.771508,1.434973
3.300000,3.300000,0.500000,12.229249,12.916955,1.856594,1.548379
3.300000,3.300000,0.500000,12.332884,13.036607,1.889453,1.610254
3.300000,3.300000,0.500000,12.634875,13.075009,2.035177,1.545886
2.700000,3.300000,0.500000,12.435003,13.203333,2.006818,1.624752
2.700000,3.300000,0.500000,12.452838,13.310479,2.042700,1.609349
2.700000,3.300000,-0.500000,12.256947,13.352386,1.946747,1.400217
2.700000,3.300000,-0.500000,12.285349,13.336968,1.959834,1.378182
2.700000,3.300000,-0.500000,12.243168,13.404677,1.899407,1.317100
2.700000,3.300000,-0.500000,12.174733,13.432371,1.887514,1.300349
3.300000,3.300000,-0.500000,12.365693,13.478600,1.867496,1.235726
3.300000,3.300000,-0.500000,12.458030,13.475075,1.876814,1.378012
3.300000,3.300000,-0.500000,12.679563,13.580993,1.878919,1.270649
3.300000,3.300000,-0.500000,12.598960,13.586497,1.895987,1.382907
3.300000,3.300000,-0.500000,12.813120,13.715584,1.860083,1.327960
3.300000,3.300000,-0.500000,12.914958,13.623223,1.760866,1.317389
3.300000,3.300000,0.500000,13.076056,13.804680,1.958779,1.408892
3.300000,3.300000,0.500000,13.289942,13.830042,2.040788,1.497604
3.300000,3.300000,0.500000,13.338088,13.936376,2.001227,1.545183
3.300000,3.300000,0.500000,13.388405,13.927046,2.034937,1.664028
3.300000,3.300000,0.500000,13.657922,13.976646,2.025578,1.727323
3.300000,3.300000,0.500000,13.695803,14.088305,2.130109,1.709897
2.700000,3.300000,0.500000,13.476341,14.234343,2.095095,1.689041
2.700000,3.300000,0.500000,13.367030,14.239439,2.097106,1.712017
2.700000,3.300000,0.500000,13.355220,14.423770,2.138182,1.606955
2.700000,3.300000,0.500000,13.230927,14.340178,2.204870,1.508857
2.700000,3.300000,-0.500000,13.010614,14.354325,1.972136,1.408788
2.700000,3.300000,-0.500000,13.060541,14.310945,2.033958,1.438290
3.300000,3.300000,-0.500000,13.115448,14.395126,1.992854,1.386222
3.300000,3.300000,-0.500000,13.193177,14.449474,1.956315,1.341383
3.300000,3.300000,-0.500000,13.300449,14.440628,1.858184,1.407171
3.300000,3.300000,-0.500000,13.430270,14.483797,1.825843,1.405580
3.300000,3.300000,-0.500000,13.574202,14.485455,1.933875,1.347475
3.300000,3.300000,-0.500000,13.629839,14.396770,1.923534,1.479368
2.700000,2.700000,-0.500000,13.408465,14.290926,1.700309,1.284849
2.700000,2.700000,-0.500000,13.123591,14.072176,1.690968,1.178690
2.700000,2.700000,0.500000,13.046440,14.002864,1.614949,1.383062
2.700000,2.700000,0.500000,12.852224,13.682408,1.530346,1.275742
2.700000,2.700000,0.500000,12.676194,13.547031,1.544347,1.301872
2.700000,2.700000,0.500000,12.526582,13.433012,1.607709,1.323339
3.300000,3.300000,0.500000,12.622297,13.362523,1.648154,1.426579
3.300000,3.300000,0.500000,12.692605,13.496905,1.765913,1.522274
3.300000,3.300000,0.500000,12.835864,13.660170,1.786733,1.588584
3.300000,3.300000,0.500000,12.938023,13.685376,1.907729,1.692859
3.300000,3.300000,0.500000,13.105335,13.773963,1.910820,1.680469
3.300000,3.300000,0.500000,13.219146,13.829427,1.948577,1.755725
3.300000,2.700000,-0.500000,13.351229,13.667997,1.814104,1.736004
3.300000,2.700000,-0.500000,13.441528,13.678559,1.655937,1.649844
3.300000,2.700000,-0.500000,13.478398,13.619778,1.632336,1.701198
3.300000,2.700000,-0.500000,13.422112,13.493021,1.433588,1.514918
3.300000,2.700000,-0.500000,13.496479,13.351595,1.481445,1.533127
3.300000,2.700000,-0.500000,13.359146,13.237627,1.447546,1.461000
3.300000,2.700000,-0.500000,13.319192,13.134447,1.272795,1.608374
3.300000,2.700000,-0.500000,13.267773,13.110708,1.275952,1.418613
3.300000,2.700000,-0.500000,13.301303,12.958302,1.282501,1.522109
3.300000,2.700000,-0.500000,13.177626,12.875819,1.220261,1.465896
3.300000,2.700000,-0.500000,13.120347,12.804914,1.158486,1.412232
3.300000,2.700000,-0.500000,13.026853,12.686395,1.147985,1.448203
3.300000,2.700000,-0.500000,13.006879,12.751652,1.206604,1.421826
3.300000,2.700000,-0.500000,13.050118,12.558536,1.217087,1.412489
3.300000,2.700000,-0.500000,13.062798,12.403930,1.131611,1.429986
3.300000,2.700000,-0.500000,12.967748,12.317378,1.176291,1.390670
3.300000,2.700000,-0.500000,12.825014,12.303635,1.215249,1.434083
3.300000,2.700000,-0.500000,12.798609,12.236253,1.184085,1.395373
3.300000,3.300000,-0.500000,12.823289,12.420615,1.293651,1.459602
3.300000,3.300000,-0.500000,12.760067,12.515453,1.461421,1.386962
3.300000,3.300000,-0.500000,12.891940,12.552821,1.530794,1.418334
3.300000,3.300000,-0.500000,12.967122,12.801071,1.531455,1.437742
3.300000,3.300000,-0.500000,12.948300,12.717177,1.562301,1.341560
3.300000,3.300000,-0.500000,13.068758,12.986927,1.645555,1.450833
3.300000,3.300000,-0.500000,13.122131,12.993685,1.703289,1.478111
3.300000,3.300000,-0.500000,13.112568,13.058995,1.655828,1.353139
3.300000,3.300000,-0.500000,13.304060,13.073579,1.752261,1.415461
3.300000,3.300000,-0.500000,13.345778,13.257055,1.797798,1.430097
3.300000,3.300000,-0.500000,13.392745,13.338082,1.786577,1.343938
3.300000,3.300000,-0.500000,13.415097,13.462463,1.726296,1.394330
3.300000,3.300000,0.500000,13.476374,13.382843,1.829152,1.465977
3.300000,3.300000,0.500000,13.530665,13.527306,1.918586,1.635408
3.300000,3.300000,0.500000,13.703429,13.561839,1.941400,1.516326
3.300000,3.300000,0.500000,13.711838,13.663668,1.988392,1.602333
3.300000,3.300000,0.500000,13.944533,13.854517,2.137369,1.777020
3.300000,3.300000,0.500000,13.968924,13.905221,2.087178,1.717146
2.700000,3.300000,0.500000,13.739558,13.898271,2.051488,1.785851
2.700000,3.300000,0.500000,13.688289,14.099110,2.033078,1.642244
2.700000,3.300000,0.500000,13.471772,14.065172,1.984532,1.636009
2.700000,3.300000,0.500000,13.388864,14.178581,2.063763,1.607382
2.700000,3.300000,0.500000,13.245496,14.094763,2.044258,1.513356
2.700000,3.300000,0.500000,13.093949,14.220327,2.174147,1.569377
3.300000,2.700000,0.500000,13.308643,13.964324,1.962122,1.709831
3.300000,2.700000,0.500000,13.378437,13.888981,1.865211,1.632122
3.300000,2.700000,0.500000,13.385060,13.864078,1.695994,1.708514
3.300000,2.700000,0.500000,13.523438,13.689962,1.747346,1.712727
3.300000,2.700000,0.500000,13.483615,13.666694,1.616528,1.871246
3.300000,2.700000,0.500000,13.512102,13.407442,1.617063,1.822240
3.300000,2.700000,0.500000,13.530109,13.466656,1.574482,1.842377
3.300000,2.700000,0.500000,13.591385,13.437978,1.603913,1.862082
3.300000,2.700000,0.500000,13.671594,13.298728,1.612734,1.953274
3.300000,2.700000,0.500000,13.728416,13.294109,1.554446,1.891697
3.300000,2.700000,0.500000,13.703737,13.174292,1.545295,1.940043
3.300000,2.700000,0.500000,13.651920,13.292099,1.560322,1.991473
3.300000,2.700000,0.500000,13.646471,13.159286,1.493230,1.900223
3.300000,2.700000,0.500000,13.576159,13.181456,1.527370,1.954926
3.300000,2.700000,0.500000,13.519885,13.132736,1.367112,1.961574
3.300000,2.700000,0.500000,13.604495,13.203259,1.565081,2.004140
3.300000,2.700000,0.500000,13.690971,13.061455,1.556209,2.062916
3.300000,2.700000,0.500000,13.585714,13.051856,1.429042,1.975731
3.300000,3.300000,-0.500000,13.582508,13.128415,1.537238,1.841305
3.300000,3.300000,-0.500000,13.577385,13.354769,1.651569,1.848203
3.300000,3.300000,-0.500000,13.474453,13.543880,1.573418,1.748521
3.300000,3.300000,-0.500000,13.630983,13.553551,1.620439,1.748595
3.300000,3.300000,-0.500000,13.636309,13.689128,1.668143,1.681068
3.300000,3.300000,-0.500000,13.654982,13.668881,1.711263,1.593988
2.700000,2.700000,-0.500000,13.542991,13.619496,1.595630,1.564385
2.700000,2.700000,-0.500000,13.139253,13.472178,1.533032,1.415170
2.700000,2.700000,-0.500000,12.952555,13.345534,1.383850,1.315891
2.700000,2.700000,-0.500000,12.786727,13.141497,1.390105,1.225034
2.700000,2.700000,0.500000,12.491614,13.097523,1.392971,1.240499
2.700000,2.700000,0.500000,12.376515,12.958491,1.384162,1.277111
2.700000,3.300000,0.500000,12.160141,13.000055,1.600723,1.289556
2.700000,3.300000,0.500000,12.068966,13.140802,1.634505,1.452493
2.700000,3.300000,0.500000,12.069890,13.160065,1.805842,1.298375
2.700000,3.300000,0.500000,11.961864,13.237464,1.850076,1.358298
2.700000,3.300000,0.500000,11.893371,13.290165,1.905021,1.409472
2.700000,3.300000,0.500000,11.788094,13.231003,2.034454,1.291285
3.300000,2.700000,0.500000,12.000386,13.156234,1.870226,1.440437
3.300000,2.700000,0.500000,12.237379,13.190156,1.789197,1.501512
3.300000,2.700000,0.500000,12.324212,13.004432,1.694110,1.543546
3.300000,2.700000,0.500000,12.474367,12.967151,1.629605,1.640251
3.300000,2.700000,0.500000,12.499891,12.874718,1.675885,1.664188
3.300000,2.700000,0.500000,12.676433,12.804779,1.598987,1.751858
3.300000,3.300000,0.500000,12.634461,12.916413,1.655023,1.866045
3.300000,3.300000,0.500000,12.786727,13.042248,1.684366,1.848957
3.300000,3.300000,0.500000,12.938171,13.289523,1.913651,1.886073
3.300000,3.300000,0.500000,13.009965,13.371050,1.957620,1.880256
3.300000,3.300000,0.500000,13.207302,13.476810,1.893026,1.858494
3.300000,3.300000,0.500000,13.294924,13.666682,1.936661,1.887441
2.700000,2.700000,0.500000,13.148005,13.567707,1.873839,1.827997
2.700000,2.700000,0.500000,12.934657,13.436465,1.858843,1.805151
2.700000,2.700000,0.500000,12.815395,13.395727,1.775382,1.700917
2.700000,2.700000,0.500000,12.619889,13.348292,1.667366,1.648604
2.700000,2.700000,0.500000,12.449401,13.198882,1.546435,1.574716
2.700000,2.700000,0.500000,12.350144,13.072355,1.549144,1.528432
3.300000,3.300000,0.500000,12.504257,13.208134,1.717096,1.740744
3.300000,3.300000,0.500000,12.626653,13.312541,1.768603,1.744390
3.300000,3.300000,0.500000,12.766870,13.330001,1.757976,1.758050
3.300000,3.300000,0.500000,12.868997,13.566363,1.866130,1.752059
3.300000,3.300000,-0.500000,13.086344,13.647023,1.853686,1.732932
3.300000,3.300000,-0.500000,13.040057,13.790445,1.883948,1.696799
2.700000,3.300000,-0.500000,12.912794,13.936473,1.766591,1.527521
2.700000,3.300000,-0.500000,12.871898,13.917218,1.846231,1.411522
2.700000,3.300000,-0.500000,12.684562,13.853847,1.737436,1.335054
2.700000,3.300000,-0.500000,12.523806,13.892294,1.838889,1.236805
2.700000,3.300000,-0.500000,12.464000,13.945174,1.832180,1.222292
2.700000,3.300000,-0.500000,12.280384,14.033588,1.814095,1.144414
2.700000,2.700000,-0.500000,12.204511,13.752136,1.679562,1.098106
2.700000,2.700000,-0.500000,12.105746,13.487551,1.700167,1.016871
2.700000,2.700000,0.500000,11.979761,13.407067,1.597788,1.081676
2.700000,2.700000,0.500000,11.886999,13.242507,1.532515,1.149831
2.700000,2.700000,0.500000,11.727981,13.117875,1.559567,1.170912
2.700000,2.700000,0.500000,11.604905,12.907439,1.605282,1.236745
3.300000,3.300000,0.500000,11.824162,12.907556,1.661420,1.239089
3.300000,3.300000,0.500000,12.026945,13.025864,1.722386,1.471585
3.300000,3.300000,0.500000,12.061575,13.064877,1.764485,1.474708
3.300000,3.300000,0.500000,12.371449,13.250860,1.847233,1.658249
3.300000,3.300000,0.500000,12.582774,13.314711,1.945732,1.648507
3.300000,3.300000,0.500000,12.692161,13.431922,2.050491,1.762662
3.300000,2.700000,-0.500000,12.771277,13.385465,1.791692,1.672180
3.300000,2.700000,-0.500000,12.985521,13.383009,1.668240,1.633559
3.300000,2.700000,-0.500000,12.916235,13.230489,1.622175,1.632187
3.300000,2.700000,-0.500000,13.015649,13.151694,1.477232,1.497952
3.300000,2.700000,-0.500000,13.025009,12.994577,1.535162,1.535835
3.300000,2.700000,-0.500000,13.100648,12.949705,1.408708,1.477038
3.300000,3.300000,-0.500000,13.122849,13.103093,1.518890,1.579549
3.300000,3.300000,-0.500000,13.130769,13.159605,1.512120,1.475980
3.300000,3.300000,-0.500000,13.144409,13.211285,1.580211,1.568712
3.300000,3.300000,-0.500000,13.141215,13.330525,1.669737,1.466776
3.300000,3.300000,-0.500000,13.305162,13.349695,1.710425,1.492301
3.300000,3.300000,-0.500000,13.246381,13.411644,1.622183,1.450474
3.300000,2.700000,-0.500000,13.385544,13.363956,1.564879,1.468956
3.300000,2.700000,-0.500000,13.311705,13.224232,1.569174,1.433605
3.300000,2.700000,-0.500000,13.327652,13.066830,1.389643,1.349264
3.300000,2.700000,-0.500000,13.346571,12.996851,1.334685,1.378364
3.300000,2.700000,-0.500000,13.358895,12.880741,1.366557,1.484432
3.300000,2.700000,-0.500000,13.374329,12.823063,1.262549,1.457514
3.300000,2.700000,-0.500000,13.256511,12.651396,1.303016,1.467563
3.300000,2.700000,-0.500000,13.164385,12.641645,1.269885,1.409471
3.300000,2.700000,0.500000,13.241278,12.380747,1.253203,1.498061
3.300000,2.700000,0.500000,13.157352,12.407163,1.324006,1.554566
3.300000,2.700000,0.500000,13.184968,12.465186,1.319993,1.641948
3.300000,2.700000,0.500000,13.181060,12.466041,1.407519,1.733025
3.300000,2.700000,0.500000,13.175976,12.296911,1.390179,1.745835
3.300000,2.700000,0.500000,13.223128,12.353652,1.409595,1.757470
3.300000,2.700000,0.500000,13.172529,12.222349,1.422811,2.002366
3.300000,2.700000,0.500000,13.183861,12.408089,1.423204,1.821030
3.300000,2.700000,0.500000,13.235108,12.491385,1.461831,1.876729
3.300000,2.700000,0.500000,13.301174,12.424601,1.440451,1.937639
3.300000,2.700000,-0.500000,13.276857,12.318046,1.424600,1.806893
3.300000,2.700000,-0.500000,13.236613,12.389657,1.404216,1.743551
3.300000,2.700000,-0.500000,13.254549,12.348577,1.293174,1.683565
3.300000,2.700000,-0.500000,13.288683,12.260715,1.234005,1.661613
3.300000,2.700000,-0.500000,13.255386,12.280543,1.328213,1.641314
3.300000,2.700000,-0.500000,13.130686,12.288399,1.223890,1.635044
2.700000,3.300000,-0.500000,12.911176,12.407887,1.259210,1.418342
2.700000,3.300000,-0.500000,12.660437,12.572645,1.497991,1.366798
2.700000,3.300000,-0.500000,12.429715,12.567838,1.465621,1.311052
2.700000,3.300000,-0.500000,12.247786,12.734266,1.569372,1.275850
2.700000,3.300000,0.500000,12.153626,12.742664,1.688381,1.326422
2.700000,3.300000,0.500000,12.068538,12.863897,1.845099,1.316725
3.300000,3.300000,0.500000,12.161242,12.934379,1.940451,1.387135
3.300000,3.300000,0.500000,12.447147,13.001020,1.782672,1.475801
3.300000,3.300000,0.500000,12.518360,13.024965,2.042726,1.582835
3.300000,3.300000,0.500000,12.667810,13.221910,1.885897,1.539506
3.300000,3.300000,0.500000,12.868176,13.214348,1.999034,1.635389
3.300000,3.300000,0.500000,12.961732,13.394716,2.015236,1.668663
2.700000,3.300000,0.500000,12.961264,13.527949,2.035471,1.698413
2.700000,3.300000,0.500000,12.909261,13.507415,2.074590,1.521774
2.700000,3.300000,0.500000,12.784970,13.701189,2.040053,1.491957
2.700000,3.300000,0.500000,12.639222,13.680853,2.192569,1.621225
2.700000,3.300000,0.500000,12.592485,13.813811,2.044431,1.557483
2.700000,3.300000,0.500000,12.556863,13.876177,2.103859,1.530489
2.700000,2.700000,0.500000,12.417360,13.677097,1.952454,1.556433
2.700000,2.700000,0.500000,12.513520,13.574820,1.902489,1.429946
2.700000,2.700000,0.500000,12.311089,13.449016,1.804316,1.354911
2.700000,2.700000,0.500000,12.304225,13.393862,1.806035,1.411624
2.700000,2.700000,0.500000,12.035514,13.205739,1.715488,1.432360
2.700000,2.700000,0.500000,12.012938,13.189036,1.669815,1.479125
3.300000,3.300000,-0.500000,12.163236,13.173723,1.679740,1.411424
3.300000,3.300000,-0.500000,12.250275,13.300282,1.747789,1.431634
3.300000,3.300000,-0.500000,12.393272,13.263643,1.729357,1.418633
3.300000,3.300000,-0.500000,12.570866,13.430469,1.797494,1.375438
3.300000,3.300000,-0.500000,12.719244,13.458431,1.848812,1.437454
3.300000,3.300000,-0.500000,12.806466,13.622610,1.827432,1.365941
3.300000,2.700000,-0.500000,12.961569,13.463090,1.564436,1.431419
3.300000,2.700000,-0.500000,12.937340,13.271441,1.472667,1.354391
3.300000,2.700000,-0.500000,13.087963,13.161495,1.419474,1.432514
3.300000,2.700000,-0.500000,12.988895,13.002846,1.344004,1.474875
3.300000,2.700000,-0.500000,13.120571,12.811834,1.303568,1.398338
3.300000,2.700000,-0.500000,13.143147,12.830847,1.265239,1.382600
2.700000,2.700000,-0.500000,12.776557,12.725126,1.242787,1.351905
2.700000,2.700000,-0.500000,12.601496,12.625851,1.297033,1.236333
2.700000,2.700000,-0.500000,12.353462,12.487504,1.298145,1.216631
2.700000,2.700000,-0.500000,12.209330,12.486878,1.174020,1.175013
2.700000,2.700000,-0.500000,11.922747,12.297043,1.195869,1.185803
2.700000,2.700000,-0.500000,11.781508,12.122121,1.225945,1.166274
3.300000,2.700000,-0.500000,11.858426,12.163264,1.146641,1.177923
3.300000,2.700000,-0.500000,12.048647,12.021865,1.144577,1.194854
3.300000,2.700000,-0.500000,11.891008,11.925223,1.235706,1.185705
3.300000,2.700000,-0.500000,11.971220,11.823047,1.246960,1.232683
3.300000,2.700000,-0.500000,12.090010,11.691046,1.203336,1.219458
3.300000,2.700000,-0.500000,12.038152,11.825257,1.284291,1.288990
3.300000,3.300000,-0.500000,12.056276,11.900185,1.328572,1.290338
3.300000,3.300000,-0.500000,12.169295,12.027859,1.367467,1.279728
3.300000,3.300000,-0.500000,12.288185,12.046771,1.476342,1.246056
3.300000,3.300000,-0.500000,12.384091,12.179430,1.549358,1.405995
3.300000,3.300000,-0.500000,12.570614,12.369892,1.671291,1.385632
3.300000,3.300000,-0.500000,12.576537,12.437261,1.631876,1.388224
3.300000,3.300000,-0.500000,12.679989,12.634657,1.629996,1.405315
3.300000,3.300000,-0.500000,12.729849,12.586409,1.694779,1.356561
3.300000,3.300000,-0.500000,12.868255,12.807428,1.742066,1.343803
3.300000,3.300000,-0.500000,13.013098,12.902403,1.768059,1.278051
3.300000,3.300000,-0.500000,13.071487,12.929800,1.823024,1.372431
3.300000,3.300000,-0.500000,13.073619,12.998187,1.704974,1.325242
3.300000,3.300000,-0.500000,13.173407,13.081099,1.792485,1.395006
3.300000,3.300000,-0.500000,13.184185,13.287692,1.782740,1.335658
3.300000,3.300000,-0.500000,13.305125,13.208230,1.806544,1.313743
3.300000,3.300000,-0.500000,13.478353,13.170217,1.789481,1.367303
3.300000,3.300000,0.500000,13.499686,13.374487,1.940816,1.538940
3.300000,3.300000,0.500000,13.493751,13.390773,2.033582,1.548462
3.300000,2.700000,0.500000,13.671233,13.314082,1.849208,1.568416
3.300000,2.700000,0.500000,13.579953,13.098732,1.688745,1.739443
3.300000,2.700000,0.500000,13.752089,13.143070,1.605194,1.816845
3.300000,2.700000,0.500000,13.795101,13.046444,1.729125,1.743522
3.300000,2.700000,0.500000,13.702818,13.073899,1.578383,1.777605
3.300000,2.700000,0.500000,13.744198,12.906534,1.554689,1.775738
3.300000,3.300000,0.500000,13.718404,13.072496,1.753453,1.854143
3.300000,3.300000,0.500000,13.704970,13.125526,1.622189,1.895082
3.300000,3.300000,-0.500000,13.813260,13.305167,1.788104,1.851258
3.300000,3.300000,-0.500000,13.916713,13.524707,1.810980,1.725468
3.300000,3.300000,-0.500000,13.846290,13.623569,1.837602,1.693434
3.300000,3.300000,-0.500000,13.987536,13.664700,1.783356,1.622397
2.700000,3.300000,-0.500000,13.730325,13.691878,1.798353,1.582526
2.700000,3.300000,-0.500000,13.473133,13.819596,1.858537,1.531863
2.700000,3.300000,-0.500000,13.340703,13.729730,1.752734,1.233899
2.700000,3.300000,-0.500000,13.101713,13.838924,1.905372,1.206598
2.700000,3.300000,-0.500000,13.047939,13.929547,1.765789,1.223932
2.700000,3.300000,-0.500000,12.915648,13.965642,1.743917,1.101996
2.700000,2.700000,0.500000,12.668917,13.722391,1.852296,1.140684
2.700000,2.700000,0.500000,12.610408,13.528089,1.614577,1.287457
2.700000,2.700000,0.500000,12.507166,13.340155,1.646569,1.218811
2.700000,2.700000,0.500000,12.330606,13.305872,1.619409,1.297527
2.700000,2.700000,0.500000,12.191584,13.154851,1.638048,1.262373
2.700000,2.700000,0.500000,12.075668,13.058597,1.615174,1.283962
3.300000,3.300000,0.500000,12.205590,13.088669,1.701130,1.418798
3.300000,3.300000,0.500000,12.390885,13.192260,1.774263,1.501797
3.300000,3.300000,0.500000,12.564259,13.251392,1.848723,1.567956
3.300000,3.300000,0.500000,12.658467,13.351909,1.847255,1.687576
3.300000,3.300000,0.500000,12.807919,13.487645,1.904897,1.781378
3.300000,3.300000,0.500000,12.972483,13.501509,1.977710,1.810007
2.700000,2.700000,0.500000,12.874633,13.488984,1.861233,1.734419
2.700000,2.700000,0.500000,12.772045,13.372761,1.855966,1.671966
2.700000,2.700000,0.500000,12.619087,13.192987,1.621472,1.612750
2.700000,2.700000,0.500000,12.507838,13.142619,1.737571,1.606731
2.700000,2.700000,0.500000,12.347071,13.129746,1.579683,1.550736
2.700000,2.700000,0.500000,12.206111,12.971295,1.559308,1.572980
3.300000,3.300000,0.500000,12.354959,13.084057,1.620203,1.672959
3.300000,3.300000,0.500000,12.506391,13.217876,1.789106,1.655210
3.300000,3.300000,-0.500000,12.637905,13.202299,1.707991,1.726407
3.300000,3.300000,-0.500000,12.766649,13.406356,1.777563,1.725602
3.300000,3.300000,-0.500000,12.944138,13.451521,1.835778,1.554653
3.300000,3.300000,-0.500000,13.018908,13.566776,1.702100,1.502506
3.300000,3.300000,-0.500000,13.079051,13.629221,1.832570,1.504999
3.300000,3.300000,-0.500000,13.184442,13.669729,1.757743,1.484255
3.300000,3.300000,-0.500000,13.157440,13.588654,1.779051,1.494147
3.300000,3.300000,-0.500000,13.287501,13.812456,1.769481,1.494560
3.300000,3.300000,-0.500000,13.428893,13.788113,1.761044,1.429033
3.300000,3.300000,-0.500000,13.503291,13.798049,1.776466,1.519505
2.700000,3.300000,-0.500000,13.280290,13.893096,1.818911,1.341195
2.700000,3.300000,-0.500000,13.172112,13.854409,1.771982,1.355539
2.700000,3.300000,-0.500000,12.990080,13.918376,1.774594,1.283712
2.700000,3.300000,-0.500000,12.887105,13.968445,1.793901,1.219707
2.700000,3.300000,-0.500000,12.858260,13.842908,1.708946,1.145320
2.700000,3.300000,-0.500000,12.584826,13.802847,1.774215,1.138293
2.700000,3.300000,-0.500000,12.437423,13.769276,1.714319,1.119382
2.700000,3.300000,-0.500000,12.463538,13.708218,1.626347,0.997511
2.700000,3.300000,-0.500000,12.273196,13.800327,1.864770,0.946466
2.700000,3.300000,-0.500000,12.159566,13.686958,1.814506,1.014771
2.700000,3.300000,0.500000,12.185598,13.763509,1.882962,1.076240
2.700000,3.300000,0.500000,12.037116,13.734944,1.843645,1.126841
3.300000,2.700000,0.500000,12.207839,13.592426,1.904844,1.184660
3.300000,2.700000,0.500000,12.325705,13.404248,1.766942,1.333375
3.300000,2.700000,0.500000,12.546642,13.259477,1.784021,1.430998
3.300000,2.700000,0.500000,12.632181,13.157142,1.701535,1.473671
3.300000,2.700000,0.500000,12.719622,13.122385,1.578082,1.575214
3.300000,2.700000,0.500000,12.756616,12.981767,1.515545,1.617666
2.700000,2.700000,0.500000,12.605350,13.004421,1.615132,1.622371
2.700000,2.700000,0.500000,12.403809,12.779041,1.578188,1.508715
2.700000,2.700000,-0.500000,12.213799,12.741454,1.395124,1.441563
2.700000,2.700000,-0.500000,12.085969,12.631746,1.388924,1.342937
2.700000,2.700000,-0.500000,11.972556,12.577573,1.319761,1.326109
2.700000,2.700000,-0.500000,11.783709,12.398248,1.259377,1.171616
3.300000,3.300000,-0.500000,11.800873,12.622037,1.433788,1.241359
3.300000,3.300000,-0.500000,11.947514,12.643585,1.511144,1.308687
3.300000,3.300000,-0.500000,12.135455,12.706103,1.531013,1.162449
3.300000,3.300000,-0.500000,12.183778,12.721324,1.656829,1.336822
3.300000,3.300000,-0.500000,12.309293,12.819252,1.661397,1.291637
3.300000,3.300000,-0.500000,12.433890,12.838809,1.697526,1.348787
2.700000,2.700000,-0.500000,12.317955,12.681381,1.525569,1.289507
2.700000,2.700000,-0.500000,12.008113,12.654439,1.423621,1.177343
2.700000,2.700000,-0.500000,11.947315,12.505432,1.373551,1.155302
2.700000,2.700000,-0.500000,11.825617,12.286225,1.245945,1.087996
2.700000,2.700000,-0.500000,11.623146,12.189363,1.217288,1.128295
2.700000,2.700000,-0.500000,11.592782,12.142477,1.391744,1.064529
3.300000,2.700000,-0.500000,11.537469,12.109449,1.270361,1.111465
3.300000,2.700000,-0.500000,11.674946,11.863378,1.260169,1.083219
3.300000,2.700000,-0.500000,11.671843,11.791653,1.178839,1.108598
3.300000,2.700000,-0.500000,11.734761,11.783160,1.186032,1.204538
3.300000,2.700000,0.500000,11.839816,11.689299,1.319126,1.307164
3.300000,2.700000,0.500000,11.935815,11.635367,1.269879,1.423528
3.300000,3.300000,0.500000,12.071723,11.870960,1.445149,1.531678
3.300000,3.300000,0.500000,12.163021,12.137071,1.552638,1.662307
3.300000,3.300000,0.500000,12.286187,12.050033,1.626840,1.563460
3.300000,3.300000,0.500000,12.391575,12.419496,1.871851,1.767055
3.300000,3.300000,0.500000,12.525532,12.509665,1.843746,1.785868
3.300000,3.300000,0.500000,12.742631,12.679648,1.967337,1.772824
2.700000,2.700000,0.500000,12.588461,12.729836,1.726404,1.719132
2.700000,2.700000,0.500000,12.501730,12.634307,1.864525,1.670237
2.700000,2.700000,0.500000,12.512703,12.574869,1.805661,1.713153
2.700000,2.700000,0.500000,12.323180,12.542578,1.630930,1.527586
2.700000,2.700000,0.500000,12.261823,12.479921,1.697499,1.593296
2.700000,2.700000,0.500000,12.101096,12.471534,1.599973,1.515941
2.700000,3.300000,0.500000,11.919914,12.579899,1.720339,1.521048
2.700000,3.300000,0.500000,11.873096,12.740054,1.760819,1.452575
2.700000,3.300000,0.500000,11.777786,12.873816,1.952757,1.442832
2.700000,3.300000,0.500000,11.684029,12.902624,1.941518,1.493411
2.700000,3.300000,0.500000,11.759697,13.047979,1.996003,1.524866
2.700000,3.300000,0.500000,11.824189,13.000595,1.978712,1.418284
2.700000,2.700000,0.500000,11.799393,12.969244,1.871562,1.467159
2.700000,2.700000,0.500000,11.716821,12.918796,1.778428,1.423049
2.700000,2.700000,0.500000,11.584947,12.772185,1.744205,1.474043
2.700000,2.700000,0.500000,11.577122,12.724821,1.749527,1.508196
2.700000,2.700000,0.500000,11.568105,12.620591,1.620135,1.407129
2.700000,2.700000,0.500000,11.513859,12.506439,1.565837,1.445518
2.700000,3.300000,0.500000,11.363921,12.626694,1.698786,1.422146
2.700000,3.300000,0.500000,11.321355,12.728351,1.838914,1.399303
2.700000,3.300000,0.500000,11.300846,12.805736,1.852181,1.372240
2.700000,3.300000,0.500000,11.426380,12.872132,1.920407,1.407008
2.700000,3.300000,0.500000,11.323034,12.974304,1.952806,1.411297
2.700000,3.300000,0.500000,11.385665,13.038092,2.011610,1.461799
3.300000,3.300000,0.500000,11.607386,13.158038,2.007631,1.455253
3.300000,3.300000,0.500000,11.897567,13.242651,2.114046,1.622443
3.300000,3.300000,0.500000,12.130210,13.344731,2.142945,1.704756
3.300000,3.300000,0.500000,12.320525,13.478927,2.132506,1.702949
3.300000,3.300000,0.500000,12.581600,13.562085,2.106743,1.777296
3.300000,3.300000,0.500000,12.827224,13.691984,2.235354,1.696877
3.300000,2.700000,0.500000,13.017540,13.624840,2.019544,1.825183
3.300000,2.700000,0.500000,13.046143,13.644949,2.022204,1.950357
3.300000,2.700000,-0.500000,13.222234,13.554711,1.826044,1.687541
3.300000,2.700000,-0.500000,13.324058,13.453484,1.686873,1.786212
3.300000,2.700000,-0.500000,13.385862,13.357679,1.461278,1.721717
3.300000,2.700000,-0.500000,13.374557,13.471672,1.481056,1.690414
2.700000,2.700000,-0.500000,13.232413,13.186328,1.370827,1.612281
2.700000,2.700000,-0.500000,12.892140,13.143181,1.387683,1.515189
2.700000,2.700000,-0.500000,12.682952,13.060188,1.272332,1.405536
2.700000,2.700000,-0.500000,12.413009,12.938747,1.324158,1.298475
2.700000,2.700000,-0.500000,12.187932,12.776432,1.276691,1.253685
2.700000,2.700000,-0.500000,12.144940,12.593664,1.198462,1.279934
2.700000,2.700000,-0.500000,11.983211,12.485660,1.237429,1.173127
2.700000,2.700000,-0.500000,11.701238,12.545359,1.223310,1.103897
2.700000,2.700000,-0.500000,11.532556,12.281184,1.217710,1.031929
2.700000,2.700000,-0.500000,11.442878,12.079519,1.115050,1.086947
2.700000,2.700000,-0.500000,11.342242,11.899326,1.167339,0.979126
2.700000,2.700000,-0.500000,10.995861,11.801141,1.177063,1.000076
3.300000,3.300000,-0.500000,11.200129,11.970391,1.238372,0.985394
3.300000,3.300000,-0.500000,11.451479,11.971061,1.340734,1.069657
3.300000,3.300000,-0.500000,11.562647,12.105387,1.449328,1.114758
3.300000,3.300000,-0.500000,11.754369,12.072554,1.506751,1.168358
3.300000,3.300000,0.500000,11.820771,12.249245,1.623371,1.363143
3.300000,3.300000,0.500000,11.870089,12.255240,1.749386,1.415214
3.300000,3.300000,0.500000,12.099458,12.390039,1.895699,1.463518
3.300000,3.300000,0.500000,12.332540,12.509805,1.796760,1.593316
3.300000,3.300000,0.500000,12.396883,12.701200,1.989267,1.559672
3.300000,3.300000,0.500000,12.679943,12.871504,1.964597,1.611986
3.300000,3.300000,0.500000,12.734316,13.025614,2.057430,1.728895
3.300000,3.300000,0.500000,12.999471,13.148962,2.034284,1.732304
2.700000,2.700000,0.500000,12.919245,13.041214,1.859098,1.642823
2.700000,2.700000,0.500000,12.770821,13.105185,1.873537,1.633064
2.700000,2.700000,0.500000,12.530307,12.987635,1.804489,1.466937
2.700000,2.700000,0.500000,12.436710,12.898710,1.688032,1.605007
2.700000,2.700000,0.500000,12.304977,12.812109,1.758070,1.602995
2.700000,2.700000,0.500000,12.130460,12.816703,1.717768,1.568517
3.300000,3.300000,0.500000,12.328212,12.936865,1.728165,1.616316
3.300000,3.300000,0.500000,12.473456,12.991257,1.817507,1.706232
3.300000,3.300000,0.500000,12.594475,13.153930,1.843181,1.609088
3.300000,3.300000,0.500000,12.719919,13.278103,1.997232,1.775432
3.300000,3.300000,0.500000,12.914252,13.350910,1.930997,1.743973
3.300000,3.300000,0.500000,13.103268,13.493420,1.928057,1.854199
3.300000,3.300000,-0.500000,13.315129,13.577562,1.874649,1.842153
3.300000,3.300000,-0.500000,13.298862,13.676216,1.899699,1.679429
3.300000,3.300000,-0.500000,13.378909,13.741443,1.818065,1.664349
3.300000,3.300000,-0.500000,13.502865,13.913417,1.873717,1.599514
3.300000,3.300000,-0.500000,13.636999,13.912629,1.776276,1.591887
3.300000,3.300000,-0.500000,13.729924,13.982349,1.919451,1.580294
3.300000,2.700000,-0.500000,13.683808,13.960734,1.692232,1.539192
3.300000,2.700000,-0.500000,13.798751,13.706137,1.612304,1.561921
3.300000,2.700000,-0.500000,13.696593,13.698850,1.458153,1.463456
3.300000,2.700000,-0.500000,13.717007,13.500912,1.428544,1.465436
3.300000,2.700000,-0.500000,13.653881,13.305366,1.404434,1.425494
3.300000,2.700000,-0.500000,13.571564,13.158712,1.404777,1.440759
2.700000,2.700000,-0.500000,13.369413,13.072338,1.331071,1.480506
2.700000,2.700000,-0.500000,13.066836,13.030268,1.254468,1.262305
2.700000,2.700000,-0.500000,12.746717,12.772146,1.202089,1.207501
2.700000,2.700000,-0.500000,12.333886,12.753026,1.251648,1.072167
2.700000,2.700000,-0.500000,12.317266,12.592411,1.241937,1.072834
2.700000,2.700000,-0.500000,12.143342,12.520390,1.173353,1.082490
2.700000,2.700000,-0.500000,11.898611,12.378782,1.227210,1.079853
2.700000,2.700000,-0.500000,11.780424,12.288017,1.168698,1.038738
2.700000,2.700000,0.500000,11.594317,12.144244,1.351351,1.207655
2.700000,2.700000,0.500000,11.315943,11.963517,1.327772,1.188875
2.700000,2.700000,0.500000,11.257696,11.960705,1.348104,1.196950
2.700000,2.700000,0.500000,11.179841,11.874691,1.438505,1.205137
3.300000,3.300000,0.500000,11.269332,12.063764,1.481504,1.451081
3.300000,3.300000,0.500000,11.540366,12.125948,1.630716,1.424905
3.300000,3.300000,0.500000,11.723592,12.360634,1.715630,1.500756
3.300000,3.300000,0.500000,12.053304,12.444864,1.919221,1.642867
3.300000,3.300000,0.500000,12.186022,12.495063,1.877250,1.676619
3.300000,3.300000,0.500000,12.329384,12.737028,1.963205,1.772740
2.700000,3.300000,-0.500000,12.241956,12.850378,1.967038,1.515886
2.700000,3.300000,-0.500000,12.223570,12.996503,1.942060,1.426059
2.700000,3.300000,-0.500000,12.299645,13.016078,1.818568,1.460014
2.700000,3.300000,-0.500000,12.194536,13.112682,1.872780,1.256423
2.700000,3.300000,-0.500000,12.138867,13.166363,1.821029,1.283091
2.700000,3.300000,-0.500000,12.076638,13.270105,1.798610,1.186007
2.700000,2.700000,-0.500000,11.931959,13.071813,1.712296,1.142124
2.700000,2.700000,-0.500000,11.927449,12.977348,1.629210,1.169356
2.700000,2.700000,-0.500000,11.738480,12.807545,1.501352,1.092437
2.700000,2.700000,-0.500000,11.636128,12.593796,1.309585,1.050563
2.700000,2.700000,0.500000,11.567079,12.514784,1.477841,1.153095
2.700000,2.700000,0.500000,11.557557,12.446542,1.450627,1.110705
2.700000,2.700000,0.500000,11.478171,12.319598,1.496517,1.223010
2.700000,2.700000,0.500000,11.276327,12.219876,1.464434,1.118881
2.700000,2.700000,0.500000,11.191972,12.157360,1.553555,1.297703
2.700000,2.700000,0.500000,11.106644,12.003244,1.479654,1.262038
2.700000,2.700000,0.500000,11.153340,11.940482,1.455390,1.255070
2.700000,2.700000,0.500000,11.016226,11.832886,1.439759,1.232196
2.700000,2.700000,0.500000,11.012700,11.766080,1.458836,1.240899
2.700000,2.700000,0.500000,10.962219,11.724177,1.377306,1.295140
2.700000,2.700000,-0.500000,10.818624,11.827452,1.365703,1.327153
2.700000,2.700000,-0.500000,10.757043,11.660594,1.376195,1.253394
2.700000,2.700000,-0.500000,10.727465,11.507306,1.326271,1.095279
2.700000,2.700000,-0.500000,10.723212,11.490687,1.312570,1.115523
3.300000,2.700000,-0.500000,10.797932,11.453435,1.353507,1.113878
3.300000,2.700000,-0.500000,11.049836,11.521087,1.262681,1.203424
3.300000,2.700000,-0.500000,11.124642,11.377138,1.195925,1.248507
3.300000,2.700000,-0.500000,11.192339,11.403684,1.327971,1.208434
3.300000,2.700000,-0.500000,11.301366,11.308109,1.237264,1.310798
3.300000,2.700000,-0.500000,11.477025,11.336142,1.180313,1.314912
3.300000,3.300000,-0.500000,11.527858,11.618563,1.410289,1.306374
3.300000,3.300000,-0.500000,11.641339,11.622187,1.453311,1.251236
3.300000,3.300000,-0.500000,11.739247,11.710278,1.487178,1.334955
3.300000,3.300000,-0.500000,11.852727,11.922510,1.590250,1.280325
3.300000,3.300000,-0.500000,12.028344,12.011234,1.603280,1.425498
3.300000,3.300000,-0.500000,12.165188,12.170554,1.639895,1.289980
3.300000,3.300000,-0.500000,12.212849,12.275429,1.738192,1.356478
3.300000,3.300000,-0.500000,12.398315,12.447574,1.666203,1.367274
3.300000,3.300000,-0.500000,12.472199,12.428867,1.633926,1.400983
3.300000,3.300000,-0.500000,12.628920,12.545272,1.657236,1.310563
3.300000,3.300000,0.500000,12.761931,12.668915,1.803238,1.433774
3.300000,3.300000,0.500000,12.916540,12.817909,1.890853,1.595760
3.300000,3.300000,0.500000,12.980106,12.878868,1.848048,1.470251
3.300000,3.300000,0.500000,13.068441,12.998050,1.869520,1.637861
3.300000,3.300000,0.500000,13.240933,13.047769,1.976635,1.683705
3.300000,3.300000,0.500000,13.317528,13.283429,1.906891,1.837445
3.300000,3.300000,0.500000,13.432057,13.403444,2.022563,1.719719
3.300000,3.300000,0.500000,13.570568,13.450120,1.988350,1.812212
2.700000,3.300000,0.500000,13.319846,13.441052,2.101741,1.806052
2.700000,3.300000,0.500000,13.329553,13.574528,2.136650,1.725664
2.700000,3.300000,-0.500000,13.281427,13.768036,2.106404,1.527402
2.700000,3.300000,-0.500000,13.022738,13.748793,1.974421,1.423697
2.700000,3.300000,-0.500000,12.940327,13.691578,1.891392,1.318249
2.700000,3.300000,-0.500000,12.859200,13.843209,1.866363,1.201359
2.700000,3.300000,-0.500000,12.673459,13.745598,1.796760,1.251946
2.700000,3.300000,-0.500000,12.655082,13.860908,1.889924,1.111913
2.700000,3.300000,-0.500000,12.539882,13.778655,1.910265,1.148754
2.700000,3.300000,-0.500000,12.434463,13.834250,1.818846,1.145938
2.700000,3.300000,-0.500000,12.241010,13.768491,1.800311,1.065665
2.700000,3.300000,-0.500000,12.275823,13.650775,1.869131,1.041370
2.700000,2.700000,0.500000,12.110783,13.539537,1.764466,1.182274
2.700000,2.700000,0.500000,12.090601,13.343791,1.703267,1.214814
2.700000,2.700000,0.500000,11.872943,13.134361,1.668994,1.157114
2.700000,2.700000,0.500000,11.796893,13.139935,1.621118,1.235794
2.700000,2.700000,0.500000,11.761860,12.968377,1.550818,1.207715
2.700000,2.700000,0.500000,11.691871,12.875322,1.658367,1.278967
2.700000,2.700000,0.500000,11.652582,12.591150,1.537623,1.328543
2.700000,2.700000,0.500000,11.569880,12.526014,1.529185,1.357157
2.700000,2.700000,0.500000,11.526239,12.539478,1.523742,1.360136
2.700000,2.700000,0.500000,11.294502,12.401074,1.518114,1.346113
2.700000,2.700000,0.500000,11.329514,12.297764,1.560109,1.426738
2.700000,2.700000,0.500000,11.192245,12.257657,1.494611,1.256471
3.300000,2.700000,0.500000,11.435833,12.200354,1.570395,1.459090
3.300000,2.700000,0.500000,11.651956,12.161686,1.579056,1.530903
3.300000,2.700000,0.500000,11.712256,12.020600,1.478183,1.650722
3.300000,2.700000,0.500000,11.910569,12.073069,1.546484,1.609465
3.300000,2.700000,0.500000,12.025019,12.154631,1.411173,1.729723
3.300000,2.700000,0.500000,12.104921,12.018742,1.476418,1.755929
2.700000,2.700000,0.500000,12.017854,12.123530,1.490194,1.688789
2.700000,2.700000,0.500000,11.798786,12.065729,1.461744,1.663302
2.700000,2.700000,-0.500000,11.636313,12.067163,1.342965,1.522166
2.700000,2.700000,-0.500000,11.614036,12.077259,1.417307,1.457356
2.700000,2.700000,-0.500000,11.375946,11.971281,1.266928,1.333008
2.700000,2.700000,-0.500000,11.250261,11.899591,1.248424,1.260735
2.700000,2.700000,-0.500000,11.226868,11.877686,1.301325,1.123908
2.700000,2.700000,-0.500000,11.105608,11.717384,1.250709,1.168733
2.700000,2.700000,-0.500000,10.841092,11.674598,1.269915,1.111769
2.700000,2.700000,-0.500000,10.716915,11.643315,1.255711,0.967320
2.700000,2.700000,-0.500000,10.747268,11.606021,1.253559,1.011634
2.700000,2.700000,-0.500000,10.559183,11.417534,1.262814,1.018815
2.700000,3.300000,-0.500000,10.565356,11.481655,1.257236,0.996196
2.700000,3.300000,-0.500000,10.569769,11.621244,1.501303,0.977899
2.700000,3.300000,-0.500000,10.471553,11.637172,1.509667,0.971731
2.700000,3.300000,-0.500000,10.551558,11.823771,1.608673,0.914511
2.700000,3.300000,-0.500000,10.483448,11.841438,1.594207,0.930923
2.700000,3.300000,-0.500000,10.548588,11.986278,1.574838,1.037395
3.300000,2.700000,-0.500000,10.743618,11.817626,1.541415,0.893726
3.300000,2.700000,-0.500000,10.911546,11.686237,1.544047,1.107804
3.300000,2.700000,-0.500000,11.212980,11.565752,1.341523,1.152340
3.300000,2.700000,-0.500000,11.281582,11.539191,1.354074,1.224118
3.300000,2.700000,-0.500000,11.357486,11.406068,1.307224,1.184205
3.300000,2.700000,-0.500000,11.572628,11.376393,1.268176,1.198988
2.700000,3.300000,-0.500000,11.434565,11.566894,1.319299,1.244511
2.700000,3.300000,-0.500000,11.314506,11.609091,1.588944,1.144382
2.700000,3.300000,-0.500000,11.286554,11.848751,1.621229,1.107976
2.700000,3.300000,-0.500000,11.249032,11.881706,1.562969,1.014382
2.700000,3.300000,-0.500000,11.171399,11.913692,1.684085,0.989505
2.700000,3.300000,-0.500000,11.111840,11.882637,1.681947,0.988255
2.700000,3.300000,-0.500000,11.105393,12.017561,1.747590,0.923170
2.700000,3.300000,-0.500000,11.150488,12.149004,1.666759,0.952860
2.700000,3.300000,-0.500000,11.053383,12.273067,1.816508,0.919575
2.700000,3.300000,-0.500000,11.023648,12.277684,1.795421,0.883233
2.700000,3.300000,-0.500000,11.075132,12.253424,1.764280,0.889499
2.700000,3.300000,-0.500000,11.045893,12.316000,1.741324,0.896971
3.300000,3.300000,-0.500000,11.361834,12.376916,1.828913,1.017749
3.300000,3.300000,-0.500000,11.512673,12.374597,1.793083,1.080515
3.300000,3.300000,-0.500000,11.757558,12.459953,1.762433,1.136842
3.300000,3.300000,-0.500000,11.872811,12.583422,1.735308,1.228260
3.300000,3.300000,-0.500000,12.279858,12.646079,1.755431,1.249887
3.300000,3.300000,-0.500000,12.297446,12.640206,1.849405,1.337539
3.300000,3.300000,0.500000,12.485714,12.827033,1.828079,1.361523
3.300000,3.300000,0.500000,12.653429,12.801039,1.873461,1.401812
3.300000,3.300000,0.500000,12.730748,12.860658,2.009046,1.417704
3.300000,3.300000,0.500000,12.864651,13.129349,1.964813,1.683811
3.300000,3.300000,0.500000,13.047672,13.206841,2.037765,1.723930
3.300000,3.300000,0.500000,13.199736,13.299622,2.100029,1.752771
3.300000,3.300000,0.500000,13.302047,13.399071,2.169767,1.770140
3.300000,3.300000,0.500000,13.518024,13.487749,2.107132,1.727960
3.300000,3.300000,0.500000,13.559081,13.636653,2.161558,1.739995
3.300000,3.300000,0.500000,13.660869,13.794608,2.153813,1.857920
3.300000,3.300000,0.500000,13.844611,13.941350,2.100836,1.836613
3.300000,3.300000,0.500000,14.022871,13.956812,2.131635,1.885688
3.300000,2.700000,0.500000,14.033151,13.867427,1.974560,1.974019
3.300000,2.700000,0.500000,14.157219,13.814687,1.841766,2.001625
3.300000,2.700000,0.500000,14.103434,13.813567,1.873573,2.034204
3.300000,2.700000,0.500000,14.050862,13.623619,1.759007,1.954450
3.300000,2.700000,0.500000,14.228313,13.630647,1.716579,1.953212
3.300000,2.700000,0.500000,14.165916,13.458125,1.682874,2.017249
2.700000,3.300000,0.500000,14.052144,13.659160,1.712531,1.937720
2.700000,3.300000,0.500000,13.742029,13.749806,1.881160,1.762772
2.700000,3.300000,-0.500000,13.483802,13.877547,1.779026,1.732843
2.700000,3.300000,-0.500000,13.391130,14.040635,1.833706,1.539130
2.700000,3.300000,-0.500000,13.306512,14.117769,1.751993,1.516445
2.700000,3.300000,-0.500000,13.064282,14.144901,1.942137,1.481566
2.700000,3.300000,-0.500000,12.967078,14.156767,1.772729,1.335361
2.700000,3.300000,-0.500000,12.796311,14.125126,1.761880,1.111571
2.700000,3.300000,-0.500000,12.737980,14.127126,1.914853,1.186931
2.700000,3.300000,-0.500000,12.618490,14.122818,1.966896,1.123927
2.700000,3.300000,-0.500000,12.554873,14.098001,1.804978,1.081445
2.700000,3.300000,-0.500000,12.333267,14.159070,1.822588,0.993012
2.700000,3.300000,0.500000,12.328106,14.021614,1.887192,1.142131
2.700000,3.300000,0.500000,12.299765,14.015506,1.981875,1.160275
2.700000,3.300000,0.500000,12.092525,13.950895,1.899338,1.147749
2.700000,3.300000,0.500000,12.163464,13.936367,1.979783,1.222842
2.700000,3.300000,0.500000,12.157070,13.993616,2.012248,1.254274
2.700000,3.300000,0.500000,12.156785,14.012724,2.112216,1.238973
3.300000,3.300000,0.500000,12.360123,13.998281,2.027113,1.421020
3.300000,3.300000,0.500000,12.546838,14.071537,2.036149,1.535052
3.300000,3.300000,0.500000,12.789111,14.203567,2.133728,1.588246
3.300000,3.300000,0.500000,12.976922,14.086828,2.123133,1.610298
3.300000,3.300000,-0.500000,13.047999,14.189991,2.010394,1.534891
3.300000,3.300000,-0.500000,13.185667,14.230783,1.967127,1.564297
2.700000,3.300000,-0.500000,13.152760,14.231664,2.019881,1.501740
2.700000,3.300000,-0.500000,12.944443,14.312048,1.882288,1.307356
2.700000,3.300000,-0.500000,12.888870,14.321582,1.906982,1.412407
2.700000,3.300000,-0.500000,12.702900,14.288786,1.821225,1.168342
2.700000,3.300000,-0.500000,12.633648,14.177729,1.796954,1.199594
2.700000,3.300000,-0.500000,12.517894,14.187180,1.835759,1.232805
2.700000,3.300000,-0.500000,12.362692,14.045566,1.852513,1.143962
2.700000,3.300000,-0.500000,12.292062,14.039146,1.815921,1.062694
2.700000,3.300000,-0.500000,12.166011,14.131328,1.806767,1.047067
2.700000,3.300000,-0.500000,12.128806,14.065559,1.833568,0.974724
2.700000,3.300000,-0.500000,12.036833,13.969426,1.687975,0.988331
2.700000,3.300000,-0.500000,11.938904,14.007812,1.825163,0.901273
3.300000,2.700000,-0.500000,12.257817,13.737238,1.738690,1.092549
3.300000,2.700000,-0.500000,12.286886,13.479726,1.530502,1.118119
3.300000,2.700000,-0.500000,12.294810,13.325591,1.515204,1.130325
3.300000,2.700000,-0.500000,12.310894,13.125430,1.371919,1.173726
3.300000,2.700000,-0.500000,12.469217,13.036868,1.322916,1.245825
3.300000,2.700000,-0.500000,12.581702,12.929245,1.361289,1.367767
3.300000,2.700000,0.500000,12.532360,12.772462,1.372959,1.334305
3.300000,2.700000,0.500000,12.655402,12.685283,1.390234,1.447112
3.300000,2.700000,0.500000,12.669324,12.551734,1.398906,1.618677
3.300000,2.700000,0.500000,12.675207,12.533493,1.465966,1.693643
3.300000,2.700000,0.500000,12.712719,12.422618,1.438044,1.713981
3.300000,2.700000,0.500000,12.755080,12.490456,1.351084,1.654039
3.300000,2.700000,0.500000,12.755562,12.446607,1.419572,1.730937
3.300000,2.700000,0.500000,12.801742,12.327750,1.350698,1.742884
3.300000,2.700000,0.500000,12.860369,12.326180,1.378999,1.834339
3.300000,2.700000,0.500000,12.975358,12.351020,1.404705,1.885938
3.300000,2.700000,0.500000,12.904269,12.364861,1.398231,1.902642
3.300000,2.700000,0.500000,12.996393,12.476543,1.386948,1.884164
2.700000,3.300000,0.500000,12.861225,12.515030,1.635429,1.795763
2.700000,3.300000,0.500000,12.606218,12.711831,1.728930,1.806485
2.700000,3.300000,0.500000,12.495574,12.792672,1.760580,1.616547
2.700000,3.300000,0.500000,12.494107,13.072948,1.870909,1.598884
2.700000,3.300000,0.500000,12.295417,13.158328,1.907107,1.716451
2.700000,3.300000,0.500000,12.293005,13.179176,2.022883,1.712933
3.300000,2.700000,0.500000,12.514331,13.089925,1.776650,1.768525
3.300000,2.700000,0.500000,12.564202,13.042823,1.860334,1.709570
3.300000,2.700000,-0.500000,12.689288,13.005528,1.552572,1.705953
3.300000,2.700000,-0.500000,12.717747,12.820642,1.492162,1.716616
3.300000,2.700000,-0.500000,12.778169,12.753042,1.485806,1.590107
3.300000,2.700000,-0.500000,12.883199,12.790489,1.319177,1.606814
3.300000,3.300000,-0.500000,12.830663,12.884153,1.466339,1.593867
3.300000,3.300000,-0.500000,12.844828,12.969224,1.505893,1.501995
3.300000,3.300000,-0.500000,12.912858,13.088516,1.542079,1.531288
3.300000,3.300000,-0.500000,12.964677,13.049593,1.668631,1.445528
3.300000,3.300000,-0.500000,13.094805,13.323260,1.689905,1.529942
3.300000,3.300000,-0.500000,13.088323,13.397755,1.615309,1.432619
3.300000,2.700000,-0.500000,13.249800,13.283576,1.621515,1.507153
3.300000,2.700000,-0.500000,13.267154,13.166289,1.512954,1.404007
3.300000,2.700000,-0.500000,13.272592,13.051345,1.445300,1.380856
3.300000,2.700000,-0.500000,13.339996,12.874942,1.290987,1.515147
3.300000,2.700000,-0.500000,13.228067,12.828994,1.345980,1.427754
3.300000,2.700000,-0.500000,13.244420,12.720545,1.309076,1.425424
2.700000,2.700000,-0.500000,12.876445,12.576990,1.289107,1.261353
2.700000,2.700000,-0.500000,12.543644,12.438217,1.230198,1.269502
2.700000,2.700000,-0.500000,12.364187,12.493527,1.233682,1.204285
2.700000,2.700000,-0.500000,12.213133,12.346986,1.239408,1.211614
2.700000,2.700000,0.500000,12.022049,12.249992,1.233648,1.093448
2.700000,2.700000,0.500000,11.930199,12.062922,1.347486,1.290306
2.700000,3.300000,0.500000,11.700232,12.244944,1.529924,1.332035
2.700000,3.300000,0.500000,11.638815,12.256120,1.692532,1.243932
2.700000,3.300000,0.500000,11.523327,12.368260,1.732617,1.261341
2.700000,3.300000,0.500000,11.519216,12.521122,1.814738,1.386576
2.700000,3.300000,0.500000,11.540094,12.647003,1.863918,1.298765
2.700000,3.300000,0.500000,11.425616,12.667992,1.912722,1.419982
3.300000,2.700000,0.500000,11.656716,12.583601,1.793347,1.425039
3.300000,2.700000,0.500000,11.890880,12.554154,1.711832,1.554877
3.300000,2.700000,0.500000,12.125904,12.571949,1.685372,1.652013
3.300000,2.700000,0.500000,12.321661,12.488007,1.664863,1.571387
3.300000,2.700000,0.500000,12.371191,12.366117,1.585347,1.679911
3.300000,2.700000,0.500000,12.436687,12.358226,1.666633,1.754024
2.700000,2.700000,0.500000,12.382342,12.422661,1.532492,1.720282
2.700000,2.700000,0.500000,12.151387,12.279312,1.610591,1.590604
2.700000,2.700000,0.500000,11.985249,12.314762,1.490309,1.544773
2.700000,2.700000,0.500000,11.878286,12.347010,1.620961,1.564325
2.700000,2.700000,0.500000,11.898527,12.259349,1.558581,1.515905
2.700000,2.700000,0.500000,11.790948,12.226266,1.544675,1.555388
3.300000,3.300000,0.500000,11.865506,12.424023,1.742609,1.586209
3.300000,3.300000,0.500000,12.166304,12.580695,1.906249,1.634057
3.300000,3.300000,0.500000,12.196322,12.773457,1.864271,1.666839
3.300000,3.300000,0.500000,12.384307,12.854300,1.937442,1.722151
3.300000,3.300000,0.500000,12.497425,13.021791,1.897748,1.782364
3.300000,3.300000,0.500000,12.694491,13.200214,1.939872,1.718176
3.300000,3.300000,0.500000,12.818939,13.328696,2.002366,1.868391
3.300000,3.300000,0.500000,12.934182,13.494009,1.987642,1.876457
3.300000,3.300000,0.500000,13.159297,13.555032,2.142676,1.969489
3.300000,3.300000,0.500000,13.321688,13.777521,2.144216,2.008024
3.300000,3.300000,-0.500000,13.304791,13.876635,2.050802,1.849545
3.300000,3.300000,-0.500000,13.532797,13.920949,2.020032,1.847744
2.700000,3.300000,-0.500000,13.368815,14.043497,1.954474,1.552364
2.700000,3.300000,-0.500000,13.294391,14.093231,1.954170,1.539960
2.700000,3.300000,-0.500000,13.067589,14.129658,1.910755,1.432718
2.700000,3.300000,-0.500000,12.964312,14.210307,1.840745,1.306207
2.700000,3.300000,-0.500000,12.773739,14.163659,1.912076,1.195939
2.700000,3.300000,-0.500000,12.719708,14.129439,1.867111,1.124275
3.300000,3.300000,-0.500000,12.779523,14.116130,1.866284,1.176452
3.300000,3.300000,-0.500000,12.980205,14.025841,1.812335,1.234223
3.300000,3.300000,0.500000,13.054939,14.102160,1.929131,1.347877
3.300000,3.300000,0.500000,13.001475,14.039575,1.937989,1.381672
3.300000,3.300000,0.500000,13.232161,14.218549,1.953425,1.475774
3.300000,3.300000,0.500000,13.345833,14.120840,1.965679,1.534397
3.300000,3.300000,0.500000,13.421157,14.136595,2.045630,1.526179
3.300000,3.300000,0.500000,13.428066,14.277403,2.006968,1.701828
3.300000,3.300000,0.500000,13.542658,14.268997,2.020634,1.804611
3.300000,3.300000,0.500000,13.790557,14.349859,2.011571,1.828541
3.300000,3.300000,0.500000,13.783495,14.372789,2.113648,1.755334
3.300000,3.300000,0.500000,13.987684,14.521381,2.104977,1.887131
2.700000,3.300000,-0.500000,13.809434,14.600504,2.049567,1.687820
2.700000,3.300000,-0.500000,13.599032,14.595471,1.934410,1.566397
2.700000,3.300000,-0.500000,13.430173,14.612271,1.942753,1.466902
2.700000,3.300000,-0.500000,13.374573,14.511330,1.879694,1.422763
2.700000,3.300000,-0.500000,13.335375,14.507227,1.861941,1.376948
2.700000,3.300000,-0.500000,13.021103,14.592227,1.912815,1.256496
3.300000,2.700000,-0.500000,13.191728,14.231145,1.885494,1.325010
3.300000,2.700000,-0.500000,13.155887,14.163680,1.647863,1.248508
3.300000,2.700000,-0.500000,13.187943,13.852763,1.451339,1.332031
3.300000,2.700000,-0.500000,13.272368,13.702422,1.445355,1.357473
3.300000,2.700000,-0.500000,13.312407,13.527365,1.404821,1.256378
3.300000,2.700000,-0.500000,13.264497,13.449236,1.413872,1.316265
3.300000,2.700000,-0.500000,13.223173,13.330295,1.279051,1.365498
3.300000,2.700000,-0.500000,13.167091,13.152857,1.281623,1.352772
3.300000,2.700000,-0.500000,13.195656,13.036655,1.270134,1.367060
3.300000,2.700000,-0.500000,13.176022,12.956517,1.225217,1.355244
3.300000,2.700000,-0.500000,13.263574,12.834712,1.298225,1.351611
3.300000,2.700000,-0.500000,13.052164,12.728538,1.225826,1.345597
3.300000,3.300000,-0.500000,13.049465,12.855501,1.391971,1.351729
3.300000,3.300000,-0.500000,13.047656,12.774979,1.417605,1.373773
3.300000,3.300000,0.500000,13.096675,12.958906,1.612092,1.477384
3.300000,3.300000,0.500000,13.018993,13.105973,1.688596,1.571008
3.300000,3.300000,0.500000,13.218493,13.121419,1.755339,1.701854
3.300000,3.300000,0.500000,13.336377,13.278756,1.878918,1.716983
2.700000,3.300000,0.500000,13.128466,13.384484,1.832709,1.698938
2.700000,3.300000,0.500000,13.006253,13.510617,2.022803,1.581709
2.700000,3.300000,0.500000,12.969179,13.627602,2.040362,1.625609
2.700000,3.300000,0.500000,12.906419,13.631756,1.953332,1.579091
2.700000,3.300000,0.500000,12.834181,13.617527,2.057654,1.439574
2.700000,3.300000,0.500000,12.765039,13.802364,2.060476,1.613642
3.300000,3.300000,-0.500000,12.886188,13.896218,1.974876,1.475788
3.300000,3.300000,-0.500000,12.988286,13.869846,1.963419,1.448585
3.300000,3.300000,-0.500000,13.105808,13.915136,1.857716,1.477176
3.300000,3.300000,-0.500000,13.190177,14.022702,1.854046,1.525160
3.300000,3.300000,-0.500000,13.315641,14.035338,1.917293,1.415295
3.300000,3.300000,-0.500000,13.412009,14.078009,1.859400,1.361103
3.300000,2.700000,-0.500000,13.541378,13.921781,1.763235,1.501189
3.300000,2.700000,-0.500000,13.609688,13.722355,1.584007,1.444760
3.300000,2.700000,-0.500000,13.668753,13.547731,1.486897,1.496344
3.300000,2.700000,-0.500000,13.653810,13.518511,1.566095,1.415951
3.300000,2.700000,0.500000,13.627962,13.460049,1.429365,1.555362
3.300000,2.700000,0.500000,13.573357,13.290077,1.482174,1.587589
2.700000,2.700000,0.500000,13.215290,13.214106,1.420656,1.479258
2.700000,2.700000,0.500000,12.971438,13.077349,1.480339,1.478707
2.700000,2.700000,0.500000,12.763202,13.087149,1.439799,1.575201
2.700000,2.700000,0.500000,12.641474,12.936077,1.466882,1.589225
2.700000,2.700000,0.500000,12.442928,12.754171,1.439975,1.530839
2.700000,2.700000,0.500000,12.352164,12.822800,1.437349,1.458993
3.300000,2.700000,0.500000,12.352543,12.724516,1.497221,1.638261
3.300000,2.700000,0.500000,12.513492,12.668776,1.466911,1.516509
3.300000,2.700000,-0.500000,12.518398,12.616955,1.432824,1.619310
3.300000,2.700000,-0.500000,12.521016,12.639309,1.379110,1.563514
3.300000,2.700000,-0.500000,12.689891,12.523324,1.303768,1.521285
3.300000,2.700000,-0.500000,12.583957,12.506856,1.266163,1.478909
3.300000,3.300000,-0.500000,12.575306,12.580209,1.445470,1.541372
3.300000,3.300000,-0.500000,12.646308,12.765000,1.415770,1.469334
3.300000,3.300000,-0.500000,12.757829,12.800789,1.513490,1.515293
3.300000,3.300000,-0.500000,12.810586,12.922330,1.526979,1.497416
3.300000,3.300000,-0.500000,12.991140,12.954009,1.667452,1.476056
3.300000,3.300000,-0.500000,12.923755,13.099011,1.638002,1.372482
