v1,v2,d,h1,h2,h3,h4
2.850000,3.450000,-0.500000,13.222499,14.314945,4.835442,5.329241
2.850000,3.450000,-0.500000,13.079539,14.257618,4.964214,5.158215
2.850000,3.450000,-0.500000,13.061339,14.305339,5.119452,5.061917
2.850000,3.450000,-0.500000,12.986490,14.227424,4.924024,4.890342
2.850000,3.450000,-0.500000,12.915803,14.350540,5.034102,4.854384
2.850000,3.450000,-0.500000,12.749347,14.220927,5.082145,4.693223
3.450000,3.450000,-0.500000,12.891908,14.293176,5.120014,4.809494
3.450000,3.450000,-0.500000,13.008414,14.177616,5.176339,4.831204
3.450000,3.450000,-0.500000,13.064573,14.150009,5.252917,4.913857
3.450000,3.450000,-0.500000,13.233435,14.113559,5.239362,4.924296
3.450000,3.450000,-0.500000,13.148643,14.183354,5.253326,5.013408
3.450000,3.450000,-0.500000,13.219203,14.145903,5.355759,4.891601
3.450000,3.450000,-0.500000,13.331822,14.117956,5.158483,5.036232
3.450000,3.450000,-0.500000,13.551055,14.177870,5.295784,4.969137
3.450000,3.450000,-0.500000,13.469367,14.123182,5.227124,4.976954
3.450000,3.450000,-0.500000,13.579623,14.103065,5.300227,5.125469
3.450000,3.450000,-0.500000,13.625655,14.102219,5.330684,5.176624
3.450000,3.450000,-0.500000,13.736341,14.242531,5.306449,5.229742
2.850000,2.850000,-0.500000,13.562597,14.076675,5.063225,5.019365
2.850000,2.850000,-0.500000,13.440071,13.888663,4.894266,4.961125
2.850000,2.850000,0.500000,13.271311,13.991809,4.753480,4.885301
2.850000,2.850000,0.500000,13.220821,13.833689,4.734230,4.840568
2.850000,2.850000,0.500000,13.066638,13.614161,4.621692,4.770928
2.850000,2.850000,0.500000,12.924517,13.667410,4.553255,4.789157
2.850000,3.450000,0.500000,12.869638,13.581836,4.732275,4.770651
2.850000,3.450000,0.500000,12.691822,13.513726,4.910264,4.758356
2.850000,3.450000,0.500000,12.518863,13.699242,4.987506,4.646281
2.850000,3.450000,0.500000,12.549569,13.641746,5.067400,4.717546
2.850000,3.450000,0.500000,12.506953,13.639974,5.179683,4.687739
2.850000,3.450000,0.500000,12.537797,13.598702,5.280998,4.655049
3.450000,3.450000,0.500000,12.657777,13.686083,5.350620,4.839893
3.450000,3.450000,0.500000,12.667504,13.619686,5.462387,4.984479
3.450000,3.450000,0.500000,12.864480,13.645676,5.446890,5.120008
3.450000,3.450000,0.500000,13.055923,13.645624,5.634952,5.146262
3.450000,3.450000,0.500000,13.204065,13.706258,5.601782,5.395702
3.450000,3.450000,0.500000,13.329586,13.797808,5.640519,5.398689
3.450000,3.450000,0.500000,13.395500,13.893904,5.639726,5.550433
3.450000,3.450000,0.500000,13.583507,13.930134,5.637148,5.548330
3.450000,3.450000,0.500000,13.514762,13.915471,5.669102,5.657003
3.450000,3.450000,0.500000,13.633198,14.001677,5.639392,5.652747
3.450000,3.450000,0.500000,13.746180,14.097546,5.813475,5.741937
3.450000,3.450000,0.500000,13.920341,14.072106,5.845035,5.784930
2.850000,2.850000,0.500000,13.823845,14.186956,5.617170,5.643820
2.850000,2.850000,0.500000,13.706144,14.128275,5.389026,5.622454
2.850000,2.850000,0.500000,13.621142,14.034925,5.206881,5.437166
2.850000,2.850000,0.500000,13.472779,14.011183,5.106842,5.363290
2.850000,2.850000,0.500000,13.417734,13.942266,5.054615,5.247256
2.850000,2.850000,0.500000,13.185542,13.869559,4.895923,5.135117
3.450000,2.850000,0.500000,13.266296,13.734291,4.826237,5.382099
3.450000,2.850000,0.500000,13.283118,13.660483,4.726214,5.331168
3.450000,2.850000,0.500000,13.184270,13.583571,4.459330,5.449657
3.450000,2.850000,0.500000,13.231307,13.615158,4.583159,5.480896
3.450000,2.850000,0.500000,13.166287,13.567889,4.493247,5.620214
3.450000,2.850000,0.500000,13.219009,13.621496,4.505357,5.613647
3.450000,2.850000,0.500000,13.178716,13.552054,4.403272,5.768399
3.450000,2.850000,0.500000,13.157945,13.556346,4.415127,5.849546
3.450000,2.850000,0.500000,13.076917,13.586658,4.275068,5.821258
3.450000,2.850000,0.500000,12.986806,13.623326,4.234248,5.958931
3.450000,2.850000,0.500000,12.999674,13.595600,4.275889,6.015463
3.450000,2.850000,0.500000,13.060360,13.515418,4.126415,6.109198
3.450000,3.450000,-0.500000,12.907742,13.668301,4.465013,6.038598
3.450000,3.450000,-0.500000,12.793322,13.852288,4.514829,5.822941
3.450000,3.450000,-0.500000,12.988554,13.970978,4.578299,5.898186
3.450000,3.450000,-0.500000,12.987483,13.952296,4.694262,5.872529
3.450000,3.450000,-0.500000,13.035435,14.068845,4.731101,5.769650
3.450000,3.450000,-0.500000,13.062951,14.112425,4.938233,5.779956
2.850000,2.850000,-0.500000,12.848705,13.941646,4.703743,5.609129
2.850000,2.850000,-0.500000,12.777547,14.033236,4.527256,5.356345
2.850000,2.850000,-0.500000,12.606940,14.027548,4.421037,5.238374
2.850000,2.850000,-0.500000,12.548084,14.013906,4.323252,5.075865
2.850000,2.850000,0.500000,12.458915,13.865157,4.359947,5.029996
2.850000,2.850000,0.500000,12.188041,13.687966,4.132650,4.898404
2.850000,2.850000,0.500000,12.265861,13.686175,4.225613,4.926734
2.850000,2.850000,0.500000,12.010460,13.527661,4.277833,4.975828
2.850000,2.850000,0.500000,11.936870,13.561605,4.127385,4.935861
2.850000,2.850000,0.500000,11.932665,13.450769,4.193526,4.823804
2.850000,2.850000,0.500000,11.693755,13.306931,4.156276,4.841340
2.850000,2.850000,0.500000,11.649069,13.297266,4.260146,4.807737
3.450000,3.450000,0.500000,11.717570,13.253930,4.414990,4.901577
3.450000,3.450000,0.500000,11.880919,13.376016,4.580523,5.092394
3.450000,3.450000,-0.500000,11.939084,13.428182,4.657345,5.095216
3.450000,3.450000,-0.500000,12.177670,13.392456,4.732058,5.164909
3.450000,3.450000,-0.500000,12.149437,13.505916,4.830169,5.184929
3.450000,3.450000,-0.500000,12.299531,13.652469,4.956429,5.206355
2.850000,3.450000,-0.500000,12.300243,13.601021,5.044347,5.009526
2.850000,3.450000,-0.500000,12.211392,13.655842,5.017070,4.874996
2.850000,3.450000,-0.500000,12.171448,13.617701,4.966863,4.744977
2.850000,3.450000,-0.500000,12.179494,13.588532,5.106445,4.656656
2.850000,3.450000,-0.500000,12.241811,13.549348,5.111991,4.692413
2.850000,3.450000,-0.500000,12.179242,13.725613,5.275848,4.541826
3.450000,2.850000,0.500000,12.335352,13.560055,4.935931,4.693880
3.450000,2.850000,0.500000,12.506016,13.462206,4.937109,4.858331
3.450000,2.850000,0.500000,12.509134,13.341202,4.855585,4.953300
3.450000,2.850000,0.500000,12.585455,13.202309,4.749987,5.039656
3.450000,2.850000,0.500000,12.598194,13.250126,4.624607,5.126955
3.450000,2.850000,0.500000,12.639433,13.182724,4.596672,5.255712
2.850000,3.450000,0.500000,12.539104,13.267376,4.650346,5.213038
2.850000,3.450000,0.500000,12.527001,13.312672,4.817918,5.249340
2.850000,3.450000,0.500000,12.451142,13.353580,4.867033,5.080863
2.850000,3.450000,0.500000,12.387728,13.403099,4.997880,5.072492
2.850000,3.450000,-0.500000,12.367863,13.386693,5.069616,4.879302
2.850000,3.450000,-0.500000,12.258720,13.552340,5.168944,4.699092
2.850000,2.850000,-0.500000,12.239467,13.383191,4.884246,4.672578
2.850000,2.850000,-0.500000,12.263236,13.304378,4.641953,4.590307
2.850000,2.850000,-0.500000,12.215345,13.117382,4.574965,4.564090
2.850000,2.850000,-0.500000,12.086695,13.102707,4.448610,4.549533
2.850000,2.850000,-0.500000,12.065104,12.975414,4.258009,4.348646
2.850000,2.850000,-0.500000,11.916905,12.984766,4.366475,4.336312
2.850000,2.850000,-0.500000,11.854631,12.738569,4.262377,4.196433
2.850000,2.850000,-0.500000,11.830784,12.695665,4.079891,4.074660
2.850000,2.850000,0.500000,11.624223,12.664193,4.090741,4.207849
2.850000,2.850000,0.500000,11.596946,12.615209,4.203058,4.231912
2.850000,2.850000,0.500000,11.556628,12.539144,4.225041,4.309754
2.850000,2.850000,0.500000,11.412282,12.451400,4.206580,4.377510
2.850000,2.850000,0.500000,11.414546,12.310241,4.268515,4.296320
2.850000,2.850000,0.500000,11.340502,12.289894,4.078649,4.380725
2.850000,2.850000,0.500000,11.396975,12.179302,4.131938,4.386117
2.850000,2.850000,0.500000,11.346483,12.161772,4.124947,4.472624
2.850000,2.850000,0.500000,11.243681,12.165833,4.364566,4.439255
2.850000,2.850000,0.500000,11.136868,12.161378,4.289811,4.486198
2.850000,2.850000,0.500000,11.217114,12.089190,4.217186,4.583292
2.850000,2.850000,0.500000,11.066007,12.015569,4.184826,4.559919
2.850000,2.850000,0.500000,11.014840,12.003751,4.153205,4.447050
2.850000,2.850000,0.500000,11.129214,12.008133,4.233567,4.555151
2.850000,2.850000,0.500000,11.036664,11.900699,4.108144,4.510033
2.850000,2.850000,0.500000,10.997353,11.886114,4.202246,4.482266
2.850000,3.450000,0.500000,11.015102,12.126490,4.419124,4.553114
2.850000,3.450000,0.500000,11.035660,12.174881,4.576053,4.469667
2.850000,3.450000,0.500000,11.033782,12.108716,4.807822,4.542157
2.850000,3.450000,0.500000,11.019581,12.262764,4.843234,4.482226
2.850000,3.450000,0.500000,11.187238,12.220279,5.096046,4.473698
2.850000,3.450000,0.500000,11.124829,12.390734,5.208105,4.501924
2.850000,2.850000,0.500000,11.308798,12.256462,5.080492,4.612276
2.850000,2.850000,0.500000,11.285931,12.214300,4.901694,4.586320
2.850000,2.850000,0.500000,11.326274,12.218530,4.799352,4.479840
2.850000,2.850000,0.500000,11.335533,12.218613,4.732722,4.596200
2.850000,2.850000,0.500000,11.363114,12.222542,4.716823,4.468990
2.850000,2.850000,0.500000,11.431066,12.139434,4.573867,4.491969
2.850000,3.450000,0.500000,11.436790,12.175132,4.792863,4.551643
2.850000,3.450000,0.500000,11.483371,12.221721,4.869876,4.591065
2.850000,3.450000,-0.500000,11.407712,12.361108,4.951511,4.389764
2.850000,3.450000,-0.500000,11.522986,12.371544,5.078295,4.304114
2.850000,3.450000,-0.500000,11.624649,12.340959,4.991070,4.279470
2.850000,3.450000,-0.500000,11.587553,12.363612,5.036799,4.204057
2.850000,2.850000,-0.500000,11.643264,12.233766,4.830744,4.130352
2.850000,2.850000,-0.500000,11.570045,12.163462,4.686173,4.065111
2.850000,2.850000,-0.500000,11.612435,12.159361,4.618439,4.029207
2.850000,2.850000,-0.500000,11.496416,12.100903,4.428963,3.962604
2.850000,2.850000,-0.500000,11.489142,11.998225,4.281533,3.975126
2.850000,2.850000,-0.500000,11.536382,11.888234,4.305332,4.038805
3.450000,2.850000,0.500000,11.602104,11.842045,4.231465,4.318028
3.450000,2.850000,0.500000,11.666241,11.822819,4.248997,4.374899
3.450000,2.850000,0.500000,11.758028,11.682571,4.232624,4.600240
3.450000,2.850000,0.500000,11.796256,11.748448,4.199649,4.816560
3.450000,2.850000,0.500000,11.863580,11.808513,4.181533,4.827667
3.450000,2.850000,0.500000,11.835709,11.798561,4.218032,5.069532
3.450000,2.850000,0.500000,11.796013,11.805198,4.211132,5.214992
3.450000,2.850000,0.500000,11.882373,11.867807,4.261505,5.265190
3.450000,2.850000,0.500000,11.903380,11.829066,4.142381,5.280064
3.450000,2.850000,0.500000,12.051789,12.026773,4.142555,5.487006
3.450000,2.850000,-0.500000,12.001170,11.970767,4.081183,5.486643
3.450000,2.850000,-0.500000,12.114001,12.093828,4.067156,5.366874
3.450000,3.450000,-0.500000,12.149061,12.092960,4.204159,5.562401
3.450000,3.450000,-0.500000,12.106640,12.372895,4.290703,5.399818
3.450000,3.450000,-0.500000,12.151273,12.506240,4.439257,5.461146
3.450000,3.450000,-0.500000,12.224817,12.527109,4.608628,5.446426
3.450000,3.450000,-0.500000,12.223912,12.672280,4.568406,5.413523
3.450000,3.450000,-0.500000,12.355784,12.804501,4.632781,5.388499
2.850000,2.850000,-0.500000,12.358419,12.833621,4.624645,5.197514
2.850000,2.850000,-0.500000,12.188547,12.797307,4.552917,5.181202
2.850000,2.850000,-0.500000,12.007128,12.749071,4.377747,4.912368
2.850000,2.850000,-0.500000,11.865534,12.726026,4.257246,4.835264
2.850000,2.850000,-0.500000,11.868830,12.758573,4.171032,4.691314
2.850000,2.850000,-0.500000,11.763377,12.616108,4.120807,4.649333
3.450000,3.450000,-0.500000,11.729579,12.706667,4.156292,4.653163
3.450000,3.450000,-0.500000,11.945148,12.638601,4.297985,4.717686
3.450000,3.450000,-0.500000,11.887896,12.832182,4.420309,4.801483
3.450000,3.450000,-0.500000,12.013572,12.883665,4.599098,4.900552
3.450000,3.450000,-0.500000,12.062782,12.893938,4.742789,4.922986
3.450000,3.450000,-0.500000,12.234463,12.987325,4.759277,4.936329
3.450000,2.850000,-0.500000,12.285565,12.929285,4.556286,4.931059
3.450000,2.850000,-0.500000,12.338616,12.933414,4.557417,4.972336
3.450000,2.850000,-0.500000,12.427683,12.869232,4.281135,5.027330
3.450000,2.850000,-0.500000,12.458486,12.857059,4.202212,5.076106
3.450000,2.850000,-0.500000,12.370884,12.707305,4.107967,5.145645
3.450000,2.850000,-0.500000,12.356085,12.752271,4.009586,5.109969
2.850000,3.450000,-0.500000,12.155980,12.839010,4.339887,4.982939
2.850000,3.450000,-0.500000,12.129228,12.981732,4.387902,4.923681
2.850000,3.450000,-0.500000,12.090928,12.952670,4.585902,4.720803
2.850000,3.450000,-0.500000,12.066440,12.971051,4.577877,4.756497
2.850000,3.450000,0.500000,12.003288,13.015188,4.870570,4.711471
2.850000,3.450000,0.500000,12.080237,13.131406,4.964771,4.615586
2.850000,2.850000,0.500000,12.018306,12.956767,4.853468,4.648356
2.850000,2.850000,0.500000,11.997732,12.955225,4.648892,4.693448
2.850000,2.850000,0.500000,11.857862,12.874388,4.653048,4.610000
2.850000,2.850000,0.500000,11.808172,12.798483,4.604801,4.642568
2.850000,2.850000,0.500000,11.709324,12.702807,4.528239,4.718243
2.850000,2.850000,0.500000,11.684705,12.631776,4.525107,4.542783
3.450000,3.450000,0.500000,11.784368,12.756200,4.650554,4.770706
3.450000,3.450000,0.500000,11.930067,12.696358,4.796337,4.882486
3.450000,3.450000,0.500000,11.949940,12.815274,4.922920,5.031162
3.450000,3.450000,0.500000,12.179715,12.943889,5.037630,5.227222
3.450000,3.450000,0.500000,12.457439,12.948638,5.221345,5.318195
3.450000,3.450000,0.500000,12.515284,13.078692,5.280191,5.386764
3.450000,2.850000,0.500000,12.608772,13.151780,5.247163,5.442958
3.450000,2.850000,0.500000,12.628609,13.012769,5.050313,5.572952
3.450000,2.850000,0.500000,12.770331,12.986477,4.845177,5.614319
3.450000,2.850000,0.500000,12.904785,13.078705,4.836146,5.679608
3.450000,2.850000,0.500000,12.909573,13.088407,4.749367,5.827556
3.450000,2.850000,0.500000,12.858604,13.196574,4.753297,5.953095
3.450000,2.850000,-0.500000,12.943921,13.195587,4.525971,5.809359
3.450000,2.850000,-0.500000,12.916569,13.125921,4.395034,5.823037
3.450000,2.850000,-0.500000,12.993827,13.160326,4.358256,5.707470
3.450000,2.850000,-0.500000,12.911794,13.191007,4.264793,5.870459
3.450000,2.850000,-0.500000,12.836622,13.154726,4.095041,5.587860
3.450000,2.850000,-0.500000,12.886552,13.205252,4.135569,5.667475
2.850000,2.850000,-0.500000,12.634769,13.126232,3.862178,5.494047
2.850000,2.850000,-0.500000,12.524376,13.146052,4.086108,5.402145
2.850000,2.850000,-0.500000,12.275076,13.157870,3.991842,5.183466
2.850000,2.850000,-0.500000,12.115819,13.228823,3.939612,5.073293
2.850000,2.850000,-0.500000,11.982860,13.167721,3.884465,5.010971
2.850000,2.850000,-0.500000,11.756669,13.055763,3.833594,4.850352
3.450000,3.450000,-0.500000,11.866971,13.000721,3.981649,4.746795
3.450000,3.450000,-0.500000,11.920656,13.105563,4.184241,4.985955
3.450000,3.450000,-0.500000,11.992609,13.189845,4.385785,4.943172
3.450000,3.450000,-0.500000,12.076632,13.285531,4.474653,4.986529
3.450000,3.450000,-0.500000,12.082152,13.289323,4.546559,5.037968
3.450000,3.450000,-0.500000,12.188874,13.371134,4.599435,5.058187
3.450000,3.450000,-0.500000,12.204492,13.390615,4.763850,5.175252
3.450000,3.450000,-0.500000,12.368674,13.406565,4.717612,5.176426
3.450000,3.450000,0.500000,12.468101,13.476707,5.004004,5.238920
3.450000,3.450000,0.500000,12.585597,13.496699,5.058931,5.402796
3.450000,3.450000,0.500000,12.609678,13.728453,5.182595,5.400224
3.450000,3.450000,0.500000,12.807861,13.705679,5.254604,5.569351
3.450000,3.450000,0.500000,12.856091,13.726997,5.280497,5.646613
3.450000,3.450000,0.500000,12.991404,13.868555,5.364041,5.726523
3.450000,3.450000,0.500000,13.149798,13.975622,5.524667,5.878064
3.450000,3.450000,0.500000,13.233454,14.003795,5.523487,5.804904
3.450000,3.450000,0.500000,13.301042,14.012285,5.524600,5.916994
3.450000,3.450000,0.500000,13.506123,14.228650,5.645516,5.898630
3.450000,2.850000,0.500000,13.594206,14.200665,5.475671,6.054854
3.450000,2.850000,0.500000,13.541293,14.169275,5.367192,5.956071
3.450000,2.850000,0.500000,13.606878,14.146502,5.132286,6.053001
3.450000,2.850000,0.500000,13.617940,14.107768,5.048965,6.126384
3.450000,2.850000,0.500000,13.610385,14.204704,4.983306,6.146108
3.450000,2.850000,0.500000,13.642569,14.176315,4.828205,6.202533
3.450000,3.450000,0.500000,13.726275,14.172180,5.017104,6.153957
3.450000,3.450000,0.500000,13.745710,14.361920,5.084373,6.228235
3.450000,3.450000,0.500000,13.742918,14.371167,5.342104,6.253714
3.450000,3.450000,0.500000,13.818664,14.587931,5.271208,6.228512
3.450000,3.450000,0.500000,13.783117,14.646045,5.381361,6.383998
3.450000,3.450000,0.500000,13.941883,14.695080,5.537913,6.374042
3.450000,3.450000,0.500000,13.880516,14.824363,5.502212,6.370490
3.450000,3.450000,0.500000,13.951647,14.905790,5.569387,6.359979
3.450000,3.450000,0.500000,14.013075,15.021163,5.590209,6.457561
3.450000,3.450000,0.500000,13.948222,15.016446,5.653330,6.414007
3.450000,3.450000,0.500000,14.198563,15.024642,5.806452,6.458338
3.450000,3.450000,0.500000,14.222523,15.163668,5.771772,6.364360
2.850000,3.450000,0.500000,14.098475,15.209880,5.770023,6.282439
2.850000,3.450000,0.500000,14.032703,15.309151,5.905567,6.145830
2.850000,3.450000,0.500000,14.076859,15.307794,5.888969,5.967087
2.850000,3.450000,0.500000,13.889574,15.361513,5.918472,5.849083
2.850000,3.450000,0.500000,13.944839,15.314897,5.824558,5.713411
2.850000,3.450000,0.500000,13.877366,15.367264,5.946218,5.706850
3.450000,3.450000,0.500000,13.939031,15.288167,5.772626,5.731599
3.450000,3.450000,0.500000,14.146591,15.328482,5.920241,5.845483
3.450000,3.450000,0.500000,14.199433,15.417518,5.988454,5.883442
3.450000,3.450000,0.500000,14.151766,15.435541,5.955111,5.958242
3.450000,3.450000,0.500000,14.353418,15.372603,5.855489,5.978234
3.450000,3.450000,0.500000,14.471551,15.409144,5.920905,6.043481
2.850000,3.450000,-0.500000,14.368965,15.381079,5.867563,5.805374
2.850000,3.450000,-0.500000,14.303641,15.391913,5.929374,5.676959
2.850000,3.450000,-0.500000,14.232762,15.456304,5.723414,5.470239
2.850000,3.450000,-0.500000,14.121079,15.436766,5.755031,5.355304
2.850000,3.450000,-0.500000,13.991797,15.350512,5.761725,5.117251
2.850000,3.450000,-0.500000,13.870228,15.417211,5.718029,4.922930
3.450000,2.850000,-0.500000,14.036894,15.143895,5.409930,5.024288
3.450000,2.850000,-0.500000,14.058123,15.041580,5.183288,5.110619
3.450000,2.850000,-0.500000,14.069219,14.896643,4.962441,5.068523
3.450000,2.850000,-0.500000,13.987063,14.674504,4.717237,5.152762
3.450000,2.850000,0.500000,14.015426,14.636409,4.698321,5.104434
3.450000,2.850000,0.500000,13.939783,14.523883,4.578393,5.451044
3.450000,2.850000,0.500000,13.934621,14.449102,4.660179,5.457308
3.450000,2.850000,0.500000,13.866450,14.374473,4.564195,5.704376
3.450000,2.850000,0.500000,13.828234,14.246955,4.487628,5.706888
3.450000,2.850000,0.500000,13.638305,14.203294,4.390684,5.703905
3.450000,2.850000,0.500000,13.701922,14.250825,4.415662,5.804174
3.450000,2.850000,0.500000,13.653536,14.113003,4.385836,5.870050
3.450000,2.850000,0.500000,13.523458,14.103672,4.367701,5.918342
3.450000,2.850000,0.500000,13.537070,14.160210,4.230306,5.978065
3.450000,2.850000,-0.500000,13.399350,14.076657,4.161358,5.886757
3.450000,2.850000,-0.500000,13.234116,13.981918,4.086237,5.952796
3.450000,2.850000,-0.500000,13.203904,14.014466,4.020446,5.862906
3.450000,2.850000,-0.500000,13.108811,13.966636,3.965048,5.856114
3.450000,3.450000,-0.500000,13.151332,14.184725,4.228702,5.779894
3.450000,3.450000,-0.500000,13.152460,14.091292,4.293368,5.807968
3.450000,3.450000,-0.500000,13.034396,14.191828,4.387861,5.805824
3.450000,3.450000,-0.500000,13.015726,14.278870,4.557786,5.625014
3.450000,3.450000,-0.500000,13.013226,14.308581,4.519753,5.676782
3.450000,3.450000,-0.500000,13.015524,14.316773,4.697034,5.623760
2.850000,2.850000,-0.500000,12.875989,14.333539,4.514589,5.420658
2.850000,2.850000,-0.500000,12.800746,14.266120,4.428930,5.264615
2.850000,2.850000,-0.500000,12.520887,14.094579,4.371444,5.152456
2.850000,2.850000,-0.500000,12.538598,14.002772,4.168108,4.905389
2.850000,2.850000,-0.500000,12.208031,13.799334,4.054107,4.948883
2.850000,2.850000,-0.500000,12.221145,13.823921,4.072869,4.812730
2.850000,3.450000,-0.500000,12.115630,13.784553,4.223843,4.610114
2.850000,3.450000,-0.500000,11.961315,13.854453,4.346198,4.551822
2.850000,3.450000,-0.500000,11.851668,13.701603,4.558460,4.434086
2.850000,3.450000,-0.500000,11.832019,13.812691,4.681781,4.383067
2.850000,3.450000,0.500000,11.886477,13.850066,4.830851,4.400650
2.850000,3.450000,0.500000,11.889410,13.646831,4.854271,4.471181
2.850000,3.450000,0.500000,11.807223,13.589911,4.962541,4.528691
2.850000,3.450000,0.500000,11.879366,13.661133,5.082734,4.486015
2.850000,3.450000,0.500000,11.879721,13.602243,5.133955,4.446272
2.850000,3.450000,0.500000,11.870022,13.633623,5.297767,4.532184
2.850000,3.450000,0.500000,11.787830,13.569952,5.292634,4.332077
2.850000,3.450000,0.500000,11.949417,13.585956,5.403714,4.481070
2.850000,2.850000,0.500000,12.010773,13.467363,5.238666,4.469773
2.850000,2.850000,0.500000,11.987533,13.404903,5.146789,4.437012
2.850000,2.850000,-0.500000,11.967302,13.279369,4.970205,4.348575
2.850000,2.850000,-0.500000,11.934452,13.036377,4.829798,4.406576
2.850000,2.850000,-0.500000,12.027240,12.987593,4.579242,4.248278
2.850000,2.850000,-0.500000,11.794762,12.949805,4.522677,4.186651
3.450000,2.850000,-0.500000,11.944169,12.839397,4.338545,4.335081
3.450000,2.850000,-0.500000,11.966930,12.789334,4.215156,4.275815
3.450000,2.850000,-0.500000,12.084437,12.693079,4.136782,4.565804
3.450000,2.850000,-0.500000,12.152874,12.614149,4.127692,4.601103
3.450000,2.850000,-0.500000,12.098034,12.576087,4.065193,4.614836
3.450000,2.850000,-0.500000,12.115752,12.543085,4.001370,4.660916
3.450000,3.450000,-0.500000,12.193015,12.515705,4.262047,4.756901
3.450000,3.450000,-0.500000,12.148308,12.568049,4.309779,4.841711
3.450000,3.450000,-0.500000,12.190224,12.742156,4.458285,4.902464
3.450000,3.450000,-0.500000,12.319466,12.816509,4.602041,4.932176
3.450000,3.450000,-0.500000,12.357506,12.910174,4.584491,5.030363
3.450000,3.450000,-0.500000,12.479171,12.872242,4.664547,5.036969
2.850000,3.450000,-0.500000,12.361116,13.002379,4.735126,4.951762
2.850000,3.450000,-0.500000,12.398516,12.972857,4.842464,4.856779
2.850000,3.450000,-0.500000,12.327608,13.066316,5.010233,4.658224
2.850000,3.450000,-0.500000,12.236861,13.169008,4.999926,4.607991
2.850000,3.450000,-0.500000,12.228534,13.000239,5.088798,4.552574
2.850000,3.450000,-0.500000,12.184372,13.207704,5.149530,4.372581
3.450000,3.450000,-0.500000,12.368921,13.126659,5.098594,4.474575
3.450000,3.450000,-0.500000,12.503897,13.125038,4.989303,4.587522
3.450000,3.450000,-0.500000,12.625733,13.070620,5.095988,4.710272
3.450000,3.450000,-0.500000,12.683365,13.067133,5.083185,4.723920
3.450000,3.450000,-0.500000,12.902811,13.270172,5.117750,4.769670
3.450000,3.450000,-0.500000,12.924426,13.271428,5.218164,4.872782
3.450000,3.450000,-0.500000,12.952307,13.217845,5.231073,4.886279
3.450000,3.450000,-0.500000,13.119900,13.298337,5.260521,4.956576
3.450000,3.450000,-0.500000,13.169611,13.334269,5.359145,4.949327
3.450000,3.450000,-0.500000,13.206821,13.426733,5.367099,5.011770
3.450000,3.450000,-0.500000,13.382018,13.460428,5.397330,4.946754
3.450000,3.450000,-0.500000,13.403575,13.527141,5.333213,5.112599
2.850000,2.850000,-0.500000,13.356819,13.442182,5.118943,4.995191
2.850000,2.850000,-0.500000,13.293261,13.365408,4.946116,4.898507
2.850000,2.850000,-0.500000,13.155049,13.219776,4.789690,4.721148
2.850000,2.850000,-0.500000,13.054790,13.289840,4.601400,4.679110
2.850000,2.850000,-0.500000,13.016001,13.062742,4.449254,4.625485
2.850000,2.850000,-0.500000,12.811676,13.029579,4.251866,4.483254
3.450000,2.850000,0.500000,12.802322,12.955692,4.320369,4.703340
3.450000,2.850000,0.500000,12.729835,12.987178,4.330070,4.785797
3.450000,2.850000,0.500000,12.689916,12.857206,4.316845,4.956153
3.450000,2.850000,0.500000,12.764612,12.671217,4.267037,5.124311
3.450000,2.850000,0.500000,12.781090,12.791536,4.206960,5.167427
3.450000,2.850000,0.500000,12.756159,12.743929,4.185017,5.153530
3.450000,2.850000,0.500000,12.586801,12.728707,4.173220,5.377045
3.450000,2.850000,0.500000,12.668094,12.808845,4.205813,5.474722
3.450000,2.850000,0.500000,12.636161,12.833872,4.186844,5.482852
3.450000,2.850000,0.500000,12.642468,12.816259,4.181990,5.597652
3.450000,2.850000,-0.500000,12.639870,12.842893,4.033191,5.666338
3.450000,2.850000,-0.500000,12.582678,12.903133,4.005565,5.612945
2.850000,3.450000,-0.500000,12.378604,13.088070,4.257317,5.466735
2.850000,3.450000,-0.500000,12.327922,13.192018,4.358963,5.381798
2.850000,3.450000,-0.500000,12.197828,13.078879,4.435036,5.185723
2.850000,3.450000,-0.500000,12.195250,13.205381,4.639812,5.102303
2.850000,3.450000,-0.500000,12.186919,13.223033,4.582614,4.918587
2.850000,3.450000,-0.500000,12.000614,13.282022,4.673991,4.791069
2.850000,2.850000,-0.500000,12.024971,13.228738,4.621191,4.687610
2.850000,2.850000,-0.500000,11.910412,13.013630,4.415861,4.571377
2.850000,2.850000,-0.500000,11.897906,12.934247,4.449901,4.486926
2.850000,2.850000,-0.500000,11.837714,12.885738,4.317820,4.363371
2.850000,2.850000,-0.500000,11.807946,12.806457,4.245301,4.335025
2.850000,2.850000,-0.500000,11.638841,12.786540,4.123917,4.276031
3.450000,2.850000,-0.500000,11.644339,12.699829,4.093238,4.334450
3.450000,2.850000,-0.500000,11.695409,12.507073,3.973028,4.435479
3.450000,2.850000,-0.500000,11.680885,12.441566,3.949138,4.511421
3.450000,2.850000,-0.500000,11.770860,12.333507,3.890368,4.602667
3.450000,2.850000,-0.500000,11.851365,12.373133,3.889899,4.719385
3.450000,2.850000,-0.500000,11.759955,12.413359,3.817208,4.769239
3.450000,2.850000,0.500000,11.780949,12.295926,3.793022,4.903261
3.450000,2.850000,0.500000,11.843995,12.244111,3.799506,4.944236
3.450000,2.850000,0.500000,11.673300,12.380809,3.856687,5.104711
3.450000,2.850000,0.500000,11.796807,12.383364,3.961596,5.324022
3.450000,2.850000,0.500000,11.762335,12.352157,3.908256,5.406894
3.450000,2.850000,0.500000,11.799371,12.362191,3.962308,5.446464
3.450000,2.850000,0.500000,11.850430,12.466871,3.968933,5.487653
3.450000,2.850000,0.500000,11.807410,12.438721,4.105792,5.606046
3.450000,2.850000,0.500000,11.813634,12.555474,3.995085,5.525551
3.450000,2.850000,0.500000,11.869870,12.546096,4.124974,5.817188
3.450000,2.850000,-0.500000,11.947238,12.660590,3.961967,5.680960
3.450000,2.850000,-0.500000,11.891495,12.619913,3.923751,5.662089
2.850000,2.850000,-0.500000,11.771591,12.671129,3.849017,5.521411
2.850000,2.850000,-0.500000,11.625040,12.639924,3.835709,5.391167
2.850000,2.850000,-0.500000,11.537843,12.675850,3.783258,5.063579
2.850000,2.850000,-0.500000,11.384652,12.572723,3.738431,5.006675
2.850000,2.850000,-0.500000,11.255966,12.567607,3.675610,4.954935
2.850000,2.850000,-0.500000,11.180575,12.551965,3.704128,4.827706
3.450000,3.450000,-0.500000,11.216462,12.585311,3.919176,4.894341
3.450000,3.450000,-0.500000,11.269110,12.734607,3.989364,4.935912
3.450000,3.450000,0.500000,11.236165,12.779217,4.327921,4.974464
3.450000,3.450000,0.500000,11.416482,12.799659,4.397052,5.167947
3.450000,3.450000,0.500000,11.669222,12.874486,4.651129,5.203488
3.450000,3.450000,0.500000,11.556462,12.959422,4.777745,5.290064
2.850000,2.850000,0.500000,11.671798,13.011088,4.625049,5.284783
2.850000,2.850000,0.500000,11.651502,12.963049,4.684789,5.210555
2.850000,2.850000,0.500000,11.589453,12.948863,4.567740,5.153875
2.850000,2.850000,0.500000,11.592491,12.949253,4.622824,5.017659
2.850000,2.850000,0.500000,11.607561,12.973129,4.521640,5.067778
2.850000,2.850000,0.500000,11.462129,12.829909,4.462375,4.921534
2.850000,2.850000,-0.500000,11.483131,12.853938,4.313768,4.869306
2.850000,2.850000,-0.500000,11.399586,12.739453,4.340283,4.806997
2.850000,2.850000,-0.500000,11.386260,12.704221,4.156138,4.671823
2.850000,2.850000,-0.500000,11.326100,12.600771,4.091398,4.528670
2.850000,2.850000,-0.500000,11.136406,12.588480,4.039237,4.409551
2.850000,2.850000,-0.500000,11.111938,12.606122,3.966241,4.365058
3.450000,3.450000,-0.500000,11.216443,12.508096,4.201335,4.497457
3.450000,3.450000,-0.500000,11.301023,12.575792,4.246787,4.513285
3.450000,3.450000,-0.500000,11.478040,12.600772,4.397699,4.625102
3.450000,3.450000,-0.500000,11.511731,12.704443,4.585372,4.656434
3.450000,3.450000,-0.500000,11.730621,12.727471,4.641991,4.770125
3.450000,3.450000,-0.500000,11.687816,12.724432,4.695621,4.778256
2.850000,3.450000,-0.500000,11.795850,12.772113,4.792801,4.638539
2.850000,3.450000,-0.500000,11.710069,12.846481,4.858388,4.527298
2.850000,3.450000,-0.500000,11.785346,12.765261,4.914966,4.520067
2.850000,3.450000,-0.500000,11.779480,12.881618,4.905784,4.373857
2.850000,3.450000,-0.500000,11.769702,12.835424,5.035267,4.368671
2.850000,3.450000,-0.500000,11.782604,12.926699,5.103368,4.329175
2.850000,2.850000,-0.500000,11.774080,12.855607,4.875884,4.223422
2.850000,2.850000,-0.500000,11.925192,12.685123,4.558796,4.207807
2.850000,2.850000,0.500000,11.778710,12.591652,4.554412,4.217943
2.850000,2.850000,0.500000,11.822337,12.541040,4.504316,4.235880
2.850000,2.850000,0.500000,11.777551,12.459876,4.554728,4.284174
2.850000,2.850000,0.500000,11.692960,12.357547,4.449125,4.313250
3.450000,2.850000,0.500000,11.781299,12.361833,4.388295,4.540951
3.450000,2.850000,0.500000,11.819715,12.321024,4.377326,4.637262
3.450000,2.850000,0.500000,11.851596,12.206953,4.378384,4.811459
3.450000,2.850000,0.500000,12.017060,12.194794,4.273681,5.034634
3.450000,2.850000,0.500000,12.039939,12.248196,4.260213,5.111247
3.450000,2.850000,0.500000,12.163441,12.228975,4.167010,5.319460
3.450000,3.450000,0.500000,12.196578,12.382028,4.533343,5.300912
3.450000,3.450000,0.500000,12.246605,12.406119,4.655451,5.481889
3.450000,3.450000,0.500000,12.310597,12.557576,4.735427,5.523152
3.450000,3.450000,0.500000,12.343193,12.725188,4.905767,5.675172
3.450000,3.450000,0.500000,12.520393,12.886354,4.925575,5.666188
3.450000,3.450000,0.500000,12.485221,12.995003,5.179956,5.781362
2.850000,2.850000,0.500000,12.544579,13.000572,4.946235,5.748643
2.850000,2.850000,0.500000,12.541434,12.992196,4.874395,5.540468
2.850000,2.850000,0.500000,12.463064,12.993927,4.754280,5.590561
2.850000,2.850000,0.500000,12.313009,13.042386,4.602189,5.374627
2.850000,2.850000,0.500000,12.229943,13.016099,4.554228,5.370369
2.850000,2.850000,0.500000,12.137238,12.919878,4.533856,5.187067
2.850000,3.450000,0.500000,12.111272,13.001377,4.677728,5.234263
2.850000,3.450000,0.500000,12.096856,13.155907,4.857452,5.139207
2.850000,3.450000,0.500000,12.077102,13.141683,4.878257,5.096591
2.850000,3.450000,0.500000,12.095271,13.108842,5.047641,5.154234
2.850000,3.450000,0.500000,12.085040,13.224527,5.227978,5.055706
2.850000,3.450000,0.500000,12.181491,13.296938,5.324031,4.995482
2.850000,2.850000,0.500000,12.174742,13.170414,5.101852,5.027499
2.850000,2.850000,0.500000,12.095725,13.240184,4.948004,4.952421
2.850000,2.850000,-0.500000,12.081307,13.149934,4.906794,4.922504
2.850000,2.850000,-0.500000,12.103157,13.032644,4.630596,4.653661
2.850000,2.850000,-0.500000,11.915428,13.034289,4.535607,4.507984
2.850000,2.850000,-0.500000,11.962676,12.961856,4.467738,4.543194
3.450000,3.450000,-0.500000,11.925090,13.008146,4.583265,4.671315
3.450000,3.450000,-0.500000,12.117695,12.958133,4.697274,4.722408
3.450000,3.450000,-0.500000,12.204515,13.021196,4.712802,4.640338
3.450000,3.450000,-0.500000,12.228845,13.072007,4.691318,4.727645
3.450000,3.450000,-0.500000,12.376750,13.161922,4.946623,4.881625
3.450000,3.450000,-0.500000,12.510195,13.242882,5.082582,4.918791
2.850000,3.450000,-0.500000,12.401201,13.219599,4.945283,4.761593
2.850000,3.450000,-0.500000,12.450308,13.289941,5.086915,4.688706
2.850000,3.450000,-0.500000,12.463685,13.328272,5.131538,4.575083
2.850000,3.450000,-0.500000,12.377293,13.271062,5.093074,4.566377
2.850000,3.450000,-0.500000,12.483798,13.235962,5.258458,4.379439
2.850000,3.450000,-0.500000,12.368987,13.252020,5.175472,4.382921
3.450000,3.450000,-0.500000,12.452732,13.236387,5.310240,4.406985
3.450000,3.450000,-0.500000,12.653516,13.265751,5.276008,4.546741
3.450000,3.450000,-0.500000,12.691149,13.223064,5.285170,4.689262
3.450000,3.450000,-0.500000,12.913049,13.279155,5.268444,4.730915
3.450000,3.450000,0.500000,12.926463,13.353370,5.255119,4.926614
3.450000,3.450000,0.500000,13.048369,13.401199,5.465641,4.897875
2.850000,3.450000,0.500000,13.025982,13.354733,5.492144,4.856995
2.850000,3.450000,0.500000,13.057558,13.475033,5.521401,5.042579
2.850000,3.450000,0.500000,12.925942,13.413912,5.573768,4.852774
2.850000,3.450000,0.500000,12.943560,13.524081,5.616486,4.801221
2.850000,3.450000,0.500000,12.956701,13.346393,5.719481,4.772641
2.850000,3.450000,0.500000,12.989981,13.521817,5.673812,4.772711
2.850000,3.450000,0.500000,12.932123,13.400985,5.754982,4.812061
2.850000,3.450000,0.500000,12.951661,13.541203,5.724183,4.736159
2.850000,3.450000,0.500000,12.980411,13.609501,5.803508,4.680636
2.850000,3.450000,0.500000,13.028573,13.538096,5.872081,4.726775
2.850000,3.450000,0.500000,12.828808,13.590330,5.819011,4.650479
2.850000,3.450000,0.500000,13.090073,13.608508,5.883517,4.535228
3.450000,2.850000,0.500000,13.217653,13.472727,5.706006,4.783948
3.450000,2.850000,0.500000,13.227028,13.317172,5.485834,4.871139
3.450000,2.850000,0.500000,13.371204,13.409082,5.258391,4.961909
3.450000,2.850000,0.500000,13.291815,13.254615,5.181644,5.071442
3.450000,2.850000,0.500000,13.295262,13.265260,4.999779,5.165683
3.450000,2.850000,0.500000,13.411768,13.149971,4.952157,5.353585
3.450000,2.850000,0.500000,13.470212,13.239068,4.889072,5.422931
3.450000,2.850000,0.500000,13.400398,13.125124,4.792514,5.421149
3.450000,2.850000,0.500000,13.449941,13.132931,4.663301,5.577108
3.450000,2.850000,0.500000,13.321420,13.220853,4.581069,5.609659
3.450000,2.850000,0.500000,13.360546,13.192351,4.592404,5.780890
3.450000,2.850000,0.500000,13.368399,13.173014,4.475930,5.790762
2.850000,2.850000,0.500000,13.132687,13.178760,4.430957,5.521903
2.850000,2.850000,0.500000,13.003721,13.169926,4.465587,5.622843
2.850000,2.850000,0.500000,12.750050,13.233900,4.291283,5.557649
2.850000,2.850000,0.500000,12.650608,13.183048,4.395001,5.380092
2.850000,2.850000,-0.500000,12.533348,13.102782,4.287190,5.350588
2.850000,2.850000,-0.500000,12.400594,13.084760,4.137852,5.089342
2.850000,3.450000,-0.500000,12.298139,13.168538,4.273507,4.994451
2.850000,3.450000,-0.500000,12.130654,13.108432,4.306382,4.847059
2.850000,3.450000,-0.500000,12.121277,13.191794,4.495790,4.695502
2.850000,3.450000,-0.500000,11.966468,13.245899,4.674065,4.604186
2.850000,3.450000,-0.500000,11.990020,13.247181,4.670966,4.610791
2.850000,3.450000,-0.500000,11.978226,13.145969,4.814423,4.465697
3.450000,3.450000,-0.500000,12.001032,13.269799,4.845636,4.536507
3.450000,3.450000,-0.500000,12.221213,13.259123,4.961942,4.636407
3.450000,3.450000,0.500000,12.280440,13.286118,5.123261,4.806726
3.450000,3.450000,0.500000,12.496331,13.353036,5.234382,5.021571
3.450000,3.450000,0.500000,12.531198,13.372818,5.334527,5.062887
3.450000,3.450000,0.500000,12.731942,13.461772,5.329593,5.151417
2.850000,3.450000,0.500000,12.635650,13.503489,5.393024,5.049225
2.850000,3.450000,0.500000,12.704656,13.494166,5.469100,4.959908
2.850000,3.450000,0.500000,12.617021,13.521276,5.466122,4.983461
2.850000,3.450000,0.500000,12.677260,13.568449,5.605949,4.944724
2.850000,3.450000,0.500000,12.603929,13.616687,5.541427,4.813246
2.850000,3.450000,0.500000,12.679392,13.548677,5.607702,4.788314
3.450000,2.850000,0.500000,12.836584,13.462851,5.486668,5.008224
3.450000,2.850000,0.500000,12.872055,13.410052,5.293312,5.162967
3.450000,2.850000,0.500000,13.045703,13.549066,5.286995,5.219377
3.450000,2.850000,0.500000,13.070609,13.327761,5.020526,5.247579
3.450000,2.850000,0.500000,13.127625,13.348052,4.974944,5.426481
3.450000,2.850000,0.500000,13.109626,13.318198,4.724769,5.517292
2.850000,3.450000,0.500000,13.049017,13.355388,4.989710,5.442718
2.850000,3.450000,0.500000,13.043441,13.450356,5.092519,5.334495
2.850000,3.450000,0.500000,12.977653,13.611771,5.221041,5.280462
2.850000,3.450000,0.500000,12.798566,13.579886,5.223185,5.139528
2.850000,3.450000,-0.500000,12.788416,13.649939,5.290154,5.122586
2.850000,3.450000,-0.500000,12.799718,13.586243,5.286771,4.930937
3.450000,3.450000,-0.500000,12.902643,13.712800,5.276946,4.955031
3.450000,3.450000,-0.500000,13.123815,13.698438,5.294239,4.962382
3.450000,3.450000,-0.500000,13.072616,13.804914,5.299589,5.067878
3.450000,3.450000,-0.500000,13.197197,13.735028,5.292286,5.018466
3.450000,3.450000,-0.500000,13.305875,13.730608,5.500808,5.131984
3.450000,3.450000,-0.500000,13.367134,13.870878,5.356795,5.136623
2.850000,3.450000,-0.500000,13.287580,13.897080,5.235125,4.984898
2.850000,3.450000,-0.500000,13.159462,13.811653,5.411056,4.889381
2.850000,3.450000,0.500000,13.169337,13.826314,5.393543,4.856137
2.850000,3.450000,0.500000,13.160066,13.794461,5.485562,4.876867
2.850000,3.450000,0.500000,13.138044,13.867320,5.513334,4.841074
2.850000,3.450000,0.500000,13.036068,13.798146,5.545327,4.837372
3.450000,2.850000,0.500000,13.264070,13.763836,5.427632,4.947441
3.450000,2.850000,0.500000,13.421025,13.641855,5.302521,5.056543
3.450000,2.850000,0.500000,13.334151,13.543363,5.062492,5.180141
3.450000,2.850000,0.500000,13.284969,13.510984,4.954433,5.206266
3.450000,2.850000,0.500000,13.396061,13.519580,4.842135,5.359503
3.450000,2.850000,0.500000,13.425511,13.440592,4.688813,5.548402
3.450000,3.450000,-0.500000,13.338204,13.572446,4.940310,5.483542
3.450000,3.450000,-0.500000,13.478616,13.585903,4.924806,5.501441
3.450000,3.450000,-0.500000,13.393566,13.614711,4.960467,5.451052
3.450000,3.450000,-0.500000,13.462875,13.689758,5.036963,5.434310
3.450000,3.450000,-0.500000,13.415517,13.748509,5.030025,5.465877
3.450000,3.450000,-0.500000,13.583178,13.796158,5.026624,5.460734
3.450000,3.450000,-0.500000,13.486767,13.881926,5.092851,5.495326
3.450000,3.450000,-0.500000,13.631284,13.996996,5.130836,5.372851
3.450000,3.450000,-0.500000,13.669310,14.029428,5.296899,5.450428
3.450000,3.450000,-0.500000,13.606523,14.044316,5.280229,5.432184
3.450000,3.450000,0.500000,13.702905,14.076807,5.316204,5.498592
3.450000,3.450000,0.500000,13.735345,14.177133,5.452139,5.640772
2.850000,3.450000,0.500000,13.785772,14.148584,5.392866,5.502047
2.850000,3.450000,0.500000,13.647073,14.223536,5.551129,5.513892
2.850000,3.450000,0.500000,13.539043,14.342852,5.527246,5.461599
2.850000,3.450000,0.500000,13.456623,14.300291,5.601750,5.311378
2.850000,3.450000,0.500000,13.415453,14.368881,5.670353,5.397608
2.850000,3.450000,0.500000,13.457174,14.365505,5.760661,5.157982
3.450000,2.850000,0.500000,13.501553,14.237503,5.386629,5.333039
3.450000,2.850000,0.500000,13.563705,14.261219,5.297604,5.415104
3.450000,2.850000,-0.500000,13.505480,13.993663,5.191178,5.436810
3.450000,2.850000,-0.500000,13.631096,14.097995,4.996279,5.510305
3.450000,2.850000,-0.500000,13.632848,13.995189,4.837744,5.410696
3.450000,2.850000,-0.500000,13.766141,14.013438,4.668596,5.489708
2.850000,2.850000,-0.500000,13.449984,13.822009,4.594999,5.268861
2.850000,2.850000,-0.500000,13.285078,13.854448,4.355148,5.060272
2.850000,2.850000,-0.500000,13.099174,13.773945,4.350177,4.974201
2.850000,2.850000,-0.500000,12.928448,13.581770,4.191781,4.796759
2.850000,2.850000,-0.500000,12.754318,13.589103,4.084988,4.672347
2.850000,2.850000,-0.500000,12.534761,13.495754,4.059953,4.544967
3.450000,3.450000,-0.500000,12.545828,13.365213,4.243783,4.729614
3.450000,3.450000,-0.500000,12.572792,13.395646,4.295467,4.679337
3.450000,3.450000,-0.500000,12.645118,13.438534,4.458905,4.822327
3.450000,3.450000,-0.500000,12.569232,13.498814,4.586001,4.829343
3.450000,3.450000,-0.500000,12.617461,13.466479,4.695336,4.936210
3.450000,3.450000,-0.500000,12.706305,13.566799,4.783963,4.948560
2.850000,2.850000,-0.500000,12.581134,13.497464,4.646994,4.842109
2.850000,2.850000,-0.500000,12.564131,13.350798,4.417350,4.737683
2.850000,2.850000,-0.500000,12.440491,13.304814,4.449136,4.623771
2.850000,2.850000,-0.500000,12.304985,13.193275,4.297423,4.499529
2.850000,2.850000,-0.500000,12.215538,13.201045,4.214021,4.293000
2.850000,2.850000,-0.500000,11.949208,13.049040,4.227562,4.315740
3.450000,2.850000,-0.500000,12.040170,12.942748,4.151689,4.429756
3.450000,2.850000,-0.500000,12.030962,12.855727,4.050368,4.516970
3.450000,2.850000,-0.500000,12.019141,12.815828,3.959876,4.551913
3.450000,2.850000,-0.500000,12.060580,12.655975,3.941463,4.688797
3.450000,2.850000,-0.500000,12.045192,12.788535,3.894267,4.765053
3.450000,2.850000,-0.500000,12.019495,12.641281,3.831811,4.796620
2.850000,2.850000,-0.500000,11.981162,12.495687,3.742453,4.642126
2.850000,2.850000,-0.500000,11.750666,12.547996,3.793443,4.624413
2.850000,2.850000,-0.500000,11.598914,12.409218,3.760844,4.435791
2.850000,2.850000,-0.500000,11.436304,12.379421,3.675484,4.445780
2.850000,2.850000,-0.500000,11.351103,12.231781,3.741108,4.292199
2.850000,2.850000,-0.500000,11.170682,12.245487,3.669871,4.295480
3.450000,3.450000,-0.500000,11.213157,12.213243,3.850733,4.355695
3.450000,3.450000,-0.500000,11.217297,12.248530,3.969464,4.340629
3.450000,3.450000,-0.500000,11.379712,12.326864,4.187202,4.515794
3.450000,3.450000,-0.500000,11.428274,12.366775,4.375191,4.545751
3.450000,3.450000,-0.500000,11.614371,12.473028,4.404087,4.662362
3.450000,3.450000,-0.500000,11.652527,12.574293,4.448861,4.724684
2.850000,3.450000,0.500000,11.627013,12.596275,4.659376,4.696072
2.850000,3.450000,0.500000,11.691222,12.594663,4.892186,4.703982
2.850000,3.450000,0.500000,11.687472,12.684392,4.869903,4.696960
2.850000,3.450000,0.500000,11.653642,12.780151,4.956769,4.680394
2.850000,3.450000,0.500000,11.779538,12.870867,5.202742,4.694754
2.850000,3.450000,0.500000,11.778089,12.863923,5.277249,4.609073
3.450000,3.450000,0.500000,12.061945,12.941564,5.397855,4.828912
3.450000,3.450000,0.500000,12.144915,12.987296,5.406192,4.972134
3.450000,3.450000,0.500000,12.372430,13.043557,5.493668,5.109757
3.450000,3.450000,0.500000,12.454319,12.966578,5.628496,5.202707
3.450000,3.450000,-0.500000,12.613440,13.179291,5.461656,5.269938
3.450000,3.450000,-0.500000,12.833721,13.175387,5.442397,5.193339
3.450000,2.850000,-0.500000,12.965837,13.144439,5.260157,5.296930
3.450000,2.850000,-0.500000,13.029129,13.161041,5.091375,5.300092
3.450000,2.850000,-0.500000,13.002807,13.177547,4.812710,5.366365
3.450000,2.850000,-0.500000,13.139267,13.111652,4.788332,5.244544
3.450000,2.850000,-0.500000,13.198616,13.046898,4.643214,5.316026
3.450000,2.850000,-0.500000,13.022633,13.205451,4.538225,5.235188
3.450000,3.450000,-0.500000,13.103819,13.226786,4.665162,5.353195
3.450000,3.450000,-0.500000,13.058145,13.276853,4.816900,5.368402
3.450000,3.450000,-0.500000,13.156650,13.365774,4.736826,5.341794
3.450000,3.450000,-0.500000,13.187222,13.420636,4.940801,5.324914
3.450000,3.450000,-0.500000,13.273306,13.547275,5.006282,5.290602
3.450000,3.450000,-0.500000,13.260622,13.598616,5.031637,5.349714
2.850000,3.450000,-0.500000,13.063348,13.689547,5.015861,5.203459
2.850000,3.450000,-0.500000,13.128478,13.614530,5.139231,5.015029
2.850000,3.450000,-0.500000,13.039822,13.645255,5.063093,4.855984
2.850000,3.450000,-0.500000,12.913225,13.723742,5.042633,4.823774
2.850000,3.450000,-0.500000,12.860362,13.603605,5.054042,4.696351
2.850000,3.450000,-0.500000,12.741410,13.606838,5.241148,4.470254
3.450000,3.450000,-0.500000,12.878679,13.617488,5.179982,4.726586
3.450000,3.450000,-0.500000,12.975831,13.679775,5.255418,4.699421
3.450000,3.450000,-0.500000,13.134904,13.705761,5.272958,4.688415
3.450000,3.450000,-0.500000,13.193345,13.634716,5.217117,4.793914
3.450000,3.450000,-0.500000,13.281581,13.705185,5.269546,4.874940
3.450000,3.450000,-0.500000,13.351704,13.706810,5.327549,4.928894
3.450000,2.850000,-0.500000,13.361524,13.644237,5.102853,4.967093
3.450000,2.850000,-0.500000,13.370246,13.481209,4.902086,4.978909
3.450000,2.850000,-0.500000,13.435254,13.486864,4.776634,5.017379
3.450000,2.850000,-0.500000,13.386554,13.452121,4.644447,5.076015
3.450000,2.850000,0.500000,13.409440,13.357761,4.548928,5.120382
3.450000,2.850000,0.500000,13.468877,13.402905,4.494418,5.320421
3.450000,2.850000,0.500000,13.365096,13.260862,4.489106,5.450339
3.450000,2.850000,0.500000,13.255203,13.347760,4.419116,5.484615
3.450000,2.850000,0.500000,13.162729,13.344364,4.311460,5.489216
3.450000,2.850000,0.500000,13.171675,13.286865,4.192054,5.699961
3.450000,2.850000,0.500000,13.019281,13.240797,4.252941,5.772673
3.450000,2.850000,0.500000,13.131671,13.257836,4.288623,5.705102
2.850000,3.450000,0.500000,12.968640,13.364962,4.478578,5.630188
2.850000,3.450000,0.500000,12.820103,13.455493,4.634314,5.624594
2.850000,3.450000,-0.500000,12.676824,13.610503,4.712853,5.339362
2.850000,3.450000,-0.500000,12.650853,13.566290,4.818520,5.106346
2.850000,3.450000,-0.500000,12.526523,13.619427,5.014861,5.099793
2.850000,3.450000,-0.500000,12.489556,13.674374,4.896039,4.960750
3.450000,2.850000,-0.500000,12.589194,13.635024,4.747253,4.997209
3.450000,2.850000,-0.500000,12.618773,13.582102,4.689516,4.963753
3.450000,2.850000,-0.500000,12.735850,13.398897,4.550644,5.114162
3.450000,2.850000,-0.500000,12.704608,13.371366,4.408567,5.070098
3.450000,2.850000,-0.500000,12.761551,13.397521,4.263030,5.171625
3.450000,2.850000,-0.500000,12.770971,13.321660,4.114880,5.221663
3.450000,2.850000,0.500000,12.722792,13.320177,4.097691,5.243241
3.450000,2.850000,0.500000,12.714398,13.192753,4.296093,5.338779
3.450000,2.850000,0.500000,12.704698,13.295283,4.277162,5.521711
3.450000,2.850000,0.500000,12.681600,13.208955,4.202830,5.450912
3.450000,2.850000,0.500000,12.579687,13.229603,4.217707,5.673966
3.450000,2.850000,0.500000,12.647373,13.198514,4.271706,5.716446
2.850000,3.450000,0.500000,12.377305,13.233315,4.375794,5.645938
2.850000,3.450000,0.500000,12.390277,13.451640,4.526800,5.516082
2.850000,3.450000,0.500000,12.252998,13.502141,4.737832,5.347139
2.850000,3.450000,0.500000,12.139876,13.459177,4.883955,5.387083
2.850000,3.450000,-0.500000,12.196725,13.624819,4.933194,5.131230
2.850000,3.450000,-0.500000,12.235508,13.680938,5.039608,5.143682
2.850000,2.850000,-0.500000,12.166561,13.527748,4.810061,4.926625
2.850000,2.850000,-0.500000,12.061627,13.419195,4.668647,4.793372
2.850000,2.850000,-0.500000,12.062226,13.360357,4.489162,4.704720
2.850000,2.850000,-0.500000,11.939486,13.267774,4.254241,4.648407
2.850000,2.850000,-0.500000,11.876782,13.211889,4.263901,4.457607
2.850000,2.850000,-0.500000,11.823963,13.130894,4.221697,4.378075
3.450000,3.450000,-0.500000,11.834384,13.142412,4.339773,4.470057
3.450000,3.450000,-0.500000,11.806196,13.142121,4.481550,4.568554
3.450000,3.450000,-0.500000,11.884689,13.148585,4.567743,4.562334
3.450000,3.450000,-0.500000,12.034744,13.124156,4.618657,4.706518
3.450000,3.450000,-0.500000,12.174905,13.213602,4.775008,4.728688
3.450000,3.450000,-0.500000,12.246002,13.178050,4.857646,4.747548
2.850000,3.450000,-0.500000,12.277270,13.307254,4.930373,4.661964
2.850000,3.450000,-0.500000,12.236369,13.268094,5.016112,4.575661
2.850000,3.450000,-0.500000,12.212651,13.232504,5.066892,4.529132
2.850000,3.450000,-0.500000,12.207865,13.254839,5.088892,4.402199
2.850000,3.450000,-0.500000,12.136352,13.234808,5.078249,4.327261
2.850000,3.450000,-0.500000,12.255494,13.259613,5.124268,4.313635
3.450000,2.850000,-0.500000,12.337164,13.128921,4.937700,4.456796
3.450000,2.850000,-0.500000,12.374296,13.029423,4.709624,4.522278
3.450000,2.850000,-0.500000,12.488074,12.909481,4.597087,4.524121
3.450000,2.850000,-0.500000,12.605991,12.837767,4.616656,4.633939
3.450000,2.850000,-0.500000,12.485590,12.772689,4.437976,4.603346
3.450000,2.850000,-0.500000,12.528996,12.808459,4.234395,4.741687
3.450000,3.450000,-0.500000,12.504213,12.883865,4.405939,4.824282
3.450000,3.450000,-0.500000,12.644471,12.917237,4.544207,4.824865
3.450000,3.450000,-0.500000,12.578797,12.939077,4.701036,4.914467
3.450000,3.450000,-0.500000,12.609838,13.063779,4.680284,4.852701
3.450000,3.450000,0.500000,12.718753,13.099140,4.888237,4.925169
3.450000,3.450000,0.500000,12.824566,13.076537,4.992982,5.199448
3.450000,2.850000,0.500000,12.937330,13.062805,4.840014,5.274137
3.450000,2.850000,0.500000,12.936308,12.994680,4.751802,5.255682
3.450000,2.850000,0.500000,12.984126,13.071216,4.712145,5.485793
3.450000,2.850000,0.500000,12.910809,13.045021,4.664452,5.493829
3.450000,2.850000,0.500000,13.024511,13.114053,4.570879,5.617759
3.450000,2.850000,0.500000,13.000732,13.051406,4.473602,5.696454
3.450000,2.850000,0.500000,12.942555,13.062329,4.469628,5.698320
3.450000,2.850000,0.500000,12.945345,13.009386,4.487261,5.808319
3.450000,2.850000,-0.500000,12.926266,13.098885,4.365198,5.784447
3.450000,2.850000,-0.500000,12.936294,13.069772,4.194449,5.777382
3.450000,2.850000,-0.500000,12.895405,13.266108,4.141697,5.746621
3.450000,2.850000,-0.500000,12.772940,13.093374,4.070453,5.643607
2.850000,3.450000,-0.500000,12.648129,13.280419,4.236982,5.518729
2.850000,3.450000,-0.500000,12.595484,13.378424,4.336492,5.378101
2.850000,3.450000,-0.500000,12.460266,13.394273,4.547554,5.217363
2.850000,3.450000,-0.500000,12.304636,13.448828,4.639999,4.964148
2.850000,3.450000,-0.500000,12.258219,13.439368,4.625971,4.938195
2.850000,3.450000,-0.500000,12.361368,13.663637,4.895513,4.804517
2.850000,3.450000,0.500000,12.079240,13.628300,4.856013,4.848537
2.850000,3.450000,0.500000,12.134425,13.519946,4.982733,4.763101
2.850000,3.450000,0.500000,12.151370,13.427827,5.106398,4.724926
2.850000,3.450000,0.500000,12.163489,13.531541,5.144731,4.770337
2.850000,3.450000,0.500000,12.192941,13.573591,5.277628,4.686075
2.850000,3.450000,0.500000,12.191697,13.490289,5.370930,4.635289
2.850000,3.450000,0.500000,12.189341,13.413138,5.378251,4.708350
2.850000,3.450000,0.500000,12.211735,13.542001,5.560703,4.674209
2.850000,3.450000,0.500000,12.258034,13.547537,5.578127,4.668517
2.850000,3.450000,0.500000,12.305850,13.618573,5.607434,4.629730
2.850000,3.450000,-0.500000,12.414355,13.593733,5.573452,4.629330
2.850000,3.450000,-0.500000,12.479985,13.618361,5.595066,4.471857
3.450000,2.850000,-0.500000,12.530789,13.553716,5.326727,4.555095
3.450000,2.850000,-0.500000,12.736876,13.412240,5.133919,4.683382
3.450000,2.850000,-0.500000,12.834050,13.274027,4.926117,4.793792
3.450000,2.850000,-0.500000,12.882732,13.222342,4.663958,4.785474
3.450000,2.850000,-0.500000,12.887775,13.049861,4.639079,4.815718
3.450000,2.850000,-0.500000,12.877933,13.032198,4.367045,4.810596
2.850000,2.850000,-0.500000,12.753483,12.938405,4.399184,4.725340
2.850000,2.850000,-0.500000,12.546142,12.936534,4.299051,4.642687
2.850000,2.850000,0.500000,12.476696,12.770894,4.284348,4.641578
2.850000,2.850000,0.500000,12.349650,12.818279,4.178831,4.698275
2.850000,2.850000,0.500000,12.123405,12.736648,4.275217,4.537307
2.850000,2.850000,0.500000,12.037349,12.746487,4.291229,4.528926
2.850000,3.450000,0.500000,11.932758,12.719524,4.397605,4.559331
2.850000,3.450000,0.500000,11.948559,12.834054,4.584230,4.655214
2.850000,3.450000,0.500000,11.904194,12.846877,4.722622,4.564014
2.850000,3.450000,0.500000,11.823612,12.908935,4.869352,4.557789
2.850000,3.450000,0.500000,11.774812,12.891109,5.028844,4.539013
2.850000,3.450000,0.500000,11.893466,12.858315,5.092615,4.588127
2.850000,2.850000,0.500000,11.798578,12.783086,4.916676,4.606776
2.850000,2.850000,0.500000,11.933817,12.847273,4.969893,4.652137
2.850000,2.850000,0.500000,11.837841,12.747537,4.879641,4.469078
2.850000,2.850000,0.500000,11.796639,12.637852,4.865243,4.584966
2.850000,2.850000,0.500000,11.699065,12.546691,4.733924,4.615597
2.850000,2.850000,0.500000,11.809960,12.572148,4.675556,4.516026
2.850000,2.850000,0.500000,11.718447,12.421783,4.559612,4.449942
2.850000,2.850000,0.500000,11.754203,12.448343,4.560575,4.736295
2.850000,2.850000,0.500000,11.688582,12.353957,4.491170,4.652862
2.850000,2.850000,0.500000,11.655415,12.368149,4.327527,4.622563
2.850000,2.850000,-0.500000,11.525699,12.220118,4.324128,4.539083
2.850000,2.850000,-0.500000,11.473231,12.205188,4.143991,4.440827
3.450000,3.450000,-0.500000,11.540706,12.234101,4.301018,4.534160
3.450000,3.450000,-0.500000,11.771462,12.319244,4.420952,4.572603
3.450000,3.450000,-0.500000,11.819842,12.455833,4.586195,4.589986
3.450000,3.450000,-0.500000,11.847330,12.432880,4.653160,4.748711
3.450000,3.450000,-0.500000,12.079960,12.533549,4.770110,4.828668
3.450000,3.450000,-0.500000,12.032542,12.579249,4.837684,4.801373
3.450000,2.850000,-0.500000,12.046200,12.505070,4.650780,4.845074
3.450000,2.850000,-0.500000,12.213241,12.598228,4.515108,4.964464
3.450000,2.850000,-0.500000,12.279692,12.436527,4.356965,4.951046
3.450000,2.850000,-0.500000,12.280039,12.638959,4.191439,4.998873
3.450000,2.850000,-0.500000,12.447696,12.511924,4.191928,4.901059
3.450000,2.850000,-0.500000,12.356756,12.545601,4.070674,5.082091
2.850000,3.450000,-0.500000,12.321082,12.610368,4.341919,4.934173
2.850000,3.450000,-0.500000,12.184001,12.587703,4.432585,4.816544
2.850000,3.450000,-0.500000,11.990183,12.697191,4.394540,4.691614
2.850000,3.450000,-0.500000,11.960052,12.708624,4.527166,4.643039
2.850000,3.450000,-0.500000,11.960669,12.746130,4.623464,4.550308
2.850000,3.450000,-0.500000,11.979099,12.761464,4.667312,4.422540
3.450000,3.450000,-0.500000,12.056448,12.695523,4.760421,4.524248
3.450000,3.450000,-0.500000,12.134309,12.871667,4.798088,4.576541
3.450000,3.450000,-0.500000,12.230848,12.834238,4.802277,4.765604
3.450000,3.450000,-0.500000,12.398062,12.888834,4.905839,4.671294
3.450000,3.450000,-0.500000,12.444354,12.877307,4.930723,4.832189
3.450000,3.450000,-0.500000,12.519465,12.958732,5.048060,4.789852
3.450000,2.850000,-0.500000,12.642615,12.895777,4.917625,4.802469
3.450000,2.850000,-0.500000,12.695835,12.859713,4.582856,4.949441
3.450000,2.850000,-0.500000,12.795992,12.887101,4.592119,4.965892
3.450000,2.850000,-0.500000,12.661069,12.817247,4.351130,4.991644
3.450000,2.850000,-0.500000,12.805154,12.726537,4.260476,4.989526
3.450000,2.850000,-0.500000,12.698557,12.674931,4.226402,5.123405
3.450000,2.850000,-0.500000,12.556886,12.721209,4.018649,5.160791
3.450000,2.850000,-0.500000,12.687903,12.707497,4.033890,5.157723
3.450000,2.850000,-0.500000,12.625277,12.714273,3.994195,5.183244
3.450000,2.850000,-0.500000,12.650362,12.594160,3.929136,5.121602
3.450000,2.850000,-0.500000,12.468239,12.649202,3.928218,5.117738
3.450000,2.850000,-0.500000,12.443597,12.572200,3.734636,5.200839
2.850000,3.450000,-0.500000,12.299320,12.826032,3.981093,5.011974
2.850000,3.450000,-0.500000,12.111825,12.857519,4.126325,4.892504
2.850000,3.450000,0.500000,12.049092,12.871267,4.398159,4.902615
2.850000,3.450000,0.500000,11.942926,12.937951,4.543872,4.826592
2.850000,3.450000,0.500000,11.994781,13.032854,4.696299,4.779745
2.850000,3.450000,0.500000,11.957043,13.088134,4.883856,4.768122
2.850000,2.850000,0.500000,11.953084,12.909465,4.842849,4.769891
2.850000,2.850000,0.500000,11.837581,12.906196,4.712743,4.639607
2.850000,2.850000,0.500000,11.846752,12.821765,4.564809,4.745903
2.850000,2.850000,0.500000,11.695669,12.765833,4.493260,4.803845
2.850000,2.850000,0.500000,11.740918,12.775719,4.459381,4.696956
2.850000,2.850000,0.500000,11.815178,12.625932,4.322637,4.645231
3.450000,3.450000,0.500000,11.791389,12.759108,4.499880,4.962628
3.450000,3.450000,0.500000,11.995900,12.985128,4.818091,5.062536
3.450000,3.450000,0.500000,12.051164,12.952219,4.820306,5.148503
3.450000,3.450000,0.500000,12.186114,12.815139,4.908224,5.238852
3.450000,3.450000,0.500000,12.266144,13.063725,5.175883,5.411872
3.450000,3.450000,0.500000,12.434017,13.175181,5.189256,5.492306
3.450000,3.450000,0.500000,12.490742,13.282371,5.245562,5.604091
3.450000,3.450000,0.500000,12.703387,13.401396,5.314881,5.623279
3.450000,3.450000,0.500000,12.873549,13.471340,5.397226,5.740006
3.450000,3.450000,0.500000,13.020136,13.515335,5.590109,5.695101
3.450000,3.450000,0.500000,13.056251,13.764976,5.609815,5.762227
3.450000,3.450000,0.500000,13.269250,13.773224,5.691547,5.876542
2.850000,2.850000,0.500000,13.201529,13.703380,5.503877,5.792753
2.850000,2.850000,0.500000,13.203142,13.685764,5.379668,5.728125
2.850000,2.850000,0.500000,13.099382,13.749086,5.177916,5.663207
2.850000,2.850000,0.500000,13.029443,13.674821,5.049570,5.516014
2.850000,2.850000,0.500000,13.000336,13.689331,4.901513,5.595114
2.850000,2.850000,0.500000,12.868658,13.522929,4.775680,5.319501
2.850000,2.850000,0.500000,12.808868,13.527342,4.720446,5.366267
2.850000,2.850000,0.500000,12.720710,13.481790,4.617234,5.319935
2.850000,2.850000,0.500000,12.571435,13.370418,4.655400,5.192740
2.850000,2.850000,0.500000,12.495277,13.373012,4.509587,5.164952
2.850000,2.850000,0.500000,12.395024,13.432352,4.544944,5.034485
2.850000,2.850000,0.500000,12.257906,13.292265,4.388487,5.131257
2.850000,2.850000,0.500000,12.295160,13.188207,4.355143,4.970497
2.850000,2.850000,0.500000,12.105035,13.237789,4.421439,5.048014
2.850000,2.850000,0.500000,12.016452,13.115135,4.295513,4.965175
2.850000,2.850000,0.500000,11.932931,13.141248,4.232429,4.819437
2.850000,2.850000,0.500000,11.845115,13.075954,4.223648,4.876550
2.850000,2.850000,0.500000,11.794249,12.964399,4.284669,4.922596
3.450000,3.450000,0.500000,11.880309,13.015202,4.560014,5.013466
3.450000,3.450000,0.500000,11.967225,13.073207,4.681640,5.256231
3.450000,3.450000,0.500000,12.063581,13.269397,4.741895,5.261057
3.450000,3.450000,0.500000,12.065999,13.335130,4.893469,5.450496
3.450000,3.450000,0.500000,12.224114,13.420740,5.111600,5.363871
3.450000,3.450000,0.500000,12.373206,13.459260,5.210857,5.580397
2.850000,3.450000,0.500000,12.368755,13.431476,5.225795,5.404281
2.850000,3.450000,0.500000,12.280216,13.526571,5.350078,5.353700
2.850000,3.450000,0.500000,12.338526,13.610850,5.381666,5.360422
2.850000,3.450000,0.500000,12.348542,13.736115,5.506713,5.176004
2.850000,3.450000,0.500000,12.360895,13.716309,5.517572,5.144811
2.850000,3.450000,0.500000,12.376132,13.710068,5.518588,5.118069
3.450000,2.850000,0.500000,12.591952,13.682480,5.454678,5.240397
3.450000,2.850000,0.500000,12.657712,13.654687,5.297047,5.376085
3.450000,2.850000,0.500000,12.820509,13.614865,5.182970,5.375178
3.450000,2.850000,0.500000,12.872795,13.507313,5.012249,5.557726
3.450000,2.850000,0.500000,13.001819,13.537354,4.803078,5.648742
3.450000,2.850000,0.500000,13.063712,13.501633,4.737999,5.648715
2.850000,3.450000,0.500000,12.858287,13.594841,4.894031,5.565736
2.850000,3.450000,0.500000,12.833451,13.617677,4.960497,5.468679
2.850000,3.450000,-0.500000,12.791914,13.701439,4.945442,5.326124
2.850000,3.450000,-0.500000,12.724083,13.823305,5.117805,5.194316
2.850000,3.450000,-0.500000,12.672226,13.797065,5.087647,5.066399
2.850000,3.450000,-0.500000,12.686977,13.979796,5.154465,5.059529
2.850000,2.850000,-0.500000,12.560742,13.735775,4.962028,4.811927
2.850000,2.850000,-0.500000,12.555944,13.588848,4.737436,4.624203
2.850000,2.850000,-0.500000,12.467373,13.356715,4.557159,4.566045
2.850000,2.850000,-0.500000,12.421337,13.426284,4.520816,4.497250
2.850000,2.850000,-0.500000,12.256557,13.294235,4.333025,4.331299
2.850000,2.850000,-0.500000,12.112334,13.182492,4.249280,4.337598
2.850000,3.450000,0.500000,12.037483,13.117384,4.494481,4.305709
2.850000,3.450000,0.500000,12.046467,13.149012,4.657326,4.416548
2.850000,3.450000,0.500000,11.953061,13.187618,4.788206,4.479092
2.850000,3.450000,0.500000,11.960306,13.121857,4.886464,4.502358
2.850000,3.450000,0.500000,11.918029,13.149011,5.139329,4.547488
2.850000,3.450000,0.500000,11.987118,13.150522,5.177196,4.492281
3.450000,3.450000,0.500000,12.204268,13.151214,5.276976,4.601458
3.450000,3.450000,0.500000,12.218004,13.194686,5.330402,4.763583
3.450000,3.450000,0.500000,12.493661,13.277943,5.354392,4.916844
3.450000,3.450000,0.500000,12.545180,13.229069,5.358770,5.062155
3.450000,3.450000,-0.500000,12.716065,13.280764,5.447070,5.089618
3.450000,3.450000,-0.500000,12.916741,13.435126,5.360836,5.152957
3.450000,2.850000,-0.500000,13.000769,13.266075,5.059558,5.235392
3.450000,2.850000,-0.500000,13.149632,13.236583,5.035394,5.048340
3.450000,2.850000,-0.500000,13.156140,13.241160,4.740874,5.149950
3.450000,2.850000,-0.500000,13.125691,13.244819,4.711374,5.241580
3.450000,2.850000,-0.500000,13.181739,13.149194,4.493659,5.254808
3.450000,2.850000,-0.500000,13.173536,13.124423,4.388773,5.254333
3.450000,3.450000,-0.500000,13.103640,13.119601,4.601593,5.283975
3.450000,3.450000,-0.500000,13.094056,13.365322,4.660208,5.341107
3.450000,3.450000,-0.500000,13.063111,13.336426,4.706389,5.177363
3.450000,3.450000,-0.500000,13.059258,13.409003,4.757515,5.328754
3.450000,3.450000,-0.500000,13.076972,13.502386,4.817322,5.278926
3.450000,3.450000,-0.500000,13.252557,13.529627,4.974348,5.296079
3.450000,2.850000,-0.500000,13.227299,13.467800,4.681638,5.276868
3.450000,2.850000,-0.500000,13.186401,13.468059,4.623428,5.355884
3.450000,2.850000,-0.500000,13.169143,13.430217,4.477782,5.376066
3.450000,2.850000,-0.500000,13.190982,13.446863,4.328060,5.374288
3.450000,2.850000,-0.500000,13.103141,13.399488,4.257666,5.336172
3.450000,2.850000,-0.500000,13.058792,13.291119,4.139746,5.393764
3.450000,3.450000,-0.500000,13.011227,13.406617,4.193780,5.251993
3.450000,3.450000,-0.500000,12.990990,13.421123,4.414370,5.281914
3.450000,3.450000,-0.500000,12.913603,13.480959,4.521836,5.288510
3.450000,3.450000,-0.500000,12.944649,13.627546,4.577224,5.316013
3.450000,3.450000,-0.500000,13.022874,13.552233,4.748073,5.249111
3.450000,3.450000,-0.500000,12.985220,13.740553,4.824416,5.267227
2.850000,3.450000,-0.500000,12.883355,13.744468,4.835949,5.181243
2.850000,3.450000,-0.500000,12.906333,13.763081,4.914959,4.963238
2.850000,3.450000,-0.500000,12.789280,13.818066,4.858997,4.884661
2.850000,3.450000,-0.500000,12.697355,13.655235,5.064440,4.664490
2.850000,3.450000,0.500000,12.643866,13.883018,5.136293,4.639582
2.850000,3.450000,0.500000,12.586627,13.760516,5.200566,4.688293
2.850000,2.850000,0.500000,12.531765,13.683914,5.054275,4.742087
2.850000,2.850000,0.500000,12.541888,13.489255,4.956070,4.710794
2.850000,2.850000,0.500000,12.487773,13.523627,4.907205,4.640264
2.850000,2.850000,0.500000,12.505916,13.313915,4.740002,4.699604
2.850000,2.850000,0.500000,12.441806,13.256593,4.667990,4.693356
2.850000,2.850000,0.500000,12.281102,13.202179,4.683369,4.596102
2.850000,3.450000,0.500000,12.211031,13.219417,4.842273,4.643163
2.850000,3.450000,0.500000,12.137832,13.227909,4.921069,4.558988
2.850000,3.450000,-0.500000,12.192921,13.129579,5.002514,4.495093
2.850000,3.450000,-0.500000,12.052773,13.288513,4.994359,4.393415
2.850000,3.450000,-0.500000,12.132383,13.219586,5.025971,4.410162
2.850000,3.450000,-0.500000,12.119591,13.268654,5.143952,4.297409
3.450000,3.450000,-0.500000,12.286703,13.160340,5.117353,4.390971
3.450000,3.450000,-0.500000,12.464196,13.268506,5.208129,4.455152
3.450000,3.450000,-0.500000,12.550493,13.254756,5.269908,4.555207
3.450000,3.450000,-0.500000,12.700237,13.353895,5.114695,4.658823
3.450000,3.450000,-0.500000,12.833436,13.236103,5.243603,4.672790
3.450000,3.450000,-0.500000,12.902423,13.297821,5.237434,4.778527
3.450000,2.850000,-0.500000,13.029470,13.255446,5.091071,4.872148
3.450000,2.850000,-0.500000,12.965750,13.190792,4.864999,4.852404
3.450000,2.850000,-0.500000,13.088382,13.182893,4.589914,4.944342
3.450000,2.850000,-0.500000,13.042859,13.074710,4.649801,4.897617
3.450000,2.850000,-0.500000,13.056561,13.050008,4.466175,4.923379
3.450000,2.850000,-0.500000,13.063006,12.940061,4.405890,5.028455
3.450000,2.850000,-0.500000,12.990123,12.965224,4.253908,5.086118
3.450000,2.850000,-0.500000,12.981865,12.891916,4.196031,5.169093
3.450000,2.850000,-0.500000,12.966464,12.956611,4.079473,5.157546
3.450000,2.850000,-0.500000,12.953731,12.865468,4.075134,5.170014
3.450000,2.850000,0.500000,12.888172,12.838810,3.971143,5.261368
3.450000,2.850000,0.500000,12.750455,12.725160,4.089419,5.334210
3.450000,2.850000,0.500000,12.730398,12.803526,3.979588,5.421771
3.450000,2.850000,0.500000,12.766791,12.791319,4.060723,5.509601
3.450000,2.850000,0.500000,12.662949,12.884024,4.173102,5.586149
3.450000,2.850000,0.500000,12.658045,12.815720,4.108375,5.704229
3.450000,2.850000,0.500000,12.666277,12.888634,4.082341,5.659795
3.450000,2.850000,0.500000,12.497509,12.905980,4.056785,5.775073
3.450000,3.450000,0.500000,12.496829,13.143734,4.374685,5.918061
3.450000,3.450000,0.500000,12.591343,13.202357,4.421507,5.883326
3.450000,3.450000,0.500000,12.550432,13.272232,4.722825,5.955726
3.450000,3.450000,0.500000,12.695859,13.488055,4.868517,6.149498
3.450000,3.450000,0.500000,12.737288,13.641633,4.998091,6.029186
3.450000,3.450000,0.500000,12.899375,13.764135,5.078799,6.067951
3.450000,2.850000,0.500000,12.971394,13.718810,4.901363,6.114673
3.450000,2.850000,0.500000,12.976899,13.687258,4.877895,6.102123
3.450000,2.850000,0.500000,13.027983,13.861332,4.848180,6.126645
3.450000,2.850000,0.500000,12.995074,13.769108,4.744274,6.228917
3.450000,2.850000,0.500000,13.087668,13.788296,4.607977,6.161108
3.450000,2.850000,0.500000,13.076694,13.834714,4.555063,6.346142
2.850000,3.450000,-0.500000,13.001921,13.925545,4.519492,6.005379
2.850000,3.450000,-0.500000,12.839304,13.936687,4.716009,5.817558
2.850000,3.450000,-0.500000,12.717426,14.017435,4.781630,5.708373
2.850000,3.450000,-0.500000,12.676906,14.114926,4.895710,5.438090
2.850000,3.450000,-0.500000,12.582978,14.153493,4.900486,5.337070
2.850000,3.450000,-0.500000,12.454661,14.063326,4.940168,5.163157
2.850000,3.450000,-0.500000,12.477184,14.171605,5.018561,5.062978
2.850000,3.450000,-0.500000,12.450903,14.162872,4.962295,4.838936
2.850000,3.450000,-0.500000,12.421784,14.158796,5.013171,4.782816
2.850000,3.450000,-0.500000,12.453725,14.206488,5.130479,4.602793
2.850000,3.450000,-0.500000,12.378212,14.020626,5.195447,4.550047
2.850000,3.450000,-0.500000,12.364855,14.045837,5.182445,4.537457
3.450000,3.450000,-0.500000,12.429017,13.994616,5.223317,4.620990
3.450000,3.450000,-0.500000,12.616847,13.913894,5.144213,4.660371
3.450000,3.450000,-0.500000,12.723855,13.940686,5.268203,4.688496
3.450000,3.450000,-0.500000,12.757876,13.880014,5.164921,4.712580
3.450000,3.450000,-0.500000,12.918529,13.891133,5.220760,4.790149
3.450000,3.450000,-0.500000,12.936390,14.041248,5.272976,4.896940
2.850000,3.450000,-0.500000,12.869270,13.912503,5.260819,4.743687
2.850000,3.450000,-0.500000,12.870494,13.772510,5.231395,4.569966
2.850000,3.450000,0.500000,12.796977,13.769982,5.379837,4.609844
2.850000,3.450000,0.500000,12.832769,13.813872,5.430370,4.685331
2.850000,3.450000,0.500000,12.892416,13.818179,5.419060,4.533709
2.850000,3.450000,0.500000,12.801836,13.827588,5.557690,4.647211
3.450000,3.450000,0.500000,12.944207,13.829734,5.563888,4.774262
3.450000,3.450000,0.500000,13.081771,13.874387,5.642073,4.819437
3.450000,3.450000,0.500000,13.242933,13.692581,5.689363,5.057369
3.450000,3.450000,0.500000,13.252565,13.819089,5.869774,5.103191
3.450000,3.450000,0.500000,13.478410,13.912520,5.736435,5.245770
3.450000,3.450000,0.500000,13.554288,13.992632,5.705478,5.347035
3.450000,2.850000,-0.500000,13.615083,13.909283,5.486642,5.304225
3.450000,2.850000,-0.500000,13.690241,13.790184,5.329860,5.331015
3.450000,2.850000,-0.500000,13.696993,13.708827,5.104151,5.299221
3.450000,2.850000,-0.500000,13.732694,13.682534,4.902206,5.302203
3.450000,2.850000,-0.500000,13.750398,13.517729,4.764541,5.366340
3.450000,2.850000,-0.500000,13.672569,13.569911,4.578808,5.319228
3.450000,2.850000,-0.500000,13.569872,13.533434,4.428522,5.334251
3.450000,2.850000,-0.500000,13.580052,13.461930,4.264701,5.399716
3.450000,2.850000,-0.500000,13.478515,13.508825,4.257085,5.314382
3.450000,2.850000,-0.500000,13.437969,13.402495,4.143776,5.261604
3.450000,2.850000,-0.500000,13.224500,13.449694,4.031558,5.319634
3.450000,2.850000,-0.500000,13.193156,13.366685,3.856954,5.487855
2.850000,3.450000,-0.500000,13.003765,13.502833,4.062944,5.152455
2.850000,3.450000,-0.500000,12.771592,13.490322,4.343263,4.983238
2.850000,3.450000,-0.500000,12.676723,13.468048,4.504745,4.943744
2.850000,3.450000,-0.500000,12.619979,13.495511,4.579321,4.844277
2.850000,3.450000,-0.500000,12.412330,13.554229,4.625029,4.763196
2.850000,3.450000,-0.500000,12.380245,13.505163,4.665075,4.621751
2.850000,2.850000,-0.500000,12.241011,13.395841,4.532417,4.372044
2.850000,2.850000,-0.500000,12.232338,13.325803,4.449559,4.456597
2.850000,2.850000,0.500000,12.098590,13.283641,4.484469,4.386419
2.850000,2.850000,0.500000,11.927856,13.075499,4.430434,4.505073
2.850000,2.850000,0.500000,12.086592,13.034408,4.433335,4.454612
2.850000,2.850000,0.500000,11.830475,12.909997,4.384365,4.474730
3.450000,2.850000,0.500000,11.913382,12.861006,4.345244,4.649777
3.450000,2.850000,0.500000,12.068953,12.773402,4.250503,4.883416
3.450000,2.850000,0.500000,12.115946,12.733989,4.269581,5.051427
3.450000,2.850000,0.500000,12.175681,12.634313,4.272368,5.068588
3.450000,2.850000,0.500000,12.081850,12.643554,4.260041,5.168321
3.450000,2.850000,0.500000,12.165533,12.766798,4.255684,5.328014
3.450000,3.450000,0.500000,12.275919,12.802441,4.453936,5.482815
3.450000,3.450000,0.500000,12.332805,12.923203,4.619629,5.483279
3.450000,3.450000,0.500000,12.370164,13.159947,4.883741,5.636733
3.450000,3.450000,0.500000,12.524180,13.239432,4.945435,5.621905
3.450000,3.450000,0.500000,12.622147,13.245915,5.088937,5.786072
3.450000,3.450000,0.500000,12.770948,13.378959,5.105163,5.839401
2.850000,3.450000,0.500000,12.742518,13.391154,5.178800,5.761523
2.850000,3.450000,0.500000,12.675727,13.600184,5.322095,5.660163
2.850000,3.450000,0.500000,12.615892,13.686865,5.345560,5.553960
2.850000,3.450000,0.500000,12.595699,13.682864,5.445539,5.485649
2.850000,3.450000,0.500000,12.646083,13.797137,5.532082,5.406744
2.850000,3.450000,0.500000,12.724554,13.848451,5.587103,5.361224
3.450000,2.850000,0.500000,12.798116,13.791328,5.339005,5.403617
3.450000,2.850000,0.500000,12.869097,13.755321,5.091425,5.439304
3.450000,2.850000,0.500000,13.041839,13.629282,5.015709,5.577527
3.450000,2.850000,0.500000,13.012958,13.577452,4.855302,5.694305
3.450000,2.850000,0.500000,13.055234,13.569434,4.771628,5.722563
3.450000,2.850000,0.500000,13.132358,13.627774,4.701428,5.759481
2.850000,3.450000,0.500000,13.021908,13.711591,4.894053,5.683837
2.850000,3.450000,0.500000,12.952230,13.862287,4.986736,5.570212
2.850000,3.450000,0.500000,12.917276,13.862609,5.079642,5.562290
2.850000,3.450000,0.500000,12.809920,13.785751,5.311305,5.603794
2.850000,3.450000,0.500000,12.873044,14.020495,5.307093,5.464489
2.850000,3.450000,0.500000,12.757661,14.056889,5.396062,5.248481
3.450000,3.450000,0.500000,12.879545,13.921131,5.571295,5.469871
3.450000,3.450000,0.500000,13.045348,14.056206,5.549235,5.505712
3.450000,3.450000,0.500000,13.128994,14.061560,5.648322,5.612632
3.450000,3.450000,0.500000,13.304164,14.243684,5.672846,5.740410
3.450000,3.450000,0.500000,13.469952,14.222888,5.740661,5.802069
3.450000,3.450000,0.500000,13.502184,14.324129,5.699884,5.892757
2.850000,3.450000,0.500000,13.520067,14.496967,5.638900,5.771198
2.850000,3.450000,0.500000,13.519311,14.449840,5.741068,5.590535
2.850000,3.450000,0.500000,13.572469,14.374250,5.613700,5.592567
2.850000,3.450000,0.500000,13.440247,14.559167,5.642543,5.581905
2.850000,3.450000,0.500000,13.445587,14.538290,5.694646,5.420332
2.850000,3.450000,0.500000,13.338506,14.446064,5.803064,5.418637
2.850000,3.450000,0.500000,13.377406,14.463049,5.778131,5.366419
2.850000,3.450000,0.500000,13.378202,14.572406,5.821322,5.296432
2.850000,3.450000,0.500000,13.375920,14.517536,5.925617,5.216109
2.850000,3.450000,0.500000,13.420684,14.511895,5.853917,5.127443
2.850000,3.450000,0.500000,13.314392,14.517725,5.947392,5.070123
2.850000,3.450000,0.500000,13.350238,14.509906,5.992109,5.066060
2.850000,2.850000,0.500000,13.279582,14.402426,5.762559,5.047629
2.850000,2.850000,0.500000,13.336308,14.447527,5.456464,4.944523
2.850000,2.850000,0.500000,13.201081,14.158083,5.264640,4.887348
2.850000,2.850000,0.500000,13.158368,14.120529,5.134808,4.928911
2.850000,2.850000,0.500000,13.123848,13.930663,4.937487,4.821971
2.850000,2.850000,0.500000,13.063141,13.940926,4.977752,4.949708
2.850000,2.850000,0.500000,12.996860,13.729476,4.900498,4.913728
2.850000,2.850000,0.500000,12.862452,13.617017,4.780712,4.869607
2.850000,2.850000,0.500000,12.688012,13.583328,4.704736,4.800552
2.850000,2.850000,0.500000,12.595001,13.494151,4.665750,4.727777
2.850000,2.850000,0.500000,12.455400,13.445371,4.478872,4.668316
2.850000,2.850000,0.500000,12.483046,13.270587,4.506324,4.679782
3.450000,2.850000,0.500000,12.423982,13.313503,4.451392,4.827443
3.450000,2.850000,0.500000,12.499186,13.260449,4.485228,5.034706
3.450000,2.850000,0.500000,12.480395,13.087668,4.337426,5.149819
3.450000,2.850000,0.500000,12.505572,13.079565,4.371712,5.330772
3.450000,2.850000,0.500000,12.607967,13.067367,4.357502,5.219984
3.450000,2.850000,0.500000,12.564278,13.010767,4.283114,5.353775
3.450000,3.450000,0.500000,12.599297,13.249774,4.595388,5.437504
3.450000,3.450000,0.500000,12.550492,13.289366,4.736218,5.560314
3.450000,3.450000,0.500000,12.625971,13.320551,4.911545,5.574612
3.450000,3.450000,0.500000,12.770570,13.480154,4.992515,5.738151
3.450000,3.450000,0.500000,12.865884,13.605219,5.080936,5.738323
3.450000,3.450000,0.500000,12.861386,13.634732,5.219492,5.774659
2.850000,3.450000,0.500000,12.862711,13.702550,5.237981,5.684242
2.850000,3.450000,0.500000,12.789662,13.876753,5.341593,5.615218
2.850000,3.450000,0.500000,12.764727,13.902635,5.421967,5.408178
2.850000,3.450000,0.500000,12.744489,13.901897,5.609479,5.286595
2.850000,3.450000,0.500000,12.670069,13.991977,5.587882,5.304560
2.850000,3.450000,0.500000,12.753373,14.116626,5.701414,5.147477
3.450000,3.450000,0.500000,12.856288,14.023814,5.695645,5.244848
3.450000,3.450000,0.500000,12.955888,14.098563,5.730830,5.407038
3.450000,3.450000,0.500000,13.191558,14.053578,5.783813,5.479739
3.450000,3.450000,0.500000,13.343346,14.205536,5.792371,5.536299
3.450000,3.450000,0.500000,13.408575,14.252333,5.840210,5.602967
3.450000,3.450000,0.500000,13.569457,14.303675,5.866010,5.825678
3.450000,3.450000,0.500000,13.731174,14.367993,5.909686,5.787259
3.450000,3.450000,0.500000,13.761574,14.397558,5.832440,5.795025
3.450000,3.450000,-0.500000,13.942163,14.404623,5.879751,5.811103
3.450000,3.450000,-0.500000,13.951036,14.608216,5.860909,5.750284
3.450000,3.450000,-0.500000,14.129783,14.630524,5.772654,5.658447
3.450000,3.450000,-0.500000,14.146142,14.574333,5.753869,5.784864
2.850000,2.850000,-0.500000,14.151938,14.536708,5.511602,5.522750
2.850000,2.850000,-0.500000,13.958423,14.533460,5.250908,5.403808
2.850000,2.850000,-0.500000,13.879551,14.367883,5.071636,5.345365
2.850000,2.850000,-0.500000,13.699318,14.284425,4.907329,5.079200
2.850000,2.850000,-0.500000,13.580376,14.219581,4.704532,4.959316
2.850000,2.850000,-0.500000,13.403083,14.057196,4.513887,4.716200
2.850000,2.850000,0.500000,13.236371,13.919187,4.454113,4.744806
2.850000,2.850000,0.500000,13.081954,13.835568,4.464275,4.846967
2.850000,2.850000,0.500000,13.017142,13.795701,4.410693,4.857545
2.850000,2.850000,0.500000,12.788325,13.574045,4.390020,4.836077
2.850000,2.850000,0.500000,12.608203,13.566921,4.332382,4.800518
2.850000,2.850000,0.500000,12.522511,13.532816,4.238487,4.851653
3.450000,2.850000,0.500000,12.492803,13.369106,4.259018,4.892240
3.450000,2.850000,0.500000,12.552993,13.339825,4.257161,4.936629
3.450000,2.850000,0.500000,12.518978,13.223930,4.218417,5.102360
3.450000,2.850000,0.500000,12.511614,13.141627,4.174233,5.261364
3.450000,2.850000,-0.500000,12.518491,13.196290,4.082139,5.124844
3.450000,2.850000,-0.500000,12.485235,13.100698,4.008379,5.329937
3.450000,2.850000,-0.500000,12.527907,13.212473,4.009855,5.327850
3.450000,2.850000,-0.500000,12.561091,13.075618,3.974261,5.415796
3.450000,2.850000,-0.500000,12.393125,13.086601,3.867305,5.301748
3.450000,2.850000,-0.500000,12.436749,13.145701,3.833129,5.349282
3.450000,2.850000,-0.500000,12.295181,12.982149,3.858912,5.298654
3.450000,2.850000,-0.500000,12.368315,13.059730,3.830433,5.430287
2.850000,3.450000,-0.500000,12.103248,13.185664,3.845296,5.210198
2.850000,3.450000,-0.500000,12.053996,13.246385,4.295165,4.985587
2.850000,3.450000,0.500000,11.883581,13.295123,4.402211,4.865085
2.850000,3.450000,0.500000,11.816270,13.351480,4.509708,5.102689
2.850000,3.450000,0.500000,11.789329,13.371758,4.769346,4.942460
2.850000,3.450000,0.500000,11.805410,13.370820,4.773581,4.956711
2.850000,2.850000,0.500000,11.807951,13.235114,4.850761,4.921154
2.850000,2.850000,0.500000,11.864485,13.219783,4.598335,4.938842
2.850000,2.850000,0.500000,11.771782,13.150386,4.567344,4.963097
2.850000,2.850000,0.500000,11.745474,13.115483,4.697437,4.844583
2.850000,2.850000,0.500000,11.702818,13.043608,4.444192,4.805065
2.850000,2.850000,0.500000,11.749587,12.975203,4.553083,4.778700
3.450000,3.450000,-0.500000,11.782432,13.006676,4.612290,4.918885
3.450000,3.450000,-0.500000,11.913711,13.121619,4.680745,4.920810
3.450000,3.450000,-0.500000,11.959307,13.182292,4.764888,4.918781
3.450000,3.450000,-0.500000,12.044627,13.214502,4.866074,5.001467
3.450000,3.450000,-0.500000,12.226571,13.232305,4.924873,4.987849
3.450000,3.450000,-0.500000,12.299858,13.344364,4.947155,5.067787
3.450000,2.850000,-0.500000,12.525068,13.306926,4.762076,5.092199
3.450000,2.850000,-0.500000,12.570163,13.207812,4.630245,5.200244
3.450000,2.850000,-0.500000,12.510574,13.213207,4.394421,5.127304
3.450000,2.850000,-0.500000,12.595765,13.160609,4.304395,5.126588
3.450000,2.850000,0.500000,12.627715,13.099004,4.298077,5.275378
3.450000,2.850000,0.500000,12.660478,13.099746,4.252306,5.440251
2.850000,2.850000,0.500000,12.504279,13.091389,4.311833,5.324671
2.850000,2.850000,0.500000,12.345454,13.049789,4.232961,5.249860
2.850000,2.850000,0.500000,12.144146,13.089623,4.363449,5.200015
2.850000,2.850000,0.500000,12.157802,12.966595,4.312211,5.148909
2.850000,2.850000,0.500000,11.881870,12.869392,4.215387,5.050557
2.850000,2.850000,0.500000,11.969338,12.939018,4.231788,4.943091
3.450000,2.850000,0.500000,12.004088,12.872124,4.197441,5.123408
3.450000,2.850000,0.500000,11.989046,12.954561,4.174845,5.308606
3.450000,2.850000,-0.500000,12.043613,12.916019,4.155001,5.383758
3.450000,2.850000,-0.500000,12.127621,12.889322,3.969642,5.349223
3.450000,2.850000,-0.500000,12.082569,12.968523,4.143437,5.380719
3.450000,2.850000,-0.500000,12.075636,12.792189,3.958063,5.312932
3.450000,2.850000,-0.500000,12.094177,12.854145,3.849928,5.365688
3.450000,2.850000,-0.500000,12.013561,12.858915,3.825550,5.396806
3.450000,2.850000,-0.500000,12.138001,12.822575,3.695082,5.339291
3.450000,2.850000,-0.500000,12.021994,12.906355,3.837152,5.353104
3.450000,2.850000,-0.500000,11.988845,12.965572,3.791405,5.412118
3.450000,2.850000,-0.500000,12.072867,12.867683,3.817259,5.330676
2.850000,3.450000,0.500000,11.934069,13.014479,4.072618,5.337030
2.850000,3.450000,0.500000,11.876939,13.141677,4.256296,5.265395
2.850000,3.450000,0.500000,11.754263,13.193090,4.580028,5.208307
2.850000,3.450000,0.500000,11.734583,13.276277,4.747652,5.119913
2.850000,3.450000,0.500000,11.714067,13.261979,4.790989,4.961789
2.850000,3.450000,0.500000,11.701817,13.274662,4.946112,5.073757
3.450000,3.450000,0.500000,11.900638,13.300243,5.135889,5.155540
3.450000,3.450000,0.500000,12.063561,13.511939,5.173653,5.306162
3.450000,3.450000,0.500000,12.169039,13.458442,5.263918,5.415654
3.450000,3.450000,0.500000,12.367761,13.615628,5.334062,5.362951
3.450000,3.450000,0.500000,12.518475,13.635743,5.424020,5.535805
3.450000,3.450000,0.500000,12.641405,13.709101,5.469480,5.599319
3.450000,2.850000,0.500000,12.695538,13.661064,5.342141,5.769896
3.450000,2.850000,0.500000,12.916766,13.596880,5.095232,5.713931
3.450000,2.850000,0.500000,12.925334,13.582151,5.018434,5.785985
3.450000,2.850000,0.500000,12.993385,13.676208,4.860829,5.813150
3.450000,2.850000,0.500000,13.086406,13.655409,4.749401,5.898894
3.450000,2.850000,0.500000,13.079689,13.534750,4.766547,6.077763
2.850000,3.450000,0.500000,12.922348,13.634242,4.728924,5.922980
2.850000,3.450000,0.500000,12.909898,13.890832,4.937896,5.806643
2.850000,3.450000,0.500000,12.768906,13.846067,5.017355,5.610823
2.850000,3.450000,0.500000,12.777410,13.992503,5.286264,5.607040
2.850000,3.450000,0.500000,12.738660,13.994354,5.317918,5.408275
2.850000,3.450000,0.500000,12.652245,14.000769,5.446549,5.405763
3.450000,3.450000,0.500000,12.838887,14.183895,5.499423,5.468023
3.450000,3.450000,0.500000,12.883859,14.197624,5.593413,5.644277
3.450000,3.450000,0.500000,13.143877,14.195955,5.644117,5.689440
3.450000,3.450000,0.500000,13.150014,14.292734,5.620145,5.686105
3.450000,3.450000,0.500000,13.351995,14.388592,5.602187,5.729234
3.450000,3.450000,0.500000,13.368578,14.313858,5.705716,5.800989
3.450000,2.850000,-0.500000,13.408920,14.395499,5.402421,5.826171
3.450000,2.850000,-0.500000,13.542901,14.339264,5.226204,5.713067
3.450000,2.850000,-0.500000,13.623024,14.292465,5.017650,5.688945
3.450000,2.850000,-0.500000,13.649049,14.220403,4.826271,5.736851
3.450000,2.850000,-0.500000,13.596334,14.161139,4.759198,5.737397
3.450000,2.850000,-0.500000,13.666766,14.158357,4.555832,5.666390
2.850000,3.450000,-0.500000,13.453981,14.141167,4.707051,5.464585
2.850000,3.450000,-0.500000,13.320604,14.251061,4.730720,5.363056
2.850000,3.450000,-0.500000,13.144481,14.231459,4.943160,5.248515
2.850000,3.450000,-0.500000,13.007054,14.245733,4.986140,5.037987
2.850000,3.450000,-0.500000,12.966241,14.198867,4.973185,4.948935
2.850000,3.450000,-0.500000,12.916506,14.218952,5.015191,4.781761
2.850000,2.850000,-0.500000,12.755152,14.079984,4.799578,4.691254
2.850000,2.850000,-0.500000,12.649832,13.871976,4.622118,4.570423
2.850000,2.850000,-0.500000,12.593897,13.907015,4.548608,4.456301
2.850000,2.850000,-0.500000,12.460831,13.641916,4.468406,4.385544
2.850000,2.850000,-0.500000,12.366755,13.553853,4.227373,4.361504
2.850000,2.850000,-0.500000,12.258331,13.444128,4.233941,4.171798
2.850000,2.850000,-0.500000,12.152140,13.239785,4.215615,4.179705
2.850000,2.850000,-0.500000,11.962623,13.148288,4.021338,4.088322
2.850000,2.850000,0.500000,11.881857,12.970569,4.104742,4.146532
2.850000,2.850000,0.500000,11.792134,12.944024,4.188239,4.293311
2.850000,2.850000,0.500000,11.726101,12.754212,4.146207,4.284058
2.850000,2.850000,0.500000,11.690084,12.720718,4.112622,4.292932
3.450000,2.850000,0.500000,11.631945,12.671377,4.163066,4.419759
3.450000,2.850000,0.500000,11.744688,12.516277,4.169722,4.672829
3.450000,2.850000,0.500000,11.813773,12.420845,4.214198,4.804087
3.450000,2.850000,0.500000,11.804580,12.527417,4.168363,4.918799
3.450000,2.850000,0.500000,11.800995,12.537037,4.092796,5.055179
3.450000,2.850000,0.500000,11.823047,12.583570,4.092545,5.273820
2.850000,3.450000,-0.500000,11.755080,12.561611,4.239446,4.995070
2.850000,3.450000,-0.500000,11.678084,12.669497,4.272174,5.012011
2.850000,3.450000,-0.500000,11.653817,12.815237,4.452199,4.797715
2.850000,3.450000,-0.500000,11.581359,12.799014,4.597972,4.789283
2.850000,3.450000,-0.500000,11.659023,12.900617,4.707099,4.722524
2.850000,3.450000,-0.500000,11.596061,12.974459,4.788137,4.566994
3.450000,2.850000,-0.500000,11.783700,12.883090,4.638600,4.625528
3.450000,2.850000,-0.500000,11.962863,12.790841,4.536142,4.667951
3.450000,2.850000,-0.500000,11.879466,12.739323,4.441462,4.767492
3.450000,2.850000,-0.500000,11.999660,12.679191,4.260022,4.753994
3.450000,2.850000,-0.500000,12.074153,12.587893,4.158284,4.914718
3.450000,2.850000,-0.500000,12.064105,12.600705,4.110431,4.820088
3.450000,2.850000,-0.500000,12.090731,12.519448,4.028277,4.876925
3.450000,2.850000,-0.500000,12.060988,12.576166,3.955659,4.952599
3.450000,2.850000,-0.500000,12.058569,12.485203,4.005607,4.984698
3.450000,2.850000,-0.500000,11.997213,12.474145,3.982925,4.937311
3.450000,2.850000,-0.500000,11.968708,12.519675,3.866022,5.007709
3.450000,2.850000,-0.500000,12.009392,12.495535,3.917946,5.045045
3.450000,3.450000,-0.500000,11.993927,12.534965,3.984697,5.135272
3.450000,3.450000,-0.500000,12.041659,12.713136,4.257339,5.114324
3.450000,3.450000,-0.500000,11.991646,12.729173,4.384162,5.209906
3.450000,3.450000,-0.500000,12.214079,12.898296,4.512340,5.164486
3.450000,3.450000,-0.500000,12.214690,12.977642,4.639979,5.201196
3.450000,3.450000,-0.500000,12.365085,12.948972,4.743695,5.191804
2.850000,2.850000,-0.500000,12.290267,12.958275,4.534947,5.053727
2.850000,2.850000,-0.500000,12.182652,13.013874,4.433790,4.976931
2.850000,2.850000,-0.500000,12.141813,12.868790,4.412560,4.913675
2.850000,2.850000,-0.500000,11.991306,12.873901,4.203760,4.709476
2.850000,2.850000,-0.500000,11.855861,12.871493,4.153292,4.591565
2.850000,2.850000,-0.500000,11.796971,12.682278,3.958002,4.512946
2.850000,2.850000,-0.500000,11.786758,12.747763,4.004198,4.517895
2.850000,2.850000,-0.500000,11.597793,12.514300,3.976663,4.486449
2.850000,2.850000,-0.500000,11.480683,12.419084,3.957108,4.270181
2.850000,2.850000,-0.500000,11.318059,12.375739,3.774576,4.294972
2.850000,2.850000,-0.500000,11.334923,12.243395,3.771822,4.248973
2.850000,2.850000,-0.500000,11.161148,12.345720,3.823697,4.131696
2.850000,3.450000,-0.500000,11.094904,12.316849,3.983838,4.021406
2.850000,3.450000,-0.500000,10.988350,12.248104,4.198219,3.983734
2.850000,3.450000,-0.500000,10.918381,12.282261,4.254308,3.958937
2.850000,3.450000,-0.500000,11.002328,12.265822,4.384347,3.987205
2.850000,3.450000,-0.500000,11.064086,12.308829,4.533761,3.898886
2.850000,3.450000,-0.500000,10.996666,12.278132,4.565661,3.895530
3.450000,3.450000,-0.500000,11.209729,12.374604,4.653775,4.114286
3.450000,3.450000,-0.500000,11.417494,12.344446,4.802703,4.118326
3.450000,3.450000,-0.500000,11.481078,12.369437,4.810567,4.378983
3.450000,3.450000,-0.500000,11.754002,12.341881,4.979094,4.333810
3.450000,3.450000,-0.500000,11.831753,12.425974,4.908572,4.484246
3.450000,3.450000,-0.500000,12.079460,12.499351,4.971515,4.510331
3.450000,3.450000,-0.500000,12.169778,12.541134,5.087092,4.654922
3.450000,3.450000,-0.500000,12.292641,12.565302,5.127077,4.644207
3.450000,3.450000,-0.500000,12.395833,12.589943,5.071156,4.733082
3.450000,3.450000,-0.500000,12.532702,12.639312,5.203642,4.772691
3.450000,3.450000,-0.500000,12.604758,12.718023,5.111728,4.800958
3.450000,3.450000,-0.500000,12.768745,12.867002,5.234147,4.894496
2.850000,2.850000,-0.500000,12.685619,12.778675,5.040807,4.745271
2.850000,2.850000,-0.500000,12.642630,12.705424,4.816777,4.673892
2.850000,2.850000,-0.500000,12.488072,12.746820,4.553776,4.423507
2.850000,2.850000,-0.500000,12.390099,12.599520,4.470744,4.506992
2.850000,2.850000,-0.500000,12.345228,12.502258,4.358006,4.453491
2.850000,2.850000,-0.500000,12.262758,12.428351,4.385549,4.256461
3.450000,3.450000,-0.500000,12.241999,12.443107,4.529395,4.470160
3.450000,3.450000,-0.500000,12.316625,12.537806,4.586381,4.473857
3.450000,3.450000,-0.500000,12.397998,12.610752,4.626929,4.587406
3.450000,3.450000,-0.500000,12.407682,12.601064,4.794201,4.592889
3.450000,3.450000,-0.500000,12.588390,12.689315,4.829728,4.690890
3.450000,3.450000,-0.500000,12.645323,12.784255,4.930787,4.730068
2.850000,2.850000,-0.500000,12.544175,12.785532,4.687493,4.644691
2.850000,2.850000,-0.500000,12.532277,12.596295,4.496924,4.542748
2.850000,2.850000,-0.500000,12.406262,12.573329,4.445191,4.486066
2.850000,2.850000,-0.500000,12.322355,12.486019,4.346369,4.389118
2.850000,2.850000,-0.500000,12.172363,12.439581,4.235970,4.280411
2.850000,2.850000,-0.500000,12.016186,12.293500,4.195040,4.260563
2.850000,2.850000,-0.500000,11.877107,12.271619,4.067770,4.095521
2.850000,2.850000,-0.500000,11.789109,12.307947,3.990990,4.102705
2.850000,2.850000,-0.500000,11.725450,12.122248,4.125292,4.100045
2.850000,2.850000,-0.500000,11.547177,12.160800,3.903008,3.994114
2.850000,2.850000,-0.500000,11.506970,11.983305,3.916192,3.928269
2.850000,2.850000,-0.500000,11.391196,11.858125,3.897472,3.900325
2.850000,2.850000,-0.500000,11.222767,11.846353,3.866093,3.906018
2.850000,2.850000,-0.500000,11.147283,11.704924,3.835485,3.933414
2.850000,2.850000,-0.500000,11.125260,11.674909,3.779968,3.836546
2.850000,2.850000,-0.500000,10.927395,11.606797,3.800717,3.861695
2.850000,2.850000,-0.500000,10.897142,11.528515,3.740754,3.866949
2.850000,2.850000,-0.500000,10.776147,11.493304,3.620987,3.731631
3.450000,3.450000,-0.500000,10.907389,11.513511,3.942626,3.913263
3.450000,3.450000,-0.500000,10.941220,11.474547,4.065673,4.037057
3.450000,3.450000,-0.500000,11.039905,11.537931,4.223860,4.172041
3.450000,3.450000,-0.500000,11.195914,11.575789,4.305910,4.163404
3.450000,3.450000,-0.500000,11.358010,11.673101,4.507226,4.309842
3.450000,3.450000,-0.500000,11.548181,11.795063,4.545958,4.380766
3.450000,2.850000,-0.500000,11.563436,11.755408,4.560080,4.581331
3.450000,2.850000,-0.500000,11.672671,11.745646,4.331598,4.667706
3.450000,2.850000,-0.500000,11.829941,11.772058,4.244734,4.666703
3.450000,2.850000,-0.500000,11.704279,11.781784,4.252670,4.790900
3.450000,2.850000,-0.500000,11.879653,11.829178,4.204852,4.695457
3.450000,2.850000,-0.500000,11.957202,11.867516,3.946134,4.923055
2.850000,3.450000,-0.500000,11.741537,11.853296,4.157136,4.648860
2.850000,3.450000,-0.500000,11.723840,12.013293,4.416598,4.605076
2.850000,3.450000,-0.500000,11.788755,12.096789,4.492051,4.498050
2.850000,3.450000,-0.500000,11.606871,12.072703,4.559629,4.403120
2.850000,3.450000,-0.500000,11.520950,12.228151,4.699256,4.370453
2.850000,3.450000,-0.500000,11.628271,12.235448,4.704104,4.385726
3.450000,3.450000,-0.500000,11.788957,12.282061,4.814994,4.338380
3.450000,3.450000,-0.500000,11.905168,12.383854,4.972771,4.474626
3.450000,3.450000,-0.500000,12.079794,12.362541,4.961337,4.540458
3.450000,3.450000,-0.500000,12.197135,12.500721,4.989039,4.620052
3.450000,3.450000,-0.500000,12.382824,12.475706,4.969351,4.671266
3.450000,3.450000,-0.500000,12.382625,12.585020,5.095748,4.731599
3.450000,2.850000,-0.500000,12.511052,12.545128,4.846942,4.727595
3.450000,2.850000,-0.500000,12.509266,12.574499,4.825885,4.862987
3.450000,2.850000,-0.500000,12.712175,12.444886,4.575801,4.934623
3.450000,2.850000,-0.500000,12.643338,12.420711,4.441649,4.931058
3.450000,2.850000,-0.500000,12.650859,12.493353,4.282241,4.918978
3.450000,2.850000,-0.500000,12.539326,12.420964,4.250506,5.052815
2.850000,3.450000,-0.500000,12.554978,12.561081,4.399001,4.873565
2.850000,3.450000,-0.500000,12.438719,12.622441,4.556114,4.693834
2.850000,3.450000,-0.500000,12.300397,12.672908,4.626460,4.681737
2.850000,3.450000,-0.500000,12.239399,12.731647,4.683354,4.524204
2.850000,3.450000,-0.500000,12.239210,12.801014,4.853781,4.572099
2.850000,3.450000,-0.500000,12.191738,12.657615,4.855981,4.432956
2.850000,2.850000,0.500000,12.081425,12.629351,4.828093,4.420985
2.850000,2.850000,0.500000,12.153326,12.662329,4.673153,4.538149
2.850000,2.850000,0.500000,12.042726,12.507690,4.528104,4.475443
2.850000,2.850000,0.500000,11.995766,12.458691,4.528864,4.476691
2.850000,2.850000,0.500000,11.971797,12.370951,4.352183,4.540645
2.850000,2.850000,0.500000,11.906120,12.290508,4.372285,4.577346
2.850000,3.450000,0.500000,11.811127,12.370927,4.539586,4.501250
2.850000,3.450000,0.500000,11.763773,12.498113,4.766652,4.487123
2.850000,3.450000,0.500000,11.714660,12.419402,4.932776,4.505529
2.850000,3.450000,0.500000,11.866596,12.538668,4.921872,4.465223
2.850000,3.450000,-0.500000,11.845385,12.527973,5.039811,4.431768
2.850000,3.450000,-0.500000,11.863781,12.570719,5.050898,4.268025
2.850000,2.850000,-0.500000,11.807458,12.546601,4.863668,4.250366
2.850000,2.850000,-0.500000,11.769026,12.466873,4.695217,4.124312
2.850000,2.850000,-0.500000,11.638894,12.298483,4.494603,4.153794
2.850000,2.850000,-0.500000,11.624591,12.241799,4.475672,4.020842
2.850000,2.850000,-0.500000,11.649718,12.181490,4.348244,3.984405
2.850000,2.850000,-0.500000,11.518640,11.961614,4.208059,3.998208
3.450000,2.850000,-0.500000,11.553827,11.988491,4.172887,4.101238
3.450000,2.850000,-0.500000,11.707037,11.973564,4.049347,4.291927
3.450000,2.850000,-0.500000,11.808444,11.958613,4.063851,4.334073
3.450000,2.850000,-0.500000,11.680344,11.837714,3.931827,4.402300
3.450000,2.850000,-0.500000,11.762259,11.831977,4.026623,4.481773
3.450000,2.850000,-0.500000,11.846828,11.815025,4.000139,4.538804
2.850000,2.850000,-0.500000,11.662701,11.754812,3.877951,4.511805
2.850000,2.850000,-0.500000,11.631087,11.700519,3.804833,4.366314
2.850000,2.850000,-0.500000,11.468594,11.771820,3.754454,4.319566
2.850000,2.850000,-0.500000,11.280625,11.617437,3.765615,4.173718
2.850000,2.850000,-0.500000,11.261604,11.686043,3.705755,4.185162
2.850000,2.850000,-0.500000,11.157626,11.631198,3.662517,4.129088
2.850000,2.850000,0.500000,10.997679,11.541996,3.773410,4.146088
2.850000,2.850000,0.500000,10.945701,11.590897,3.796207,4.231515
2.850000,2.850000,0.500000,10.799677,11.540843,3.821554,4.244059
2.850000,2.850000,0.500000,10.762936,11.420615,3.902339,4.256489
2.850000,2.850000,0.500000,10.812511,11.378588,3.903757,4.269769
2.850000,2.850000,0.500000,10.726219,11.337102,3.947376,4.381655
2.850000,3.450000,0.500000,10.689650,11.515234,4.189052,4.328960
2.850000,3.450000,0.500000,10.734114,11.537369,4.358499,4.370842
2.850000,3.450000,0.500000,10.722926,11.609165,4.659515,4.412094
2.850000,3.450000,0.500000,10.768704,11.796857,4.708022,4.440832
2.850000,3.450000,0.500000,10.821757,11.802937,4.803151,4.434953
2.850000,3.450000,0.500000,10.964972,11.948795,4.992665,4.347984
2.850000,3.450000,0.500000,11.124390,11.988767,5.112628,4.452634
2.850000,3.450000,0.500000,11.113074,12.039407,5.181669,4.505945
2.850000,3.450000,0.500000,11.262986,12.168239,5.268230,4.435997
2.850000,3.450000,0.500000,11.332218,12.124355,5.478105,4.512651
2.850000,3.450000,0.500000,11.438819,12.259033,5.411187,4.385917
2.850000,3.450000,0.500000,11.569121,12.330483,5.482075,4.434147
3.450000,3.450000,0.500000,11.791469,12.322469,5.510743,4.570537
3.450000,3.450000,0.500000,12.000808,12.390479,5.574320,4.752218
3.450000,3.450000,-0.500000,12.067418,12.358600,5.597726,4.846781
3.450000,3.450000,-0.500000,12.429405,12.652915,5.572793,4.850923
3.450000,3.450000,-0.500000,12.554674,12.660331,5.574196,4.974464
3.450000,3.450000,-0.500000,12.707074,12.709894,5.512679,5.004735
2.850000,2.850000,-0.500000,12.671144,12.705387,5.283634,4.867986
2.850000,2.850000,-0.500000,12.668628,12.627081,5.039405,4.734606
2.850000,2.850000,-0.500000,12.650227,12.591020,4.962066,4.678192
2.850000,2.850000,-0.500000,12.613727,12.584134,4.698974,4.475820
2.850000,2.850000,-0.500000,12.462110,12.555860,4.548011,4.346362
2.850000,2.850000,-0.500000,12.391858,12.346877,4.554570,4.387627
3.450000,3.450000,-0.500000,12.371112,12.421735,4.630018,4.428944
3.450000,3.450000,-0.500000,12.602326,12.602297,4.696213,4.490666
3.450000,3.450000,-0.500000,12.510640,12.636765,4.855768,4.640489
3.450000,3.450000,-0.500000,12.649424,12.620423,4.876866,4.745619
3.450000,3.450000,-0.500000,12.757718,12.615282,4.881792,4.672928
3.450000,3.450000,-0.500000,12.747421,12.758601,5.073975,4.865566
3.450000,2.850000,-0.500000,12.869820,12.754014,4.872729,4.785481
3.450000,2.850000,-0.500000,12.912949,12.679146,4.743028,4.985809
3.450000,2.850000,-0.500000,12.856426,12.645489,4.482983,4.961960
3.450000,2.850000,-0.500000,12.915351,12.609563,4.321097,5.037698
3.450000,2.850000,-0.500000,12.933990,12.671079,4.259771,5.046627
3.450000,2.850000,-0.500000,12.790762,12.595178,4.196515,4.989137
3.450000,2.850000,-0.500000,12.881227,12.605820,4.082441,5.102657
3.450000,2.850000,-0.500000,12.792256,12.539050,3.937528,5.239934
3.450000,2.850000,-0.500000,12.845176,12.595249,3.961822,5.283551
3.450000,2.850000,-0.500000,12.752625,12.595225,4.035463,5.243452
3.450000,2.850000,-0.500000,12.715231,12.579950,3.966237,5.179833
3.450000,2.850000,-0.500000,12.586047,12.636870,3.983162,5.228265
3.450000,2.850000,-0.500000,12.607669,12.624412,3.806482,5.249520
3.450000,2.850000,-0.500000,12.542635,12.530137,3.757679,5.303516
3.450000,2.850000,-0.500000,12.539727,12.552580,3.799370,5.169678
3.450000,2.850000,-0.500000,12.370439,12.602482,3.850946,5.235723
3.450000,2.850000,-0.500000,12.401191,12.673009,3.868133,5.250399
3.450000,2.850000,-0.500000,12.314356,12.698395,3.801079,5.332914
3.450000,2.850000,-0.500000,12.290636,12.686224,3.802706,5.257308
3.450000,2.850000,-0.500000,12.193328,12.690704,3.752252,5.235696
3.450000,2.850000,-0.500000,12.245492,12.651604,3.859062,5.397476
3.450000,2.850000,-0.500000,12.163584,12.637955,3.683073,5.435210
3.450000,2.850000,-0.500000,12.152120,12.676853,3.836304,5.327081
3.450000,2.850000,-0.500000,12.000485,12.763632,3.724285,5.432463
3.450000,3.450000,0.500000,12.080464,12.955359,4.014530,5.488839
3.450000,3.450000,0.500000,12.147335,12.992391,4.265075,5.499134
3.450000,3.450000,0.500000,12.184435,13.002046,4.464205,5.593885
3.450000,3.450000,0.500000,12.213268,13.126612,4.570025,5.773169
3.450000,3.450000,0.500000,12.232990,13.305356,4.715564,5.760004
3.450000,3.450000,0.500000,12.438478,13.372864,4.889340,5.875833
2.850000,2.850000,0.500000,12.351743,13.420782,4.745197,5.788850
2.850000,2.850000,0.500000,12.264290,13.382380,4.713338,5.612652
2.850000,2.850000,0.500000,12.226215,13.415813,4.583909,5.589213
2.850000,2.850000,0.500000,12.115052,13.395912,4.670298,5.505589
2.850000,2.850000,0.500000,12.057373,13.330867,4.521680,5.359014
2.850000,2.850000,0.500000,11.974770,13.285549,4.533108,5.267028
3.450000,2.850000,0.500000,11.968700,13.366778,4.485258,5.454591
3.450000,2.850000,0.500000,12.140283,13.241275,4.390265,5.443899
3.450000,2.850000,0.500000,12.180184,13.274186,4.391558,5.591898
3.450000,2.850000,0.500000,12.171582,13.265681,4.327740,5.683934
3.450000,2.850000,0.500000,12.123476,13.297907,4.259138,5.731168
3.450000,2.850000,0.500000,12.190570,13.299600,4.371404,5.761028
2.850000,2.850000,0.500000,12.185716,13.212900,4.287000,5.704102
2.850000,2.850000,0.500000,12.082994,13.250287,4.196593,5.609580
2.850000,2.850000,0.500000,11.980993,13.309661,4.190200,5.474709
2.850000,2.850000,0.500000,11.892040,13.253965,4.331178,5.481055
2.850000,2.850000,0.500000,11.842346,13.340324,4.167542,5.364673
2.850000,2.850000,0.500000,11.693700,13.252650,4.169911,5.384790
2.850000,3.450000,0.500000,11.628325,13.252253,4.392324,5.287114
2.850000,3.450000,0.500000,11.706157,13.313310,4.641841,5.241084
2.850000,3.450000,0.500000,11.653086,13.467110,4.687738,5.189513
2.850000,3.450000,0.500000,11.551122,13.521190,4.861151,5.116957
2.850000,3.450000,0.500000,11.612597,13.564095,5.110804,4.996116
2.850000,3.450000,0.500000,11.767463,13.492186,5.082177,5.114557
2.850000,2.850000,0.500000,11.775295,13.498454,5.109696,5.035930
2.850000,2.850000,0.500000,11.832765,13.340893,4.879638,5.041398
2.850000,2.850000,0.500000,11.709447,13.388004,4.837013,4.957578
2.850000,2.850000,0.500000,11.729971,13.325576,4.753493,5.010177
2.850000,2.850000,0.500000,11.713752,13.336092,4.715635,4.901431
2.850000,2.850000,0.500000,11.704181,13.117176,4.678381,4.943782
2.850000,3.450000,0.500000,11.679397,13.224804,4.709315,4.871974
2.850000,3.450000,0.500000,11.704527,13.262286,4.979500,4.740834
2.850000,3.450000,0.500000,11.745333,13.212063,5.033377,4.722323
2.850000,3.450000,0.500000,11.781054,13.280698,5.125450,4.916511
2.850000,3.450000,0.500000,11.877548,13.306966,5.195921,4.762428
2.850000,3.450000,0.500000,11.835641,13.499766,5.366680,4.836665
2.850000,3.450000,0.500000,11.922005,13.411401,5.453252,4.708067
2.850000,3.450000,0.500000,11.992860,13.461418,5.473242,4.718303
2.850000,3.450000,0.500000,12.095189,13.473409,5.562643,4.761534
2.850000,3.450000,0.500000,12.111146,13.411249,5.519205,4.689184
2.850000,3.450000,0.500000,12.163712,13.442133,5.623756,4.742886
2.850000,3.450000,0.500000,12.235947,13.552146,5.682575,4.753469
3.450000,2.850000,0.500000,12.498015,13.386744,5.439706,4.852520
3.450000,2.850000,0.500000,12.538490,13.364073,5.272494,4.935105
3.450000,2.850000,-0.500000,12.640900,13.289207,5.087646,5.070773
3.450000,2.850000,-0.500000,12.815443,13.311255,4.924895,5.095932
3.450000,2.850000,-0.500000,12.807635,13.206038,4.713456,5.139512
3.450000,2.850000,-0.500000,12.847108,13.158535,4.578908,5.153208
3.450000,2.850000,-0.500000,12.848958,13.086629,4.406730,5.065665
3.450000,2.850000,-0.500000,12.776679,13.081833,4.301076,5.094055
3.450000,2.850000,-0.500000,12.861610,12.968475,4.212175,5.122916
3.450000,2.850000,-0.500000,12.853775,12.987453,4.179441,5.123374
3.450000,2.850000,-0.500000,12.783931,12.901819,4.079707,5.183115
3.450000,2.850000,-0.500000,12.701510,12.972526,4.028184,5.232303
3.450000,2.850000,-0.500000,12.670829,12.961483,3.994856,5.290962
3.450000,2.850000,-0.500000,12.684877,12.883281,3.908559,5.304326
3.450000,2.850000,-0.500000,12.588640,12.942920,3.883470,5.325465
3.450000,2.850000,-0.500000,12.513104,12.741763,3.839357,5.245037
3.450000,2.850000,-0.500000,12.430779,12.811712,3.806856,5.406285
3.450000,2.850000,-0.500000,12.263157,12.846119,3.911249,5.240885
3.450000,3.450000,-0.500000,12.431141,12.852709,3.973116,5.278587
3.450000,3.450000,-0.500000,12.374481,13.068585,4.264413,5.299854
3.450000,3.450000,-0.500000,12.334217,13.148889,4.318628,5.330901
3.450000,3.450000,-0.500000,12.359154,13.206672,4.460689,5.289727
3.450000,3.450000,-0.500000,12.428535,13.319959,4.479753,5.328902
3.450000,3.450000,-0.500000,12.544611,13.450264,4.620828,5.292633
3.450000,3.450000,-0.500000,12.477710,13.481264,4.797972,5.327974
3.450000,3.450000,-0.500000,12.620012,13.507229,4.939099,5.382582
3.450000,3.450000,-0.500000,12.678417,13.577685,4.989772,5.291183
3.450000,3.450000,-0.500000,12.776877,13.660483,4.890169,5.291984
3.450000,3.450000,-0.500000,12.701058,13.710280,4.950763,5.303135
3.450000,3.450000,-0.500000,12.888580,13.709950,4.992472,5.376653
3.450000,2.850000,-0.500000,13.023053,13.636604,4.847632,5.370839
3.450000,2.850000,-0.500000,13.016639,13.608213,4.653347,5.348955
3.450000,2.850000,0.500000,12.938345,13.539841,4.602033,5.499492
3.450000,2.850000,0.500000,13.086001,13.560368,4.590883,5.480433
3.450000,2.850000,0.500000,12.964021,13.480233,4.481099,5.587878
3.450000,2.850000,0.500000,12.954995,13.310785,4.450306,5.655108
2.850000,3.450000,0.500000,12.925924,13.649338,4.732737,5.464968
2.850000,3.450000,0.500000,12.802402,13.687459,4.808499,5.542801
2.850000,3.450000,0.500000,12.698878,13.705502,4.901082,5.349375
2.850000,3.450000,0.500000,12.633474,13.768773,5.040314,5.367603
2.850000,3.450000,0.500000,12.499241,13.820529,5.096497,5.239115
2.850000,3.450000,0.500000,12.533723,13.934221,5.141548,5.169605
2.850000,3.450000,0.500000,12.542943,13.862580,5.264666,5.209137
2.850000,3.450000,0.500000,12.584642,13.860798,5.261153,5.086161
2.850000,3.450000,0.500000,12.605372,13.973931,5.524452,5.140683
2.850000,3.450000,0.500000,12.538242,14.006583,5.421952,5.065634
2.850000,3.450000,0.500000,12.543776,14.019924,5.533551,4.948598
2.850000,3.450000,0.500000,12.553650,14.027411,5.636904,4.974490
3.450000,3.450000,0.500000,12.830971,14.071512,5.616592,5.033217
3.450000,3.450000,0.500000,12.988956,14.000617,5.630666,5.226465
3.450000,3.450000,0.500000,13.163310,13.974586,5.787894,5.409790
3.450000,3.450000,0.500000,13.263142,14.110575,5.746637,5.488762
3.450000,3.450000,0.500000,13.319535,14.071955,5.852957,5.592690
3.450000,3.450000,0.500000,13.455087,14.203243,5.872715,5.654857
2.850000,3.450000,0.500000,13.475108,14.274697,5.904016,5.444845
2.850000,3.450000,0.500000,13.507476,14.268484,5.858223,5.474021
2.850000,3.450000,0.500000,13.453464,14.243867,5.827398,5.434181
2.850000,3.450000,0.500000,13.463231,14.325359,5.824329,5.333871
2.850000,3.450000,0.500000,13.412166,14.401959,5.901679,5.249432
2.850000,3.450000,0.500000,13.483260,14.352608,6.012464,5.119649
3.450000,3.450000,0.500000,13.585886,14.332650,5.937045,5.182760
3.450000,3.450000,0.500000,13.698045,14.415110,5.889879,5.364063
3.450000,3.450000,-0.500000,13.755262,14.498807,5.876336,5.317613
3.450000,3.450000,-0.500000,13.874062,14.390106,5.840398,5.237040
3.450000,3.450000,-0.500000,14.077927,14.411963,5.782967,5.411819
3.450000,3.450000,-0.500000,14.052364,14.577356,5.779058,5.271925
2.850000,3.450000,-0.500000,13.978645,14.561330,5.751633,5.312186
2.850000,3.450000,-0.500000,13.909318,14.361019,5.603548,5.033873
2.850000,3.450000,-0.500000,13.755953,14.492606,5.590771,4.904743
2.850000,3.450000,-0.500000,13.764173,14.442554,5.555592,4.796567
2.850000,3.450000,-0.500000,13.695586,14.345030,5.576048,4.639516
2.850000,3.450000,-0.500000,13.545091,14.368491,5.572035,4.569381
3.450000,3.450000,0.500000,13.591319,14.316116,5.478100,4.771118
3.450000,3.450000,0.500000,13.854538,14.405475,5.634670,4.868659
3.450000,3.450000,0.500000,13.816360,14.319638,5.697889,5.014855
3.450000,3.450000,0.500000,13.983089,14.294975,5.706983,5.027496
3.450000,3.450000,0.500000,14.068159,14.286992,5.741026,5.177160
3.450000,3.450000,0.500000,14.038608,14.260903,5.747530,5.266724
3.450000,2.850000,0.500000,14.026836,14.194578,5.604213,5.506786
3.450000,2.850000,0.500000,14.135626,14.223249,5.363018,5.491032
3.450000,2.850000,0.500000,14.140653,14.054264,5.220378,5.549885
3.450000,2.850000,0.500000,14.059785,13.999413,5.071842,5.615848
3.450000,2.850000,0.500000,14.121751,14.069905,4.890674,5.706503
3.450000,2.850000,0.500000,13.985246,13.991950,4.881161,5.707776
2.850000,3.450000,0.500000,13.991466,14.016311,4.919948,5.584764
2.850000,3.450000,0.500000,13.725389,14.095917,5.080073,5.579806
2.850000,3.450000,0.500000,13.736525,14.173091,5.221227,5.500940
2.850000,3.450000,0.500000,13.502285,14.137757,5.250582,5.362841
2.850000,3.450000,0.500000,13.556059,14.252837,5.388767,5.366633
2.850000,3.450000,0.500000,13.291202,14.220196,5.347122,5.208680
3.450000,3.450000,0.500000,13.547125,14.252963,5.459371,5.353558
3.450000,3.450000,0.500000,13.627340,14.231948,5.517778,5.488182
3.450000,3.450000,0.500000,13.663560,14.344549,5.576815,5.618847
3.450000,3.450000,0.500000,13.801871,14.389027,5.621780,5.704569
3.450000,3.450000,0.500000,13.776516,14.430650,5.812657,5.756439
3.450000,3.450000,0.500000,13.980310,14.487857,5.738681,5.738400
2.850000,3.450000,0.500000,13.839785,14.504126,5.724246,5.633974
2.850000,3.450000,0.500000,13.890653,14.586152,5.701039,5.641065
2.850000,3.450000,0.500000,13.804125,14.655837,5.783815,5.557767
2.850000,3.450000,0.500000,13.680791,14.587836,5.827092,5.444852
2.850000,3.450000,0.500000,13.677414,14.548221,5.840133,5.332745
2.850000,3.450000,0.500000,13.709595,14.606610,5.863417,5.334715
2.850000,2.850000,0.500000,13.555878,14.433610,5.703326,5.144311
2.850000,2.850000,0.500000,13.607370,14.362413,5.585330,5.171016
2.850000,2.850000,0.500000,13.450397,14.379104,5.292766,5.102701
2.850000,2.850000,0.500000,13.401623,14.229259,5.226160,5.078375
2.850000,2.850000,0.500000,13.304842,14.180404,5.057484,4.874516
2.850000,2.850000,0.500000,13.130477,13.986271,4.934087,4.990607
3.450000,2.850000,0.500000,13.286215,14.007727,4.861159,5.107427
3.450000,2.850000,0.500000,13.321237,13.907026,4.838231,5.219951
3.450000,2.850000,0.500000,13.306449,13.730998,4.639080,5.337786
3.450000,2.850000,0.500000,13.322910,13.710757,4.592946,5.469470
3.450000,2.850000,-0.500000,13.297374,13.704167,4.395816,5.479391
3.450000,2.850000,-0.500000,13.260928,13.700144,4.299763,5.578024
3.450000,3.450000,-0.500000,13.185063,13.667300,4.555874,5.363442
3.450000,3.450000,-0.500000,13.198918,13.783950,4.749733,5.517017
3.450000,3.450000,-0.500000,13.235515,13.891729,4.730418,5.512158
3.450000,3.450000,-0.500000,13.197053,14.010670,4.844047,5.511738
3.450000,3.450000,-0.500000,13.223822,13.913622,4.885096,5.501112
3.450000,3.450000,-0.500000,13.433629,14.027270,4.895078,5.484693
2.850000,3.450000,-0.500000,13.261223,14.055997,5.050908,5.328355
2.850000,3.450000,-0.500000,13.023736,14.056653,5.143132,5.106604
2.850000,3.450000,-0.500000,13.136403,13.980121,5.117319,5.039331
2.850000,3.450000,-0.500000,12.933074,14.201499,5.176740,5.034479
2.850000,3.450000,-0.500000,12.911402,14.166613,5.177651,4.806278
2.850000,3.450000,-0.500000,12.892118,14.029404,5.134318,4.655878
3.450000,3.450000,-0.500000,12.939601,14.087957,5.263278,4.772463
3.450000,3.450000,-0.500000,13.036572,14.016619,5.231393,4.896938
3.450000,3.450000,-0.500000,13.071029,13.971370,5.159962,4.928386
3.450000,3.450000,-0.500000,13.170977,13.981709,5.311667,4.837378
3.450000,3.450000,-0.500000,13.299688,14.080919,5.252399,4.896888
3.450000,3.450000,-0.500000,13.356460,14.015003,5.225686,4.920832
3.450000,2.850000,-0.500000,13.368894,13.936835,5.113273,5.032801
3.450000,2.850000,-0.500000,13.542799,13.833187,4.897062,5.059164
3.450000,2.850000,-0.500000,13.425245,13.718868,4.757667,5.170034
3.450000,2.850000,-0.500000,13.503940,13.729362,4.568631,5.113299
3.450000,2.850000,-0.500000,13.303198,13.623697,4.493490,5.136428
3.450000,2.850000,-0.500000,13.347952,13.496196,4.314760,5.136582
3.450000,3.450000,-0.500000,13.368237,13.543667,4.434471,5.192537
3.450000,3.450000,-0.500000,13.382371,13.789255,4.519378,5.214593
3.450000,3.450000,-0.500000,13.314638,13.707142,4.647618,5.183878
3.450000,3.450000,-0.500000,13.362600,13.740868,4.705114,5.254338
3.450000,3.450000,0.500000,13.397815,13.815008,4.846950,5.394384
3.450000,3.450000,0.500000,13.295259,13.907309,5.025933,5.518119
2.850000,2.850000,0.500000,13.386781,13.803464,4.827773,5.440818
2.850000,2.850000,0.500000,13.185180,13.750402,4.746773,5.337675
2.850000,2.850000,0.500000,13.083640,13.634025,4.742372,5.262510
2.850000,2.850000,0.500000,12.986288,13.654166,4.670821,5.311003
2.850000,2.850000,0.500000,12.778977,13.615199,4.638725,5.138813
2.850000,2.850000,0.500000,12.765081,13.601319,4.567158,5.064478
3.450000,3.450000,0.500000,12.628240,13.671313,4.628776,5.238088
3.450000,3.450000,0.500000,12.731244,13.668694,4.857011,5.327759
3.450000,3.450000,-0.500000,12.854410,13.711280,4.875843,5.416585
3.450000,3.450000,-0.500000,12.886038,13.740816,4.952494,5.372031
3.450000,3.450000,-0.500000,12.991324,13.833761,5.011057,5.362467
3.450000,3.450000,-0.500000,13.075541,13.933158,5.001789,5.262490
3.450000,2.850000,-0.500000,13.008340,13.858238,4.859637,5.259921
3.450000,2.850000,-0.500000,13.007103,13.777396,4.691011,5.366996
3.450000,2.850000,-0.500000,13.083372,13.618689,4.542576,5.362486
3.450000,2.850000,-0.500000,13.056483,13.652743,4.442072,5.349678
3.450000,2.850000,-0.500000,13.119548,13.554156,4.391681,5.441508
3.450000,2.850000,-0.500000,13.165566,13.622278,4.257991,5.404820
2.850000,3.450000,0.500000,12.842918,13.610927,4.452207,5.269624
2.850000,3.450000,0.500000,12.804730,13.733880,4.625881,5.240984
2.850000,3.450000,0.500000,12.575721,13.654894,4.914776,5.194572
2.850000,3.450000,0.500000,12.492624,13.767919,4.897927,5.094324
2.850000,3.450000,0.500000,12.471335,13.797744,5.047379,4.951185
2.850000,3.450000,0.500000,12.499586,13.753435,5.259665,5.116780
2.850000,2.850000,0.500000,12.496434,13.622754,5.014563,5.059176
2.850000,2.850000,0.500000,12.406284,13.616175,4.868349,4.981737
2.850000,2.850000,0.500000,12.362540,13.600152,4.856339,4.957993
2.850000,2.850000,0.500000,12.319078,13.498315,4.739331,4.782900
2.850000,2.850000,0.500000,12.303988,13.393338,4.757897,4.916441
2.850000,2.850000,0.500000,12.200564,13.297339,4.622030,4.817230
2.850000,2.850000,0.500000,12.043611,13.201061,4.585495,4.812315
2.850000,2.850000,0.500000,12.005163,13.161904,4.553092,4.746550
2.850000,2.850000,0.500000,11.984180,13.188746,4.470327,4.763738
2.850000,2.850000,0.500000,11.906069,13.093177,4.465999,4.627730
2.850000,2.850000,0.500000,11.870872,13.006536,4.366030,4.686411
2.850000,2.850000,0.500000,11.775639,12.852689,4.287898,4.720369
2.850000,3.450000,0.500000,11.694970,13.033378,4.512898,4.741823
2.850000,3.450000,0.500000,11.735218,12.957349,4.661652,4.800472
2.850000,3.450000,0.500000,11.595024,13.119392,4.930200,4.713067
2.850000,3.450000,0.500000,11.713969,13.064484,5.065548,4.661748
2.850000,3.450000,0.500000,11.702400,13.174657,5.257541,4.754721
2.850000,3.450000,0.500000,11.831279,13.153897,5.238940,4.685785
2.850000,3.450000,0.500000,11.763483,13.167567,5.350878,4.599559
2.850000,3.450000,0.500000,11.937531,13.218172,5.427492,4.633503
2.850000,3.450000,0.500000,11.929946,13.211400,5.432490,4.634407
2.850000,3.450000,0.500000,12.007900,13.240999,5.511240,4.654660
2.850000,3.450000,0.500000,12.089122,13.282107,5.548569,4.624118
2.850000,3.450000,0.500000,12.161173,13.291432,5.568782,4.624373
2.850000,2.850000,-0.500000,12.108159,13.186440,5.229508,4.675946
2.850000,2.850000,-0.500000,12.184825,12.976030,5.130918,4.407897
2.850000,2.850000,-0.500000,12.160123,12.961723,4.941126,4.436222
2.850000,2.850000,-0.500000,12.114976,12.814427,4.735882,4.217448
2.850000,2.850000,-0.500000,12.024604,12.714720,4.562650,4.280705
2.850000,2.850000,-0.500000,12.017593,12.723115,4.552395,4.182668
2.850000,2.850000,-0.500000,11.910545,12.526424,4.344300,4.133944
2.850000,2.850000,-0.500000,11.858520,12.404734,4.167180,4.048915
2.850000,2.850000,-0.500000,11.754691,12.370889,4.201562,4.027566
2.850000,2.850000,-0.500000,11.698139,12.194133,4.076531,3.983513
2.850000,2.850000,0.500000,11.503706,12.099302,4.110551,4.090763
2.850000,2.850000,0.500000,11.486338,12.066708,4.013731,4.138139
3.450000,2.850000,0.500000,11.561418,11.998034,4.134516,4.301614
3.450000,2.850000,0.500000,11.654780,12.070365,4.101173,4.483406
3.450000,2.850000,0.500000,11.649200,11.920264,4.077862,4.693387
3.450000,2.850000,0.500000,11.628674,11.955870,4.166066,4.819717
3.450000,2.850000,0.500000,11.647202,12.122386,4.217290,4.958475
3.450000,2.850000,0.500000,11.753307,12.028403,4.253859,5.123128
3.450000,3.450000,0.500000,11.827809,12.122501,4.380937,5.088245
3.450000,3.450000,0.500000,11.914207,12.259292,4.578301,5.294760
3.450000,3.450000,0.500000,11.995167,12.419413,4.713015,5.378852
3.450000,3.450000,0.500000,12.163651,12.556570,4.821643,5.457547
3.450000,3.450000,0.500000,12.273642,12.652048,5.028057,5.550200
3.450000,3.450000,0.500000,12.315960,12.780981,5.006658,5.595617
2.850000,2.850000,0.500000,12.356475,12.834385,5.018883,5.623579
2.850000,2.850000,0.500000,12.345549,12.877935,4.844669,5.432006
2.850000,2.850000,0.500000,12.203847,12.860648,4.768841,5.473012
2.850000,2.850000,0.500000,12.201886,12.785375,4.753465,5.384879
2.850000,2.850000,0.500000,12.060699,12.824220,4.742470,5.245674
2.850000,2.850000,0.500000,12.092607,12.855916,4.612857,5.248077
3.450000,3.450000,-0.500000,12.187520,12.908567,4.705037,5.210429
3.450000,3.450000,-0.500000,12.156662,12.945678,4.738835,5.233857
3.450000,3.450000,-0.500000,12.352213,13.127702,4.864330,5.273685
3.450000,3.450000,-0.500000,12.476874,13.258229,4.924871,5.333432
3.450000,3.450000,-0.500000,12.581393,13.255675,5.009521,5.426073
3.450000,3.450000,-0.500000,12.619882,13.297880,4.931532,5.354972
3.450000,3.450000,-0.500000,12.726803,13.441380,4.970221,5.445339
3.450000,3.450000,-0.500000,12.854540,13.408284,5.003092,5.239048
3.450000,3.450000,-0.500000,12.824117,13.467040,5.075685,5.317478
3.450000,3.450000,-0.500000,13.012453,13.539341,5.003839,5.262781
3.450000,3.450000,-0.500000,13.035314,13.499025,5.188356,5.360573
3.450000,3.450000,-0.500000,13.189815,13.685290,5.191340,5.457250
3.450000,3.450000,-0.500000,13.295169,13.741615,5.174718,5.390064
3.450000,3.450000,-0.500000,13.269225,13.803340,5.214269,5.307908
3.450000,3.450000,-0.500000,13.380289,13.855952,5.186965,5.367655
3.450000,3.450000,-0.500000,13.539834,13.828815,5.371887,5.407137
3.450000,3.450000,-0.500000,13.496313,14.002135,5.288266,5.469852
3.450000,3.450000,-0.500000,13.594236,14.077835,5.242937,5.453892
3.450000,2.850000,-0.500000,13.654978,14.030339,5.028940,5.437905
3.450000,2.850000,-0.500000,13.575401,13.846181,4.790529,5.391871
3.450000,2.850000,-0.500000,13.568062,13.865768,4.724868,5.462885
3.450000,2.850000,-0.500000,13.503670,13.810495,4.522644,5.470387
3.450000,2.850000,-0.500000,13.573223,13.674827,4.426612,5.498520
3.450000,2.850000,-0.500000,13.573225,13.680509,4.308437,5.428521
3.450000,2.850000,-0.500000,13.369711,13.698571,4.198180,5.430797
3.450000,2.850000,-0.500000,13.382124,13.573558,4.180232,5.450981
3.450000,2.850000,-0.500000,13.290052,13.596668,4.162314,5.500680
3.450000,2.850000,-0.500000,13.247191,13.541599,4.051081,5.462878
3.450000,2.850000,-0.500000,13.160704,13.497562,4.025826,5.472059
3.450000,2.850000,-0.500000,13.157064,13.523828,3.892280,5.496141
2.850000,3.450000,0.500000,12.929199,13.500277,4.182795,5.276447
2.850000,3.450000,0.500000,12.695120,13.664986,4.449003,5.308075
2.850000,3.450000,0.500000,12.522350,13.783593,4.626084,5.267570
2.850000,3.450000,0.500000,12.551912,13.748343,4.701236,5.206999
2.850000,3.450000,0.500000,12.437257,13.833879,4.959266,5.039419
2.850000,3.450000,0.500000,12.362234,13.846916,5.064294,5.051352
2.850000,2.850000,0.500000,12.278893,13.809443,4.989141,4.948234
2.850000,2.850000,0.500000,12.276691,13.683093,4.902972,4.893716
2.850000,2.850000,0.500000,12.240223,13.592318,4.718265,4.870351
2.850000,2.850000,0.500000,12.149825,13.464767,4.682265,4.901610
2.850000,2.850000,0.500000,12.107430,13.319169,4.726749,4.881400
2.850000,2.850000,0.500000,11.984718,13.357142,4.522551,4.869383
3.450000,2.850000,0.500000,12.132065,13.217724,4.461662,5.004714
3.450000,2.850000,0.500000,12.241895,13.186011,4.442602,5.132320
3.450000,2.850000,0.500000,12.347259,13.214029,4.380810,5.262726
3.450000,2.850000,0.500000,12.379874,13.107711,4.465909,5.307875
3.450000,2.850000,0.500000,12.306265,13.132179,4.284882,5.444088
3.450000,2.850000,0.500000,12.327467,13.142851,4.386610,5.515820
2.850000,3.450000,0.500000,12.291881,13.173833,4.561006,5.397097
2.850000,3.450000,0.500000,12.197705,13.353176,4.626189,5.280339
2.850000,3.450000,-0.500000,12.140841,13.432757,4.733990,5.245961
2.850000,3.450000,-0.500000,12.114912,13.495908,4.809324,5.010812
2.850000,3.450000,-0.500000,12.052754,13.496152,4.882072,4.827290
2.850000,3.450000,-0.500000,12.072686,13.470074,4.901807,4.822008
2.850000,3.450000,-0.500000,12.056094,13.491914,4.966000,4.614225
2.850000,3.450000,-0.500000,11.931539,13.431527,4.996374,4.597096
2.850000,3.450000,-0.500000,11.997320,13.515905,5.121094,4.462563
2.850000,3.450000,-0.500000,12.069733,13.426337,5.030386,4.426776
2.850000,3.450000,-0.500000,12.049193,13.395083,5.098525,4.414618
2.850000,3.450000,-0.500000,12.042382,13.446932,5.133766,4.291691
2.850000,3.450000,-0.500000,12.068285,13.408004,5.192738,4.239880
2.850000,3.450000,-0.500000,12.009068,13.339568,5.253505,4.135756
2.850000,3.450000,-0.500000,12.104935,13.238217,5.281886,4.155845
2.850000,3.450000,-0.500000,12.045649,13.308624,5.282272,3.978282
2.850000,3.450000,-0.500000,12.221258,13.138736,5.294029,3.959284
2.850000,3.450000,-0.500000,12.198655,13.184155,5.242226,4.061010
2.850000,3.450000,-0.500000,12.214304,13.125092,5.356370,3.918935
2.850000,3.450000,-0.500000,12.178600,13.160628,5.251639,4.027044
2.850000,3.450000,-0.500000,12.168408,13.080159,5.316236,3.891796
2.850000,3.450000,-0.500000,12.159061,12.998432,5.324576,3.790941
2.850000,3.450000,0.500000,12.217866,12.965614,5.434412,3.840368
2.850000,3.450000,0.500000,12.162577,12.944231,5.407339,3.864133
2.850000,3.450000,0.500000,12.218240,12.945384,5.517076,3.960703
2.850000,3.450000,0.500000,12.291617,12.928334,5.638155,4.062114
2.850000,3.450000,0.500000,12.421431,12.885510,5.593805,4.119979
2.850000,3.450000,0.500000,12.378953,12.861282,5.693760,4.072007
2.850000,3.450000,0.500000,12.484968,12.837058,5.792619,4.201896
2.850000,3.450000,0.500000,12.484922,12.781952,5.704395,4.236524
2.850000,3.450000,0.500000,12.505036,12.807468,5.755246,4.280022
2.850000,3.450000,0.500000,12.582587,12.945104,5.844334,4.185635
2.850000,3.450000,-0.500000,12.656806,12.885621,5.845524,4.193166
2.850000,3.450000,-0.500000,12.767095,12.958478,5.657452,4.169452
2.850000,3.450000,-0.500000,12.659575,12.820104,5.638259,4.041893
2.850000,3.450000,-0.500000,12.664923,12.838612,5.667223,3.965558
2.850000,3.450000,-0.500000,12.616942,12.921797,5.567535,3.997520
2.850000,3.450000,-0.500000,12.794410,12.778299,5.608433,3.937763
2.850000,3.450000,-0.500000,12.789279,12.720621,5.552798,3.916465
2.850000,3.450000,-0.500000,12.811615,12.779786,5.438850,3.864997
2.850000,3.450000,-0.500000,12.779793,12.718123,5.421637,3.885930
2.850000,3.450000,-0.500000,12.670401,12.601276,5.390785,3.780776
2.850000,3.450000,-0.500000,12.564893,12.538454,5.548823,3.787334
2.850000,3.450000,-0.500000,12.766570,12.506028,5.425671,3.809294
2.850000,3.450000,-0.500000,12.705846,12.584064,5.457945,3.748120
2.850000,3.450000,-0.500000,12.662757,12.534326,5.360272,3.669790
2.850000,3.450000,-0.500000,12.728468,12.518380,5.431452,3.794101
2.850000,3.450000,-0.500000,12.786152,12.490567,5.446832,3.739821
2.850000,3.450000,-0.500000,12.640463,12.560864,5.488139,3.709789
2.850000,3.450000,-0.500000,12.639809,12.399436,5.479200,3.657269
2.850000,3.450000,-0.500000,12.661028,12.375332,5.509496,3.779210
2.850000,3.450000,-0.500000,12.688617,12.335101,5.378991,3.670095
2.850000,3.450000,-0.500000,12.675228,12.276581,5.383096,3.811870
2.850000,3.450000,-0.500000,12.674856,12.312347,5.388986,3.726119
3.450000,3.450000,-0.500000,12.829722,12.381862,5.411128,3.842218
3.450000,3.450000,-0.500000,12.908996,12.290871,5.441397,4.032486
3.450000,3.450000,-0.500000,13.049454,12.374792,5.414191,4.035589
3.450000,3.450000,-0.500000,13.055332,12.298724,5.520910,4.246866
3.450000,3.450000,-0.500000,13.385957,12.330764,5.429840,4.354253
3.450000,3.450000,-0.500000,13.359763,12.408777,5.410792,4.341343
3.450000,3.450000,-0.500000,13.494935,12.575313,5.353502,4.444750
3.450000,3.450000,-0.500000,13.549247,12.515769,5.435752,4.525617
3.450000,3.450000,0.500000,13.499739,12.454902,5.509461,4.724188
3.450000,3.450000,0.500000,13.679013,12.717346,5.563773,4.984092
3.450000,3.450000,0.500000,13.693345,12.606791,5.497951,5.011874
3.450000,3.450000,0.500000,13.835362,12.755485,5.614243,5.242340
3.450000,3.450000,0.500000,13.818419,12.884329,5.704839,5.311895
3.450000,3.450000,0.500000,13.977165,13.031126,5.707053,5.387772
3.450000,3.450000,0.500000,14.067710,13.058121,5.716649,5.542019
3.450000,3.450000,0.500000,14.109989,13.232547,5.670694,5.537678
3.450000,3.450000,0.500000,14.285123,13.284620,5.799546,5.687030
3.450000,3.450000,0.500000,14.269123,13.299830,5.808579,5.776181
2.850000,2.850000,0.500000,14.114898,13.353752,5.573358,5.640413
2.850000,2.850000,0.500000,14.040842,13.347099,5.281828,5.576625
2.850000,2.850000,0.500000,14.030777,13.267140,5.368102,5.491846
2.850000,2.850000,0.500000,13.850275,13.265710,5.090455,5.391849
2.850000,2.850000,0.500000,13.618568,13.329337,5.014518,5.325124
2.850000,2.850000,0.500000,13.513556,13.312810,4.920582,5.301889
2.850000,3.450000,0.500000,13.463523,13.437606,5.098090,5.142456
2.850000,3.450000,0.500000,13.332521,13.300912,5.133660,5.186846
2.850000,3.450000,0.500000,13.313705,13.472262,5.188946,5.033627
2.850000,3.450000,0.500000,13.264570,13.577681,5.374513,5.070682
2.850000,3.450000,-0.500000,13.200036,13.500355,5.253993,4.925840
2.850000,3.450000,-0.500000,13.086231,13.534109,5.338733,4.806452
3.450000,2.850000,-0.500000,13.207116,13.460428,5.085426,4.864160
3.450000,2.850000,-0.500000,13.366215,13.425591,5.037953,4.836466
3.450000,2.850000,-0.500000,13.351556,13.412031,4.805089,4.964766
3.450000,2.850000,-0.500000,13.309677,13.248550,4.619675,4.992715
3.450000,2.850000,-0.500000,13.271994,13.281660,4.556479,5.097497
3.450000,2.850000,-0.500000,13.248857,13.265414,4.419638,5.116882
2.850000,3.450000,-0.500000,13.038665,13.232258,4.464528,4.913132
2.850000,3.450000,-0.500000,12.866522,13.268701,4.747779,4.866271
2.850000,3.450000,0.500000,12.771086,13.275525,4.749649,4.810910
2.850000,3.450000,0.500000,12.683585,13.411709,4.921028,4.745153
2.850000,3.450000,0.500000,12.623780,13.341780,4.982557,4.729908
2.850000,3.450000,0.500000,12.556432,13.379807,5.142101,4.744401
3.450000,2.850000,0.500000,12.665919,13.373867,4.989293,4.809521
3.450000,2.850000,0.500000,12.743915,13.216917,4.904789,5.060624
3.450000,2.850000,0.500000,12.840455,13.202483,4.836575,5.176538
3.450000,2.850000,0.500000,12.901297,13.073196,4.652595,5.171798
3.450000,2.850000,0.500000,12.886543,13.152485,4.650734,5.349619
3.450000,2.850000,0.500000,12.949950,13.080770,4.692504,5.546071
3.450000,3.450000,-0.500000,13.006291,13.277667,4.657931,5.392535
3.450000,3.450000,-0.500000,13.024819,13.386796,4.849412,5.499344
3.450000,3.450000,-0.500000,12.995074,13.485742,4.862467,5.355746
3.450000,3.450000,-0.500000,13.108950,13.487755,4.930744,5.360967
3.450000,3.450000,-0.500000,13.163450,13.526618,5.024698,5.403790
3.450000,3.450000,-0.500000,13.116555,13.631357,5.037267,5.379264
3.450000,2.850000,-0.500000,13.237772,13.545028,4.881337,5.415488
3.450000,2.850000,-0.500000,13.159214,13.580307,4.653749,5.423701
3.450000,2.850000,-0.500000,13.287336,13.462672,4.462054,5.378092
3.450000,2.850000,-0.500000,13.171290,13.438646,4.491994,5.474633
3.450000,2.850000,-0.500000,13.214387,13.316496,4.307177,5.537783
3.450000,2.850000,-0.500000,13.156789,13.474862,4.286126,5.395387
3.450000,3.450000,-0.500000,13.120758,13.537803,4.392543,5.522272
3.450000,3.450000,-0.500000,13.001707,13.559726,4.527769,5.518924
3.450000,3.450000,-0.500000,13.038829,13.589020,4.512929,5.357204
3.450000,3.450000,-0.500000,13.059932,13.758461,4.650025,5.510413
3.450000,3.450000,-0.500000,13.101593,13.825742,4.753153,5.376926
3.450000,3.450000,-0.500000,13.075328,13.891661,4.806594,5.386711
2.850000,2.850000,-0.500000,13.072445,13.691212,4.727377,5.347628
2.850000,2.850000,-0.500000,12.908704,13.697433,4.490135,5.166757
2.850000,2.850000,0.500000,12.713783,13.638597,4.579563,5.080361
2.850000,2.850000,0.500000,12.651185,13.526635,4.451121,5.000054
2.850000,2.850000,0.500000,12.424987,13.495917,4.432723,5.016480
2.850000,2.850000,0.500000,12.356792,13.427240,4.245661,4.930505
3.450000,2.850000,0.500000,12.489982,13.365950,4.305289,5.070252
3.450000,2.850000,0.500000,12.450317,13.347414,4.323381,5.074408
3.450000,2.850000,0.500000,12.466716,13.223625,4.318396,5.320710
3.450000,2.850000,0.500000,12.445561,13.200059,4.199969,5.408192
3.450000,2.850000,0.500000,12.499013,13.147388,4.204886,5.565518
3.450000,2.850000,0.500000,12.434532,13.124514,4.163443,5.588285
3.450000,2.850000,0.500000,12.520091,13.114443,4.316427,5.638395
3.450000,2.850000,0.500000,12.427676,13.159903,4.204304,5.727607
3.450000,2.850000,0.500000,12.483650,13.187461,4.168525,5.801494
3.450000,2.850000,0.500000,12.449493,13.118598,4.148476,5.854842
3.450000,2.850000,0.500000,12.454038,13.161949,4.273916,5.978716
3.450000,2.850000,0.500000,12.506767,13.240891,4.227895,5.961974
2.850000,3.450000,0.500000,12.348317,13.401317,4.477012,5.879350
2.850000,3.450000,0.500000,12.226902,13.527683,4.592911,5.698535
2.850000,3.450000,0.500000,12.163120,13.568984,4.701645,5.630872
2.850000,3.450000,0.500000,12.114473,13.679941,4.790251,5.527269
2.850000,3.450000,0.500000,12.135741,13.639775,5.107640,5.513539
2.850000,3.450000,0.500000,12.082889,13.897151,5.150013,5.321540
3.450000,3.450000,0.500000,12.242188,13.885787,5.259490,5.431493
3.450000,3.450000,0.500000,12.342037,13.873718,5.429918,5.622277
3.450000,3.450000,0.500000,12.556393,13.973651,5.353499,5.690727
3.450000,3.450000,0.500000,12.636626,14.092770,5.459241,5.698525
3.450000,3.450000,0.500000,12.837616,14.113269,5.476660,5.895503
3.450000,3.450000,0.500000,13.007056,14.346923,5.456933,5.779466
3.450000,2.850000,0.500000,13.132752,14.142414,5.387018,5.926087
3.450000,2.850000,0.500000,13.171092,14.165282,5.382939,6.058113
3.450000,2.850000,-0.500000,13.289508,14.097205,5.063773,5.814229
3.450000,2.850000,-0.500000,13.336875,14.085932,4.759247,5.934580
3.450000,2.850000,-0.500000,13.302695,14.040858,4.750317,5.894420
3.450000,2.850000,-0.500000,13.353373,14.098153,4.538674,5.793819
3.450000,2.850000,-0.500000,13.303823,14.095403,4.442340,5.859057
3.450000,2.850000,-0.500000,13.278402,13.998000,4.348397,5.724050
3.450000,2.850000,-0.500000,13.234216,13.923263,4.270395,5.847042
3.450000,2.850000,-0.500000,13.286998,13.952899,4.197876,5.798879
3.450000,2.850000,-0.500000,13.078304,13.891431,4.077108,5.688486
3.450000,2.850000,-0.500000,12.997095,13.838047,4.025778,5.739799
2.850000,3.450000,0.500000,12.801150,13.892166,4.214896,5.608356
2.850000,3.450000,0.500000,12.762040,14.037711,4.547549,5.565092
2.850000,3.450000,0.500000,12.434554,14.019060,4.555697,5.408748
2.850000,3.450000,0.500000,12.551891,14.140610,4.749613,5.359277
2.850000,3.450000,0.500000,12.552946,14.186981,4.845658,5.288465
2.850000,3.450000,0.500000,12.432129,14.164630,5.140338,5.221558
2.850000,2.850000,0.500000,12.376444,14.078944,4.937363,5.194531
2.850000,2.850000,0.500000,12.287228,13.990154,4.809524,5.161289
2.850000,2.850000,0.500000,12.266080,13.875094,4.680016,5.064984
2.850000,2.850000,0.500000,12.251286,13.831952,4.726591,5.003838
2.850000,2.850000,0.500000,12.158568,13.676142,4.538460,5.044594
2.850000,2.850000,0.500000,12.069713,13.670362,4.486620,5.041883
2.850000,2.850000,0.500000,12.008291,13.577130,4.523857,4.973417
2.850000,2.850000,0.500000,11.984051,13.515938,4.446214,4.930501
2.850000,2.850000,0.500000,11.988880,13.358129,4.406888,4.909076
2.850000,2.850000,0.500000,11.717689,13.428795,4.361047,4.923372
2.850000,2.850000,0.500000,11.758544,13.252902,4.359868,4.811734
2.850000,2.850000,0.500000,11.823524,13.211645,4.277656,4.864960
2.850000,2.850000,0.500000,11.770397,13.058413,4.228247,4.956158
2.850000,2.850000,0.500000,11.690418,13.080405,4.169271,4.931855
2.850000,2.850000,0.500000,11.573347,13.113061,4.230600,4.857806
2.850000,2.850000,0.500000,11.483771,12.978908,4.213963,4.715945
2.850000,2.850000,0.500000,11.453497,12.878452,4.235648,4.802699
2.850000,2.850000,0.500000,11.431288,12.810971,4.332083,4.829022
3.450000,3.450000,0.500000,11.529270,12.923761,4.402962,4.972813
3.450000,3.450000,0.500000,11.603575,12.983426,4.595109,5.140686
3.450000,3.450000,0.500000,11.793730,13.109837,4.794991,5.152861
3.450000,3.450000,0.500000,11.745097,13.190537,4.833954,5.309277
3.450000,3.450000,0.500000,12.091475,13.183293,5.048931,5.475935
3.450000,3.450000,0.500000,12.193371,13.334519,5.183114,5.467733
2.850000,3.450000,-0.500000,12.162270,13.439578,5.198069,5.290271
2.850000,3.450000,-0.500000,12.200750,13.440080,5.230736,5.197786
2.850000,3.450000,-0.500000,12.326209,13.436057,5.203855,5.024418
2.850000,3.450000,-0.500000,12.177519,13.544182,5.299641,4.762609
2.850000,3.450000,-0.500000,12.197238,13.651113,5.228656,4.663163
2.850000,3.450000,-0.500000,12.227483,13.539874,5.246891,4.728350
3.450000,3.450000,-0.500000,12.366903,13.616927,5.341731,4.797648
3.450000,3.450000,-0.500000,12.503225,13.606267,5.318710,4.763206
3.450000,3.450000,-0.500000,12.609116,13.592145,5.322253,4.801356
3.450000,3.450000,-0.500000,12.879044,13.613292,5.256489,4.867735
3.450000,3.450000,0.500000,12.897340,13.637877,5.482395,5.044091
3.450000,3.450000,0.500000,12.881471,13.761279,5.429507,5.073808
2.850000,2.850000,0.500000,12.902838,13.630208,5.318287,5.007734
2.850000,2.850000,0.500000,12.909771,13.534618,5.080313,5.005281
2.850000,2.850000,0.500000,12.903752,13.558358,5.066829,4.962310
2.850000,2.850000,0.500000,12.772313,13.378091,4.949532,4.930087
2.850000,2.850000,0.500000,12.721959,13.382159,4.787685,4.874453
2.850000,2.850000,0.500000,12.564359,13.302553,4.804529,4.895413
3.450000,3.450000,0.500000,12.721437,13.330178,4.933667,4.994841
3.450000,3.450000,0.500000,12.773155,13.371821,5.011598,5.169438
3.450000,3.450000,-0.500000,12.743415,13.351804,5.026792,5.159399
3.450000,3.450000,-0.500000,12.901917,13.553855,5.085980,5.156053
3.450000,3.450000,-0.500000,12.976617,13.595226,5.119869,5.106024
3.450000,3.450000,-0.500000,13.058874,13.584559,5.156091,5.203249
3.450000,2.850000,-0.500000,13.129669,13.416510,4.939457,5.226099
3.450000,2.850000,-0.500000,13.154506,13.393325,4.807881,5.212891
3.450000,2.850000,-0.500000,13.135328,13.419857,4.528178,5.253820
3.450000,2.850000,-0.500000,13.141578,13.353687,4.541123,5.233635
3.450000,2.850000,-0.500000,13.174863,13.281776,4.197365,5.296123
3.450000,2.850000,-0.500000,13.004468,13.271558,4.168884,5.234009
3.450000,3.450000,-0.500000,12.916219,13.333628,4.376514,5.264777
3.450000,3.450000,-0.500000,13.049771,13.322682,4.515077,5.345211
3.450000,3.450000,-0.500000,12.973676,13.519885,4.639508,5.286172
3.450000,3.450000,-0.500000,13.020212,13.527433,4.620347,5.309773
3.450000,3.450000,-0.500000,13.012646,13.619025,4.708366,5.363317
3.450000,3.450000,-0.500000,12.910976,13.640429,4.765611,5.306705
3.450000,3.450000,-0.500000,13.044208,13.656621,4.881557,5.272003
3.450000,3.450000,-0.500000,13.115382,13.748806,4.955848,5.334912
3.450000,3.450000,-0.500000,13.215876,13.731774,4.901772,5.346134
3.450000,3.450000,-0.500000,13.221233,13.839908,5.035860,5.194017
3.450000,3.450000,0.500000,13.340875,13.869713,5.157839,5.405312
3.450000,3.450000,0.500000,13.416975,13.852192,5.224450,5.521512
3.450000,2.850000,0.500000,13.334498,13.844376,5.130889,5.639613
3.450000,2.850000,0.500000,13.370042,13.813391,4.969556,5.721335
3.450000,2.850000,0.500000,13.307236,13.746574,4.733739,5.721233
3.450000,2.850000,0.500000,13.484919,13.762247,4.703167,5.806696
3.450000,2.850000,0.500000,13.403096,13.735609,4.632282,5.810079
3.450000,2.850000,0.500000,13.445619,13.674336,4.633501,5.969278
3.450000,2.850000,0.500000,13.351149,13.718446,4.594936,5.894802
3.450000,2.850000,0.500000,13.398363,13.702617,4.556062,6.006180
3.450000,2.850000,0.500000,13.285834,13.766392,4.447461,6.002125
3.450000,2.850000,0.500000,13.175249,13.753119,4.504428,6.077224
3.450000,2.850000,0.500000,13.312393,13.889646,4.427205,6.141853
3.450000,2.850000,0.500000,13.292764,13.843399,4.373758,6.121272
3.450000,3.450000,0.500000,13.191472,13.927450,4.520777,6.229138
3.450000,3.450000,0.500000,13.161591,14.034380,4.704695,6.243507
3.450000,3.450000,0.500000,13.246554,14.200273,4.866382,6.235381
3.450000,3.450000,0.500000,13.307646,14.223212,5.060410,6.317475
3.450000,3.450000,0.500000,13.350717,14.390504,5.245608,6.275200
3.450000,3.450000,0.500000,13.397592,14.555048,5.231388,6.292988
3.450000,2.850000,0.500000,13.413558,14.483552,5.110245,6.312372
3.450000,2.850000,0.500000,13.521940,14.375754,5.036662,6.399289
3.450000,2.850000,0.500000,13.488812,14.448294,4.923065,6.444023
3.450000,2.850000,0.500000,13.583726,14.375292,4.775398,6.305314
3.450000,2.850000,0.500000,13.462334,14.427843,4.740274,6.403536
3.450000,2.850000,0.500000,13.504843,14.484669,4.708825,6.418427
3.450000,2.850000,0.500000,13.496257,14.339586,4.623875,6.451344
3.450000,2.850000,0.500000,13.459138,14.468838,4.494562,6.474231
3.450000,2.850000,0.500000,13.427810,14.432184,4.373541,6.486545
3.450000,2.850000,0.500000,13.383955,14.488895,4.355288,6.435669
3.450000,2.850000,-0.500000,13.329482,14.500420,4.412211,6.452037
3.450000,2.850000,-0.500000,13.271376,14.399801,4.253342,6.312744
3.450000,2.850000,-0.500000,13.215513,14.423642,4.201906,6.226796
3.450000,2.850000,-0.500000,13.190510,14.426776,4.074021,6.257162
3.450000,2.850000,-0.500000,13.050008,14.462685,4.064386,6.125842
3.450000,2.850000,-0.500000,13.115874,14.334418,3.998405,5.992243
3.450000,2.850000,-0.500000,12.920960,14.344041,3.820406,6.086767
3.450000,2.850000,-0.500000,12.964977,14.339442,3.878264,6.115497
2.850000,3.450000,-0.500000,12.665372,14.472532,4.047253,5.877866
2.850000,3.450000,-0.500000,12.498593,14.483360,4.241330,5.574247
2.850000,3.450000,-0.500000,12.346563,14.454515,4.407263,5.400607
2.850000,3.450000,-0.500000,12.289691,14.428918,4.443011,5.267623
2.850000,3.450000,-0.500000,12.246479,14.397003,4.536725,5.125074
2.850000,3.450000,-0.500000,12.011170,14.484798,4.633772,4.872420
3.450000,3.450000,-0.500000,12.223248,14.375070,4.745616,5.071167
3.450000,3.450000,-0.500000,12.292685,14.425816,4.802557,4.997351
3.450000,3.450000,-0.500000,12.330538,14.336985,4.895410,5.067266
3.450000,3.450000,-0.500000,12.480084,14.378069,4.965833,5.079148
3.450000,3.450000,-0.500000,12.596759,14.402499,5.092441,5.108606
3.450000,3.450000,-0.500000,12.620417,14.430532,5.011164,5.127475
2.850000,3.450000,-0.500000,12.543012,14.423864,5.090149,4.927895
2.850000,3.450000,-0.500000,12.541821,14.480229,5.058641,4.775954
2.850000,3.450000,-0.500000,12.499757,14.405281,5.096684,4.714940
2.850000,3.450000,-0.500000,12.596599,14.288178,5.240428,4.635841
2.850000,3.450000,-0.500000,12.536048,14.332436,5.231083,4.566086
2.850000,3.450000,-0.500000,12.368739,14.263502,5.240902,4.488456
2.850000,2.850000,-0.500000,12.514122,13.997343,5.010478,4.386654
2.850000,2.850000,-0.500000,12.509720,13.903264,4.893446,4.232997
2.850000,2.850000,-0.500000,12.350042,13.794514,4.748331,4.195717
2.850000,2.850000,-0.500000,12.302134,13.610692,4.676166,4.209383
2.850000,2.850000,0.500000,12.276241,13.519014,4.533978,4.128390
2.850000,2.850000,0.500000,12.130637,13.299808,4.457106,4.356778
3.450000,3.450000,0.500000,12.204862,13.336777,4.682153,4.368173
3.450000,3.450000,0.500000,12.349753,13.378953,4.810261,4.625419
3.450000,3.450000,0.500000,12.443279,13.411053,4.960168,4.747706
3.450000,3.450000,0.500000,12.547872,13.442464,5.095102,4.926492
3.450000,3.450000,0.500000,12.587774,13.481952,5.181960,5.051755
3.450000,3.450000,0.500000,12.843107,13.461803,5.361888,5.042262
2.850000,3.450000,0.500000,12.710560,13.525358,5.377088,5.095317
2.850000,3.450000,0.500000,12.772260,13.572307,5.453718,5.068451
2.850000,3.450000,-0.500000,12.625011,13.575855,5.376844,4.841918
2.850000,3.450000,-0.500000,12.701685,13.517866,5.415395,4.798898
2.850000,3.450000,-0.500000,12.698425,13.555844,5.368304,4.720234
2.850000,3.450000,-0.500000,12.693758,13.547832,5.377478,4.664960
3.450000,3.450000,-0.500000,12.852228,13.569925,5.366685,4.629274
3.450000,3.450000,-0.500000,12.889873,13.536386,5.391691,4.819402
3.450000,3.450000,-0.500000,13.078341,13.606208,5.417318,4.747201
3.450000,3.450000,-0.500000,12.962356,13.589428,5.444688,4.897949
3.450000,3.450000,-0.500000,13.153581,13.692183,5.424998,4.873800
3.450000,3.450000,-0.500000,13.245284,13.576993,5.340154,4.885145
3.450000,3.450000,0.500000,13.373674,13.743349,5.544705,5.016518
3.450000,3.450000,0.500000,13.545430,13.749050,5.638181,5.155544
3.450000,3.450000,0.500000,13.566910,13.842320,5.603657,5.245210
3.450000,3.450000,0.500000,13.598291,13.809696,5.654521,5.402073
3.450000,3.450000,0.500000,13.840692,13.838936,5.660769,5.510240
3.450000,3.450000,0.500000,13.855992,13.925133,5.788105,5.535419
2.850000,3.450000,0.500000,13.721594,14.053727,5.768846,5.479139
2.850000,3.450000,0.500000,13.702635,14.039272,5.789516,5.458405
2.850000,3.450000,0.500000,13.764568,14.199606,5.854131,5.317688
2.850000,3.450000,0.500000,13.702017,14.100427,5.934835,5.190007
2.850000,3.450000,-0.500000,13.562561,14.115376,5.698026,5.043126
2.850000,3.450000,-0.500000,13.677722,14.071392,5.757118,5.031778
3.450000,3.450000,-0.500000,13.698937,14.155905,5.711813,5.007463
3.450000,3.450000,-0.500000,13.750792,14.204255,5.677714,4.986236
3.450000,3.450000,-0.500000,13.825284,14.186791,5.585469,5.081536
3.450000,3.450000,-0.500000,13.938206,14.219930,5.561623,5.098787
3.450000,3.450000,-0.500000,14.063876,14.226809,5.662670,5.060608
3.450000,3.450000,-0.500000,14.082396,14.138480,5.651128,5.226383
2.850000,2.850000,-0.500000,13.958257,14.117880,5.334871,4.968079
2.850000,2.850000,-0.500000,13.737452,13.984383,5.229277,4.815625
2.850000,2.850000,0.500000,13.722201,14.002328,5.051292,4.971541
2.850000,2.850000,0.500000,13.582876,13.755171,4.876530,4.817913
2.850000,2.850000,0.500000,13.460472,13.686066,4.806178,4.795157
2.850000,2.850000,0.500000,13.345063,13.630363,4.792731,4.778094
3.450000,3.450000,0.500000,13.366148,13.528435,4.854571,4.919417
3.450000,3.450000,0.500000,13.343520,13.615317,5.015861,5.069718
3.450000,3.450000,0.500000,13.389316,13.747075,5.066865,5.198602
3.450000,3.450000,0.500000,13.417591,13.736064,5.225894,5.353084
3.450000,3.450000,0.500000,13.524292,13.796920,5.260284,5.384837
3.450000,3.450000,0.500000,13.570363,13.815034,5.341681,5.512445
3.450000,2.850000,-0.500000,13.634071,13.717811,5.142324,5.547931
3.450000,2.850000,-0.500000,13.671103,13.791521,4.918828,5.506563
3.450000,2.850000,-0.500000,13.681736,13.788598,4.837920,5.581776
3.450000,2.850000,-0.500000,13.593313,13.714559,4.586858,5.420504
3.450000,2.850000,-0.500000,13.651790,13.630380,4.579766,5.448711
3.450000,2.850000,-0.500000,13.490906,13.586858,4.478639,5.388289
3.450000,2.850000,-0.500000,13.435695,13.544189,4.249345,5.537653
3.450000,2.850000,-0.500000,13.352648,13.575647,4.206369,5.357783
3.450000,2.850000,-0.500000,13.347685,13.492403,4.153909,5.473445
3.450000,2.850000,-0.500000,13.195757,13.477939,4.035386,5.419646
3.450000,2.850000,-0.500000,13.110569,13.461735,3.933718,5.365221
3.450000,2.850000,-0.500000,12.985257,13.403527,3.879344,5.400724
3.450000,2.850000,-0.500000,12.922638,13.524306,3.900638,5.379899
3.450000,2.850000,-0.500000,12.922023,13.377670,3.885046,5.375899
3.450000,2.850000,-0.500000,12.887328,13.279732,3.763562,5.400757
3.450000,2.850000,-0.500000,12.749695,13.249778,3.772532,5.365206
3.450000,2.850000,-0.500000,12.566853,13.276970,3.793328,5.410135
3.450000,2.850000,-0.500000,12.500923,13.248602,3.747102,5.372205
3.450000,3.450000,-0.500000,12.471151,13.382383,3.941197,5.447757
3.450000,3.450000,-0.500000,12.387092,13.444079,4.178856,5.363853
3.450000,3.450000,-0.500000,12.484037,13.438694,4.329289,5.396453
3.450000,3.450000,-0.500000,12.532338,13.642225,4.412642,5.415347
3.450000,3.450000,-0.500000,12.484463,13.533958,4.502282,5.324764
3.450000,3.450000,-0.500000,12.595064,13.780085,4.640453,5.430319
3.450000,3.450000,-0.500000,12.650240,13.761365,4.752187,5.448916
3.450000,3.450000,-0.500000,12.620857,13.797857,4.759445,5.334157
3.450000,3.450000,-0.500000,12.799691,13.792144,4.898556,5.405615
3.450000,3.450000,-0.500000,12.850746,13.955281,4.984077,5.416664
3.450000,3.450000,-0.500000,12.910591,14.001159,5.026723,5.326246
3.450000,3.450000,-0.500000,12.943151,14.098812,5.009513,5.376151
3.450000,3.450000,0.500000,13.009602,14.001222,5.142725,5.454521
3.450000,3.450000,0.500000,13.061863,14.115521,5.271842,5.640612
3.450000,3.450000,0.500000,13.238204,14.121618,5.329751,5.538271
3.450000,3.450000,0.500000,13.251616,14.189901,5.415183,5.643177
3.450000,3.450000,0.500000,13.477946,14.352854,5.594890,5.847673
3.450000,3.450000,0.500000,13.516393,14.381935,5.567257,5.805266
2.850000,3.450000,0.500000,13.400160,14.343653,5.563526,5.820053
2.850000,3.450000,0.500000,13.439403,14.523768,5.564455,5.635308
2.850000,3.450000,0.500000,13.341262,14.465275,5.537568,5.565145
2.850000,3.450000,0.500000,13.354389,14.555124,5.635395,5.485361
2.850000,3.450000,0.500000,13.280053,14.461663,5.616979,5.357777
2.850000,3.450000,0.500000,13.222316,14.560416,5.763940,5.361159
3.450000,2.850000,0.500000,13.410607,14.349335,5.488566,5.534919
3.450000,2.850000,0.500000,13.459498,14.316383,5.326672,5.489614
3.450000,2.850000,0.500000,13.448943,14.346282,5.076654,5.596859
3.450000,2.850000,0.500000,13.566477,14.219930,5.053758,5.634168
3.450000,2.850000,0.500000,13.523508,14.240455,4.853732,5.811440
3.450000,2.850000,0.500000,13.529498,14.017413,4.795212,5.792323
3.450000,2.850000,0.500000,13.518998,14.110597,4.698898,5.844287
3.450000,2.850000,0.500000,13.536447,14.113833,4.680169,5.904619
3.450000,2.850000,0.500000,13.582919,13.997931,4.653859,6.027245
3.450000,2.850000,0.500000,13.597105,14.032075,4.547459,6.001424
3.450000,2.850000,0.500000,13.535738,13.949970,4.494289,6.079459
3.450000,2.850000,0.500000,13.449178,14.089108,4.486362,6.157053
3.450000,2.850000,0.500000,13.407557,13.990557,4.385796,6.091122
3.450000,2.850000,0.500000,13.313005,14.041427,4.395084,6.160859
3.450000,2.850000,0.500000,13.221119,14.018113,4.216127,6.188936
3.450000,2.850000,0.500000,13.263337,14.114271,4.397504,6.256850
3.450000,2.850000,0.500000,13.304774,14.004159,4.367401,6.342465
3.450000,2.850000,0.500000,13.154287,14.036086,4.209681,6.282071
3.450000,3.450000,-0.500000,13.111748,14.070583,4.380068,6.169163
3.450000,3.450000,-0.500000,13.098457,14.257286,4.559164,6.173586
3.450000,3.450000,-0.500000,12.979535,14.406146,4.550022,6.075597
3.450000,3.450000,-0.500000,13.129745,14.396145,4.645795,6.070248
3.450000,3.450000,-0.500000,13.125869,14.504970,4.750307,5.999577
3.450000,3.450000,-0.500000,13.148315,14.464450,4.843241,5.900746
2.850000,2.850000,-0.500000,13.148413,14.479572,4.683885,5.780622
2.850000,2.850000,-0.500000,12.841992,14.412711,4.554789,5.546396
2.850000,2.850000,-0.500000,12.742296,14.347024,4.355082,5.364737
2.850000,2.850000,-0.500000,12.668600,14.186162,4.326918,5.182892
2.850000,2.850000,0.500000,12.441858,14.193537,4.282862,5.121582
2.850000,2.850000,0.500000,12.392174,14.089753,4.239535,5.083362
2.850000,3.450000,0.500000,12.217707,14.076758,4.516002,5.037711
2.850000,3.450000,0.500000,12.164342,14.166638,4.605159,5.147455
2.850000,3.450000,0.500000,12.206033,14.118617,4.847277,4.941178
2.850000,3.450000,0.500000,12.134014,14.130186,4.957856,4.956157
2.850000,3.450000,0.500000,12.104492,14.111342,5.081821,4.964506
2.850000,3.450000,0.500000,12.041371,13.994696,5.261369,4.805315
3.450000,2.850000,0.500000,12.200381,13.935520,5.063072,4.987345
3.450000,2.850000,0.500000,12.380399,13.977632,4.949906,5.091432
3.450000,2.850000,0.500000,12.418419,13.814449,4.803824,5.175911
3.450000,2.850000,0.500000,12.518917,13.793236,4.693663,5.318801
3.450000,2.850000,0.500000,12.503218,13.702863,4.710055,5.384456
3.450000,2.850000,0.500000,12.630707,13.645739,4.593726,5.520012
3.450000,3.450000,0.500000,12.545389,13.694227,4.696192,5.677975
3.450000,3.450000,0.500000,12.667730,13.749848,4.786038,5.695112
3.450000,3.450000,0.500000,12.770912,13.933211,5.074026,5.780541
3.450000,3.450000,0.500000,12.818378,13.959459,5.170926,5.807791
3.450000,3.450000,0.500000,12.987559,14.014122,5.157210,5.823314
3.450000,3.450000,0.500000,13.062299,14.153743,5.252701,5.880204
2.850000,2.850000,0.500000,12.997862,14.100702,5.137919,5.780118
2.850000,2.850000,0.500000,12.876412,14.014393,5.068567,5.705602
2.850000,2.850000,0.500000,12.833350,14.006569,4.941294,5.556094
2.850000,2.850000,0.500000,12.694371,14.002082,4.777029,5.468425
2.850000,2.850000,0.500000,12.575275,13.876701,4.619099,5.359177
2.850000,2.850000,0.500000,12.533279,13.782572,4.575470,5.269629
3.450000,3.450000,0.500000,12.614463,13.862991,4.792920,5.530154
3.450000,3.450000,0.500000,12.678682,13.915216,4.894659,5.574787
3.450000,3.450000,0.500000,12.772865,13.891033,4.925677,5.623850
3.450000,3.450000,0.500000,12.832994,14.086421,5.076526,5.653210
3.450000,3.450000,-0.500000,13.021952,14.120548,5.114762,5.661270
3.450000,3.450000,-0.500000,12.952197,14.214312,5.201621,5.648956
2.850000,3.450000,-0.500000,12.907442,14.327401,5.125073,5.426060
2.850000,3.450000,-0.500000,12.942448,14.296271,5.223536,5.256316
2.850000,3.450000,-0.500000,12.851390,14.225959,5.127702,5.107020
2.850000,3.450000,-0.500000,12.765531,14.240803,5.259253,4.946870
2.850000,3.450000,-0.500000,12.781407,14.278127,5.272944,4.867083
2.850000,3.450000,-0.500000,12.663191,14.334562,5.291265,4.729282
2.850000,2.850000,-0.500000,12.656422,14.124611,5.077702,4.619661
2.850000,2.850000,-0.500000,12.618875,13.921694,5.022389,4.479795
2.850000,2.850000,0.500000,12.564887,13.894513,4.846330,4.478264
2.850000,2.850000,0.500000,12.517461,13.772172,4.713232,4.499909
2.850000,2.850000,0.500000,12.396973,13.673397,4.686106,4.479864
2.850000,2.850000,0.500000,12.286247,13.482806,4.681788,4.523623
3.450000,3.450000,0.500000,12.411948,13.424784,4.772155,4.582324
3.450000,3.450000,0.500000,12.539521,13.482787,4.873379,4.863917
3.450000,3.450000,0.500000,12.490132,13.452511,4.968973,4.927553
3.450000,3.450000,0.500000,12.721004,13.577769,5.099393,5.173266
3.450000,3.450000,0.500000,12.865919,13.580210,5.249229,5.221309
3.450000,3.450000,0.500000,12.924184,13.648426,5.394582,5.386040
3.450000,2.850000,-0.500000,12.951587,13.628153,5.096809,5.348464
3.450000,2.850000,-0.500000,13.121631,13.667916,4.916752,5.357419
3.450000,2.850000,-0.500000,13.024246,13.559944,4.811935,5.390765
3.450000,2.850000,-0.500000,13.117804,13.524434,4.611148,5.272284
3.450000,2.850000,-0.500000,13.094423,13.423114,4.601781,5.341494
3.450000,2.850000,-0.500000,13.139487,13.428429,4.416418,5.309404
3.450000,3.450000,-0.500000,13.141344,13.542324,4.570186,5.426923
3.450000,3.450000,-0.500000,13.117655,13.580545,4.591852,5.343035
3.450000,3.450000,-0.500000,13.084421,13.610454,4.696621,5.465458
3.450000,3.450000,-0.500000,13.062049,13.705842,4.828454,5.373501
3.450000,3.450000,-0.500000,13.196208,13.707238,4.907049,5.416771
3.450000,3.450000,-0.500000,13.143587,13.756570,4.852180,5.367497
3.450000,2.850000,-0.500000,13.266940,13.779968,4.736324,5.394660
3.450000,2.850000,-0.500000,13.174056,13.706126,4.683165,5.371280
3.450000,2.850000,-0.500000,13.179610,13.623584,4.433518,5.292634
3.450000,2.850000,-0.500000,13.179652,13.617011,4.319010,5.332292
3.450000,2.850000,-0.500000,13.176078,13.552035,4.304676,5.445007
3.450000,2.850000,-0.500000,13.167784,13.549922,4.150607,5.428336
3.450000,2.850000,-0.500000,13.039423,13.438462,4.136753,5.437182
3.450000,2.850000,-0.500000,12.937336,13.484213,4.055263,5.374790
3.450000,2.850000,0.500000,12.971821,13.269619,4.001165,5.481174
3.450000,2.850000,0.500000,12.855081,13.333575,4.044982,5.549548
3.450000,2.850000,0.500000,12.840539,13.415886,4.029295,5.656258
3.450000,2.850000,0.500000,12.799379,13.439810,4.107390,5.764390
3.450000,2.850000,0.500000,12.728493,13.313277,4.059538,5.816466
3.450000,2.850000,0.500000,12.740560,13.392816,4.069630,5.847261
3.450000,2.850000,0.500000,12.652217,13.280827,4.078082,6.113872
3.450000,2.850000,0.500000,12.632636,13.464801,4.097533,5.950108
3.450000,2.850000,0.500000,12.651395,13.566371,4.134517,6.025465
3.450000,2.850000,0.500000,12.686263,13.515108,4.114292,6.106242
3.450000,2.850000,-0.500000,12.629339,13.427963,4.095287,5.996781
3.450000,2.850000,-0.500000,12.555826,13.526316,4.063892,5.954722
3.450000,2.850000,-0.500000,12.549316,13.524076,3.928923,5.908868
3.450000,2.850000,-0.500000,12.562266,13.463138,3.859237,5.897175
3.450000,2.850000,-0.500000,12.513710,13.514349,3.939380,5.881113
3.450000,2.850000,-0.500000,12.382792,13.571339,3.802346,5.870766
2.850000,3.450000,-0.500000,12.259623,13.644383,3.910914,5.571852
2.850000,3.450000,-0.500000,12.099822,13.762738,4.228106,5.434981
2.850000,3.450000,-0.500000,11.952140,13.714078,4.272857,5.295644
2.850000,3.450000,-0.500000,11.852400,13.839368,4.449516,5.175797
2.850000,3.450000,0.500000,11.829984,13.808061,4.635251,5.151065
2.850000,3.450000,0.500000,11.821728,13.873627,4.869095,5.067111
3.450000,3.450000,0.500000,11.880096,13.900890,5.020637,5.149955
3.450000,3.450000,0.500000,12.122603,13.917758,4.918964,5.268112
3.450000,3.450000,0.500000,12.175580,13.883591,5.239256,5.395219
3.450000,3.450000,0.500000,12.316120,14.028376,5.132892,5.371491
3.450000,3.450000,0.500000,12.514754,13.977986,5.283651,5.486614
3.450000,3.450000,0.500000,12.594876,14.105228,5.346510,5.551380
2.850000,3.450000,0.500000,12.675674,14.173919,5.424879,5.546954
2.850000,3.450000,0.500000,12.710547,14.101048,5.508188,5.330781
2.850000,3.450000,0.500000,12.682268,14.250177,5.507891,5.253375
2.850000,3.450000,0.500000,12.617587,14.176551,5.702029,5.344287
2.850000,3.450000,0.500000,12.644479,14.265360,5.583819,5.246844
2.850000,3.450000,0.500000,12.686400,14.288732,5.665444,5.182811
2.850000,2.850000,0.500000,12.631204,14.132987,5.444047,5.165827
2.850000,2.850000,0.500000,12.794896,14.062295,5.331415,5.006538
2.850000,2.850000,0.500000,12.655693,13.964071,5.171490,4.899620
2.850000,2.850000,0.500000,12.688628,13.933644,5.112447,4.938842
2.850000,2.850000,0.500000,12.472100,13.769391,4.961094,4.930752
2.850000,2.850000,0.500000,12.509002,13.769062,4.862636,4.939789
3.450000,3.450000,-0.500000,12.593470,13.691465,4.907455,4.920894
3.450000,3.450000,-0.500000,12.631042,13.770408,5.000779,4.978644
3.450000,3.450000,-0.500000,12.734701,13.686710,5.012006,4.996065
3.450000,3.450000,-0.500000,12.842153,13.809518,5.110835,5.006192
3.450000,3.450000,-0.500000,12.934575,13.807318,5.181475,5.113444
3.450000,3.450000,-0.500000,12.987952,13.933506,5.191029,5.072426
3.450000,2.850000,-0.500000,13.105251,13.840968,4.846750,5.172121
3.450000,2.850000,-0.500000,13.061495,13.696669,4.692809,5.116276
3.450000,2.850000,-0.500000,13.175605,13.645085,4.565604,5.226417
3.450000,2.850000,-0.500000,13.061633,13.548805,4.412408,5.283501
3.450000,2.850000,-0.500000,13.171054,13.414017,4.302511,5.223701
3.450000,2.850000,-0.500000,13.153178,13.473202,4.215042,5.234553
2.850000,2.850000,-0.500000,12.858529,13.407775,4.147601,5.145046
2.850000,2.850000,-0.500000,12.741071,13.356837,4.151591,4.972554
2.850000,2.850000,-0.500000,12.542267,13.260055,4.111811,4.895205
2.850000,2.850000,-0.500000,12.445518,13.307721,3.940706,4.791764
2.850000,2.850000,-0.500000,12.200760,13.156878,3.925840,4.740054
2.850000,2.850000,-0.500000,12.081071,13.022815,3.916808,4.669298
3.450000,2.850000,-0.500000,12.085838,13.087330,3.815757,4.697385
3.450000,2.850000,-0.500000,12.209100,12.966948,3.793543,4.731360
3.450000,2.850000,-0.500000,11.991476,12.897146,3.857731,4.737678
3.450000,2.850000,-0.500000,12.007203,12.807129,3.857972,4.805994
3.450000,2.850000,-0.500000,12.061687,12.704240,3.785504,4.816652
3.450000,2.850000,-0.500000,11.959694,12.844059,3.863718,4.901778
3.450000,3.450000,-0.500000,11.914055,12.859729,3.978917,4.929554
3.450000,3.450000,-0.500000,11.965267,12.933521,4.087555,4.946790
3.450000,3.450000,-0.500000,12.032730,12.902048,4.264664,4.937426
3.450000,3.450000,-0.500000,12.086309,12.991841,4.398641,5.119202
3.450000,3.450000,-0.500000,12.235182,13.127718,4.594354,5.121266
3.450000,3.450000,-0.500000,12.215209,13.147760,4.620959,5.141718
3.450000,3.450000,-0.500000,12.304026,13.307314,4.674137,5.171987
3.450000,3.450000,-0.500000,12.336638,13.216960,4.797464,5.141313
3.450000,3.450000,-0.500000,12.464466,13.408201,4.888851,5.144857
3.450000,3.450000,-0.500000,12.613810,13.473613,4.957308,5.086887
3.450000,3.450000,-0.500000,12.680210,13.467645,5.057746,5.188020
3.450000,3.450000,-0.500000,12.698573,13.509218,4.977125,5.142883
3.450000,3.450000,-0.500000,12.803782,13.570969,5.094624,5.223526
3.450000,3.450000,-0.500000,12.820736,13.751843,5.118510,5.175857
3.450000,3.450000,-0.500000,12.947360,13.662016,5.158241,5.167149
3.450000,3.450000,-0.500000,13.122041,13.612616,5.156810,5.237948
3.450000,3.450000,0.500000,13.154909,13.792536,5.336257,5.421642
3.450000,3.450000,0.500000,13.156437,13.791134,5.448325,5.448850
3.450000,2.850000,0.500000,13.345068,13.772759,5.198350,5.486100
3.450000,2.850000,0.500000,13.244241,13.616123,4.967263,5.690364
3.450000,2.850000,0.500000,13.408619,13.714601,4.815514,5.799916
3.450000,2.850000,0.500000,13.454548,13.656189,4.888062,5.749710
3.450000,2.850000,0.500000,13.363586,13.723526,4.685281,5.805582
3.450000,2.850000,0.500000,13.398463,13.599802,4.606935,5.828447
3.450000,3.450000,0.500000,13.346098,13.720827,4.850253,5.943261
3.450000,3.450000,0.500000,13.306239,13.745260,4.751851,6.019317
3.450000,3.450000,-0.500000,13.395611,13.887222,4.964456,6.004156
3.450000,3.450000,-0.500000,13.496200,14.069157,5.037801,5.893696
3.450000,3.450000,-0.500000,13.418489,14.136425,5.111490,5.878480
3.450000,3.450000,-0.500000,13.557628,14.161889,5.089066,5.819569
2.850000,3.450000,-0.500000,13.414079,14.179705,5.130139,5.706107
2.850000,3.450000,-0.500000,13.271535,14.291071,5.224492,5.574495
2.850000,3.450000,-0.500000,13.231680,14.191972,5.144808,5.206066
2.850000,3.450000,-0.500000,13.091286,14.300581,5.312487,5.100252
2.850000,3.450000,-0.500000,13.131059,14.386484,5.189791,5.039383
2.850000,3.450000,-0.500000,13.079466,14.411014,5.189227,4.846174
2.850000,2.850000,0.500000,12.924295,14.236173,5.226281,4.806564
2.850000,2.850000,0.500000,12.932443,14.096240,4.922390,4.894830
2.850000,2.850000,0.500000,12.897011,13.952552,4.891754,4.768025
2.850000,2.850000,0.500000,12.772652,13.951718,4.808295,4.799801
2.850000,2.850000,0.500000,12.671651,13.825326,4.776461,4.727772
2.850000,2.850000,0.500000,12.577013,13.748826,4.705925,4.724461
3.450000,3.450000,0.500000,12.628838,13.708881,4.841300,4.907268
3.450000,3.450000,0.500000,12.751255,13.753133,4.955980,5.032490
3.450000,3.450000,0.500000,12.859215,13.753438,5.074096,5.147280
3.450000,3.450000,0.500000,12.879776,13.795325,5.118548,5.326088
3.450000,3.450000,0.500000,12.986397,13.887479,5.208099,5.461189
3.450000,3.450000,0.500000,13.080417,13.849841,5.323253,5.554177
2.850000,2.850000,0.500000,13.034296,13.866456,5.163082,5.457363
2.850000,2.850000,0.500000,12.974051,13.783512,5.107696,5.377617
2.850000,2.850000,0.500000,12.895008,13.643773,4.814328,5.275022
2.850000,2.850000,0.500000,12.832488,13.626669,4.877815,5.239075
2.850000,2.850000,0.500000,12.707608,13.644160,4.670202,5.158674
2.850000,2.850000,0.500000,12.586452,13.514798,4.601695,5.164944
3.450000,3.450000,0.500000,12.661841,13.579134,4.700293,5.314576
3.450000,3.450000,0.500000,12.738468,13.667647,4.908462,5.350165
3.450000,3.450000,-0.500000,12.810648,13.603080,4.874905,5.465625
3.450000,3.450000,-0.500000,12.901166,13.771470,4.981738,5.494415
3.450000,3.450000,-0.500000,13.033287,13.786554,5.074278,5.358375
3.450000,3.450000,-0.500000,13.068592,13.876396,4.972437,5.337597
3.450000,3.450000,-0.500000,13.098051,13.919536,5.130220,5.365742
3.450000,3.450000,-0.500000,13.173692,13.943842,5.080952,5.370443
3.450000,3.450000,-0.500000,13.138764,13.845468,5.130404,5.390353
3.450000,3.450000,-0.500000,13.245209,14.061842,5.139301,5.412002
3.450000,3.450000,-0.500000,13.376297,14.030431,5.149384,5.358688
3.450000,3.450000,-0.500000,13.434057,14.037597,5.178993,5.466136
2.850000,3.450000,-0.500000,13.313624,14.132243,5.233567,5.217578
2.850000,3.450000,-0.500000,13.288136,14.091141,5.201096,5.170218
2.850000,3.450000,-0.500000,13.183342,14.153491,5.216555,5.036646
2.850000,3.450000,-0.500000,13.160299,14.206399,5.242302,4.905868
2.850000,3.450000,-0.500000,13.207520,14.086941,5.157853,4.764894
2.850000,3.450000,-0.500000,13.003112,14.047347,5.226765,4.694453
2.850000,3.450000,-0.500000,12.920774,14.004275,5.178424,4.613758
2.850000,3.450000,-0.500000,13.003046,13.933229,5.099659,4.435993
2.850000,3.450000,-0.500000,12.873611,13.997406,5.363898,4.325579
2.850000,3.450000,-0.500000,12.801998,13.866957,5.324977,4.348611
2.850000,3.450000,0.500000,12.884737,13.919354,5.407314,4.357722
2.850000,3.450000,0.500000,12.784264,13.855274,5.388515,4.366593
3.450000,2.850000,0.500000,12.891640,13.759502,5.375064,4.468904
3.450000,2.850000,0.500000,12.932356,13.600238,5.175062,4.680485
3.450000,2.850000,0.500000,13.090051,13.490144,5.121486,4.836404
3.450000,2.850000,0.500000,13.128003,13.411213,4.980721,4.928365
3.450000,2.850000,0.500000,13.158120,13.405200,4.795396,5.086517
3.450000,2.850000,0.500000,13.155025,13.299433,4.667270,5.172697
2.850000,2.850000,0.500000,13.063011,13.347956,4.714331,5.146471
2.850000,2.850000,0.500000,12.895950,13.160299,4.615225,5.013047
2.850000,2.850000,-0.500000,12.735710,13.155174,4.378402,4.923297
2.850000,2.850000,-0.500000,12.655404,13.071780,4.328650,4.781989
2.850000,2.850000,-0.500000,12.548099,13.054232,4.208197,4.745351
2.850000,2.850000,-0.500000,12.373641,12.908075,4.102985,4.560249
3.450000,3.450000,-0.500000,12.308254,13.068804,4.341322,4.665563
3.450000,3.450000,-0.500000,12.383304,13.041791,4.473816,4.762580
3.450000,3.450000,-0.500000,12.506685,13.071643,4.535311,4.643976
3.450000,3.450000,-0.500000,12.480061,13.056555,4.702011,4.857083
3.450000,3.450000,-0.500000,12.544648,13.124199,4.748740,4.844628
3.450000,3.450000,-0.500000,12.613436,13.117921,4.823224,4.934349
2.850000,2.850000,-0.500000,12.547644,13.020659,4.596040,4.833126
2.850000,2.850000,-0.500000,12.290241,13.048425,4.441127,4.674098
2.850000,2.850000,-0.500000,12.287206,12.958867,4.330287,4.597503
2.850000,2.850000,-0.500000,12.213322,12.802652,4.135532,4.478714
2.850000,2.850000,-0.500000,12.027570,12.742112,4.066772,4.486539
2.850000,2.850000,-0.500000,12.025004,12.722838,4.210462,4.379941
3.450000,2.850000,-0.500000,11.913449,12.720644,4.054066,4.443906
3.450000,2.850000,-0.500000,11.990837,12.504086,4.009172,4.438715
3.450000,2.850000,-0.500000,11.916916,12.472181,3.881451,4.497764
3.450000,2.850000,-0.500000,11.905348,12.482024,3.866001,4.632386
3.450000,2.850000,0.500000,11.938644,12.408493,3.976024,4.774711
3.450000,2.850000,0.500000,11.961884,12.379098,3.900317,4.935103
3.450000,3.450000,0.500000,12.026569,12.540054,4.159627,5.088832
3.450000,3.450000,0.500000,12.046678,12.728661,4.360097,5.268719
3.450000,3.450000,0.500000,12.106013,12.584830,4.507977,5.218894
3.450000,3.450000,0.500000,12.153288,12.890514,4.835434,5.472537
3.450000,3.450000,0.500000,12.244677,12.921682,4.885502,5.535096
3.450000,3.450000,0.500000,12.415838,13.045182,5.073958,5.572536
2.850000,2.850000,0.500000,12.324534,13.123167,4.816311,5.493807
2.850000,2.850000,0.500000,12.315732,13.061803,4.926832,5.406735
2.850000,2.850000,0.500000,12.383944,13.034116,4.839513,5.423274
2.850000,2.850000,0.500000,12.247887,13.035508,4.631543,5.211446
2.850000,2.850000,0.500000,12.252800,13.000446,4.669350,5.238691
2.850000,2.850000,0.500000,12.158505,13.016473,4.545002,5.119068
2.850000,3.450000,0.500000,12.008127,13.064937,4.729812,5.104323
2.850000,3.450000,0.500000,12.005729,13.174211,4.827329,5.005322
2.850000,3.450000,0.500000,11.949625,13.240565,5.094694,4.968591
2.850000,3.450000,0.500000,11.887651,13.219144,5.140024,4.998559
2.850000,3.450000,0.500000,12.005371,13.313588,5.250185,5.003607
2.850000,3.450000,0.500000,12.093393,13.224981,5.276083,4.885578
2.850000,2.850000,0.500000,12.114802,13.231482,5.123355,4.908513
2.850000,2.850000,0.500000,12.071355,13.209799,4.989123,4.843572
2.850000,2.850000,0.500000,11.959205,13.086711,4.915922,4.887375
2.850000,2.850000,0.500000,11.999337,13.074580,4.867207,4.893266
2.850000,2.850000,0.500000,12.021365,12.992791,4.695790,4.773727
2.850000,2.850000,0.500000,11.988436,12.903548,4.596150,4.798684
2.850000,3.450000,0.500000,11.860853,12.968335,4.771854,4.759032
2.850000,3.450000,0.500000,11.843746,13.009193,4.964330,4.716233
2.850000,3.450000,0.500000,11.829945,13.036297,5.020721,4.682686
2.850000,3.450000,0.500000,11.962158,13.047200,5.138518,4.712438
2.850000,3.450000,0.500000,11.883216,13.089429,5.225797,4.700508
2.850000,3.450000,0.500000,11.965939,13.099341,5.332936,4.739165
3.450000,3.450000,0.500000,12.107410,13.170037,5.371754,4.796223
3.450000,3.450000,0.500000,12.326803,13.203391,5.523217,5.026878
3.450000,3.450000,0.500000,12.502741,13.252810,5.599659,5.167711
3.450000,3.450000,0.500000,12.629423,13.342430,5.629468,5.233519
3.450000,3.450000,0.500000,12.839084,13.388671,5.637198,5.370352
3.450000,3.450000,0.500000,13.032998,13.481507,5.801130,5.355306
3.450000,2.850000,0.500000,13.186443,13.466250,5.525461,5.540330
3.450000,2.850000,0.500000,13.171168,13.529762,5.476111,5.727695
3.450000,2.850000,-0.500000,13.310417,13.498244,5.211844,5.520795
3.450000,2.850000,-0.500000,13.381322,13.460508,5.000549,5.667954
3.450000,2.850000,-0.500000,13.420535,13.425519,4.707922,5.641786
3.450000,2.850000,-0.500000,13.395585,13.602207,4.661804,5.637325
2.850000,2.850000,-0.500000,13.333077,13.387386,4.480666,5.512084
2.850000,2.850000,-0.500000,13.069224,13.419646,4.424292,5.359835
2.850000,2.850000,-0.500000,12.906794,13.409539,4.240793,5.207074
2.850000,2.850000,-0.500000,12.693006,13.352715,4.235697,5.042339
2.850000,2.850000,-0.500000,12.510276,13.256590,4.131488,4.942491
2.850000,2.850000,-0.500000,12.501692,13.123684,4.015463,4.913459
2.850000,2.850000,-0.500000,12.372651,13.073720,4.008587,4.747932
2.850000,2.850000,-0.500000,12.114265,13.192588,3.946650,4.622967
2.850000,2.850000,-0.500000,11.966803,12.965843,3.915899,4.494162
2.850000,2.850000,-0.500000,11.892469,12.821435,3.765436,4.494764
2.850000,2.850000,-0.500000,11.810060,12.678011,3.789864,4.329144
2.850000,2.850000,-0.500000,11.474298,12.624445,3.761357,4.296832
3.450000,3.450000,-0.500000,11.590172,12.732657,3.897885,4.301660
3.450000,3.450000,-0.500000,11.747546,12.695480,4.052092,4.416896
3.450000,3.450000,-0.500000,11.765047,12.775727,4.229759,4.500909
3.450000,3.450000,-0.500000,11.881956,12.698175,4.346113,4.587579
3.450000,3.450000,0.500000,11.874854,12.825066,4.525652,4.822789
3.450000,3.450000,0.500000,11.862563,12.781858,4.712010,4.915639
3.450000,3.450000,0.500000,12.051882,12.850491,4.935747,4.996408
3.450000,3.450000,0.500000,12.241397,12.920276,4.896026,5.167135
3.450000,3.450000,0.500000,12.260039,13.053597,5.155517,5.181544
3.450000,3.450000,0.500000,12.508832,13.170494,5.192464,5.278692
3.450000,3.450000,0.500000,12.515078,13.275350,5.342216,5.454663
3.450000,3.450000,0.500000,12.760483,13.348150,5.377465,5.500658
2.850000,2.850000,0.500000,12.768556,13.285768,5.156017,5.377087
2.850000,2.850000,0.500000,12.692089,13.387554,5.128153,5.341338
2.850000,2.850000,0.500000,12.536763,13.295094,5.027843,5.135933
2.850000,2.850000,0.500000,12.503556,13.234643,4.874759,5.248328
2.850000,2.850000,0.500000,12.431985,13.173382,4.910174,5.217345
2.850000,2.850000,0.500000,12.316665,13.211730,4.825067,5.150975
3.450000,3.450000,0.500000,12.461577,13.276196,4.887804,5.245211
3.450000,3.450000,0.500000,12.568383,13.276839,5.031283,5.373653
3.450000,3.450000,0.500000,12.645953,13.398777,5.099678,5.321058
3.450000,3.450000,0.500000,12.727335,13.494524,5.284706,5.535113
3.450000,3.450000,0.500000,12.880088,13.533974,5.255963,5.552091
3.450000,3.450000,0.500000,13.034197,13.637142,5.298518,5.708135
3.450000,3.450000,-0.500000,13.195469,13.709985,5.262114,5.754273
3.450000,3.450000,-0.500000,13.172528,13.773200,5.332091,5.618006
3.450000,3.450000,-0.500000,13.252094,13.825044,5.274096,5.623162
3.450000,3.450000,-0.500000,13.373868,13.992065,5.345665,5.578076
3.450000,3.450000,-0.500000,13.490675,13.986322,5.265208,5.599813
3.450000,3.450000,-0.500000,13.590549,14.045503,5.432668,5.599179
3.450000,2.850000,-0.500000,13.554023,14.108416,5.126635,5.565711
3.450000,2.850000,-0.500000,13.676958,13.923175,4.980792,5.595327
3.450000,2.850000,-0.500000,13.584229,14.005101,4.737331,5.500127
3.450000,2.850000,-0.500000,13.602525,13.891167,4.622408,5.510502
3.450000,2.850000,-0.500000,13.545613,13.767699,4.525980,5.469239
3.450000,2.850000,-0.500000,13.462142,13.700910,4.446674,5.484174
2.850000,2.850000,-0.500000,13.352823,13.690614,4.298956,5.450129
2.850000,2.850000,-0.500000,13.129749,13.721651,4.153413,5.158184
2.850000,2.850000,-0.500000,12.881640,13.512547,4.060019,5.026588
2.850000,2.850000,-0.500000,12.534150,13.550869,4.060964,4.812268
2.850000,2.850000,-0.500000,12.556802,13.435416,4.015703,4.747570
2.850000,2.850000,-0.500000,12.418079,13.411408,3.907558,4.691771
2.850000,2.850000,-0.500000,12.197470,13.314776,3.923185,4.629661
2.850000,2.850000,-0.500000,12.090193,13.259136,3.834870,4.537704
2.850000,2.850000,0.500000,11.937473,13.126094,4.011682,4.640591
2.850000,2.850000,0.500000,11.672689,12.959412,3.975286,4.572515
2.850000,2.850000,0.500000,11.609995,12.957699,3.992629,4.548057
2.850000,2.850000,0.500000,11.538334,12.876713,4.072140,4.520063
3.450000,3.450000,0.500000,11.523041,12.959998,4.222235,4.814728
3.450000,3.450000,0.500000,11.694739,12.939027,4.455870,4.843564
3.450000,3.450000,0.500000,11.791054,13.086562,4.629913,4.975004
3.450000,3.450000,0.500000,12.031636,13.095219,4.910595,5.182827
3.450000,3.450000,0.500000,12.106832,13.077638,4.937554,5.267057
3.450000,3.450000,0.500000,12.201515,13.246488,5.098575,5.412862
2.850000,3.450000,-0.500000,12.168284,13.295970,5.168633,5.134122
2.850000,3.450000,-0.500000,12.198031,13.393949,5.193908,5.024083
2.850000,3.450000,-0.500000,12.331352,13.368029,5.118134,5.028952
2.850000,3.450000,-0.500000,12.298357,13.431642,5.206516,4.782963
2.850000,3.450000,-0.500000,12.313324,13.452714,5.187781,4.765432
2.850000,3.450000,-0.500000,12.310037,13.520762,5.200692,4.630414
2.850000,2.850000,-0.500000,12.229109,13.370467,5.056591,4.544001
2.850000,2.850000,-0.500000,12.286563,13.326214,4.907571,4.528358
2.850000,2.850000,-0.500000,12.158750,13.192149,4.725208,4.406691
2.850000,2.850000,-0.500000,12.097377,13.027914,4.460988,4.332076
2.850000,2.850000,0.500000,12.067500,12.985195,4.567292,4.402766
2.850000,2.850000,0.500000,12.095425,12.939857,4.489917,4.329927
2.850000,2.850000,0.500000,12.040308,12.832184,4.488283,4.420704
2.850000,2.850000,0.500000,11.858339,12.747359,4.412788,4.297618
2.850000,2.850000,0.500000,11.796530,12.698753,4.459529,4.454572
2.850000,2.850000,0.500000,11.716533,12.544011,4.359465,4.408221
2.850000,2.850000,0.500000,11.749904,12.481446,4.309302,4.403713
2.850000,2.850000,0.500000,11.620529,12.379327,4.263145,4.368126
2.850000,2.850000,0.500000,11.607419,12.314395,4.256569,4.375758
2.850000,2.850000,0.500000,11.558078,12.271633,4.153640,4.420815
2.850000,2.850000,-0.500000,11.406759,12.371402,4.125503,4.448085
2.850000,2.850000,-0.500000,11.348087,12.209659,4.112735,4.359054
2.850000,2.850000,-0.500000,11.309157,12.059112,4.044444,4.191577
2.850000,2.850000,-0.500000,11.292297,12.048746,4.010835,4.202835
3.450000,2.850000,-0.500000,11.262953,12.007922,4.044254,4.258445
3.450000,2.850000,-0.500000,11.420138,12.076909,3.942882,4.402819
3.450000,2.850000,-0.500000,11.411332,11.939380,3.862613,4.497854
3.450000,2.850000,-0.500000,11.409310,11.976903,3.978878,4.499714
3.450000,2.850000,-0.500000,11.446704,11.901162,3.865302,4.646608
3.450000,2.850000,-0.500000,11.552158,11.952140,3.784410,4.695291
3.450000,3.450000,-0.500000,11.557210,12.160132,4.100857,4.713401
3.450000,3.450000,-0.500000,11.608308,12.118521,4.205854,4.697270
3.450000,3.450000,-0.500000,11.637218,12.145497,4.322380,4.827696
3.450000,3.450000,-0.500000,11.701094,12.314996,4.490812,4.809639
3.450000,3.450000,-0.500000,11.844700,12.361577,4.569540,4.981916
3.450000,3.450000,-0.500000,11.954402,12.472962,4.678708,4.872682
3.450000,3.450000,-0.500000,11.974402,12.543915,4.834509,4.968706
3.450000,3.450000,-0.500000,12.144854,12.693493,4.806909,5.002723
3.450000,3.450000,-0.500000,12.198476,12.658517,4.810923,5.065666
3.450000,3.450000,-0.500000,12.336348,12.759344,4.868538,5.005665
3.450000,3.450000,0.500000,12.457173,12.867342,5.047150,5.157686
3.450000,3.450000,0.500000,12.594379,13.001391,5.164478,5.356060
3.450000,3.450000,0.500000,12.649983,13.036893,5.161274,5.263287
3.450000,3.450000,0.500000,12.747114,13.135306,5.216481,5.453645
3.450000,3.450000,0.500000,12.911845,13.166754,5.353743,5.535473
3.450000,3.450000,0.500000,12.986153,13.396020,5.300475,5.722799
3.450000,3.450000,0.500000,13.097077,13.498330,5.444146,5.640488
3.450000,3.450000,0.500000,13.244205,13.527816,5.437421,5.760108
2.850000,3.450000,0.500000,13.097783,13.501483,5.578331,5.711059
2.850000,3.450000,0.500000,13.199854,13.608994,5.649660,5.591992
2.850000,3.450000,-0.500000,13.240476,13.788281,5.642973,5.353093
2.850000,3.450000,-0.500000,13.063232,13.765050,5.523193,5.208741
2.850000,3.450000,-0.500000,13.074690,13.721408,5.432426,5.048828
2.850000,3.450000,-0.500000,13.080308,13.871576,5.414511,4.877481
2.850000,3.450000,-0.500000,12.967466,13.773651,5.349753,4.879385
2.850000,3.450000,-0.500000,13.032952,13.870370,5.466475,4.679342
2.850000,3.450000,-0.500000,12.988198,13.791146,5.485750,4.662800
2.850000,3.450000,-0.500000,12.966016,13.852535,5.387661,4.595141
2.850000,3.450000,-0.500000,12.827586,13.781533,5.371574,4.468266
2.850000,3.450000,-0.500000,12.918837,13.654646,5.444575,4.395744
2.850000,2.850000,0.500000,12.814036,13.616019,5.250017,4.487515
2.850000,2.850000,0.500000,12.832642,13.478008,5.105891,4.489110
2.850000,2.850000,0.500000,12.655161,13.316163,4.993927,4.400735
2.850000,2.850000,0.500000,12.607001,13.350132,4.886027,4.457178
2.850000,2.850000,0.500000,12.589611,13.203771,4.758085,4.413421
2.850000,2.850000,0.500000,12.542620,13.143666,4.799212,4.463944
2.850000,2.850000,0.500000,12.499948,12.877885,4.627914,4.510105
2.850000,2.850000,0.500000,12.417031,12.832141,4.569103,4.531926
2.850000,2.850000,0.500000,12.357758,12.858181,4.522271,4.537867
2.850000,2.850000,0.500000,12.123626,12.735375,4.474008,4.516164
2.850000,2.850000,0.500000,12.151261,12.636946,4.487047,4.590961
2.850000,2.850000,0.500000,11.995648,12.602702,4.393891,4.421527
3.450000,2.850000,0.500000,12.107744,12.550904,4.444648,4.707569
3.450000,2.850000,0.500000,12.215449,12.516308,4.432984,4.851066
3.450000,2.850000,0.500000,12.169208,12.396430,4.296818,5.044315
3.450000,2.850000,0.500000,12.280621,12.454469,4.350413,5.064404
3.450000,2.850000,0.500000,12.296860,12.550508,4.195185,5.255294
3.450000,2.850000,0.500000,12.295286,12.438103,4.234663,5.341355
2.850000,2.850000,0.500000,12.227073,12.556406,4.236883,5.261082
2.850000,2.850000,0.500000,12.019167,12.518056,4.193359,5.223840
2.850000,2.850000,-0.500000,11.878679,12.532721,4.068383,5.058999
2.850000,2.850000,-0.500000,11.876055,12.567256,4.126556,4.967107
2.850000,2.850000,-0.500000,11.670726,12.493096,3.953481,4.801421
2.850000,2.850000,-0.500000,11.551207,12.442645,3.924865,4.702381
2.850000,2.850000,-0.500000,11.546707,12.449053,3.961063,4.526591
2.850000,2.850000,-0.500000,11.439674,12.306126,3.906017,4.532827
2.850000,2.850000,-0.500000,11.209719,12.295140,3.905208,4.420183
2.850000,2.850000,-0.500000,11.122521,12.288405,3.877760,4.215415
2.850000,2.850000,-0.500000,11.145183,12.279038,3.856887,4.230298
2.850000,2.850000,-0.500000,10.960804,12.111128,3.853104,4.200800
2.850000,3.450000,-0.500000,10.959809,12.129697,3.905690,4.149647
2.850000,3.450000,-0.500000,10.970080,12.208115,4.226591,4.094984
2.850000,3.450000,-0.500000,10.879248,12.171257,4.302743,4.053954
2.850000,3.450000,-0.500000,10.973408,12.303750,4.469083,3.960530
2.850000,3.450000,-0.500000,10.912518,12.258559,4.528805,3.949788
2.850000,3.450000,-0.500000,10.989795,12.356048,4.563748,4.030342
3.450000,2.850000,-0.500000,11.099755,12.207822,4.505429,3.937852
3.450000,2.850000,-0.500000,11.198892,12.101405,4.471022,4.201034
3.450000,2.850000,-0.500000,11.428054,12.007488,4.225585,4.303350
3.450000,2.850000,-0.500000,11.438408,12.002144,4.199608,4.426647
3.450000,2.850000,-0.500000,11.454619,11.903615,4.100197,4.441029
3.450000,2.850000,-0.500000,11.615424,11.897880,4.021690,4.506688
2.850000,3.450000,-0.500000,11.527690,12.022620,4.136366,4.524458
2.850000,3.450000,-0.500000,11.446691,11.996534,4.480810,4.398334
2.850000,3.450000,-0.500000,11.455866,12.201513,4.555795,4.334377
2.850000,3.450000,-0.500000,11.463900,12.186658,4.555453,4.205605
2.850000,3.450000,-0.500000,11.424845,12.167658,4.738292,4.149823
2.850000,3.450000,-0.500000,11.420324,12.093771,4.788334,4.105986
2.850000,3.450000,-0.500000,11.451394,12.188835,4.900909,4.011400
2.850000,3.450000,-0.500000,11.537233,12.284576,4.859797,4.010905
2.850000,3.450000,-0.500000,11.491425,12.359616,5.061071,3.941104
2.850000,3.450000,-0.500000,11.508356,12.321870,5.081986,3.872656
2.850000,3.450000,-0.500000,11.599800,12.263691,5.080696,3.853300
2.850000,3.450000,-0.500000,11.592982,12.292448,5.084126,3.850046
3.450000,3.450000,-0.500000,11.837857,12.318351,5.195793,4.032324
3.450000,3.450000,-0.500000,11.930825,12.283268,5.179384,4.154722
3.450000,3.450000,-0.500000,12.138371,12.339940,5.163423,4.260671
3.450000,3.450000,-0.500000,12.205978,12.429241,5.157760,4.411997
3.450000,3.450000,-0.500000,12.574838,12.465580,5.192653,4.489114
3.450000,3.450000,-0.500000,12.559902,12.429417,5.307869,4.629436
3.450000,3.450000,0.500000,12.717403,12.591068,5.303874,4.707003
3.450000,3.450000,0.500000,12.867475,12.543865,5.363240,4.794118
3.450000,3.450000,0.500000,12.921016,12.583734,5.512482,4.862693
3.450000,3.450000,0.500000,13.024349,12.815165,5.502694,5.187562
3.450000,3.450000,0.500000,13.169919,12.866469,5.600682,5.292646
3.450000,3.450000,0.500000,13.307554,12.935162,5.687857,5.370840
3.450000,3.450000,0.500000,13.375366,13.024766,5.769048,5.452102
3.450000,3.450000,0.500000,13.580852,13.116389,5.705495,5.456822
3.450000,3.450000,0.500000,13.619245,13.239057,5.792128,5.509080
3.450000,3.450000,0.500000,13.690092,13.381876,5.807131,5.686657
3.450000,3.450000,0.500000,13.859316,13.525614,5.765643,5.713181
3.450000,3.450000,0.500000,14.021540,13.537946,5.809487,5.810449
3.450000,2.850000,0.500000,14.008325,13.521333,5.584002,5.951644
3.450000,2.850000,0.500000,14.118618,13.545487,5.376702,6.023846
3.450000,2.850000,0.500000,14.064848,13.612551,5.342977,6.088377
3.450000,2.850000,0.500000,14.008211,13.506545,5.146359,6.039768
3.450000,2.850000,0.500000,14.164932,13.580625,5.041079,6.077694
3.450000,2.850000,0.500000,14.090002,13.475980,4.945872,6.171194
2.850000,3.450000,0.500000,14.039852,13.680935,4.986500,6.061134
2.850000,3.450000,0.500000,13.807668,13.757451,5.190466,5.838124
2.850000,3.450000,-0.500000,13.624239,13.883721,5.113379,5.755509
2.850000,3.450000,-0.500000,13.589129,14.029173,5.212746,5.515079
2.850000,3.450000,-0.500000,13.565460,14.100150,5.164960,5.438492
2.850000,3.450000,-0.500000,13.396980,14.134902,5.374084,5.336400
2.850000,3.450000,-0.500000,13.361686,14.148136,5.229078,5.127838
2.850000,3.450000,-0.500000,13.255782,14.114997,5.243963,4.837099
2.850000,3.450000,-0.500000,13.254158,14.118415,5.417031,4.849679
2.850000,3.450000,-0.500000,13.178741,14.116301,5.484965,4.732546
2.850000,3.450000,-0.500000,13.178540,14.104674,5.323237,4.622099
2.850000,3.450000,-0.500000,13.014527,14.168693,5.347954,4.469317
2.850000,3.450000,0.500000,13.056247,14.029810,5.418721,4.564169
2.850000,3.450000,0.500000,13.064976,14.009393,5.526911,4.539767
2.850000,3.450000,0.500000,12.887578,13.927334,5.455967,4.494148
2.850000,3.450000,0.500000,12.980059,13.902644,5.535522,4.545985
2.850000,3.450000,0.500000,12.999435,13.929254,5.585493,4.554315
2.850000,3.450000,0.500000,13.020444,13.903770,5.715931,4.521599
3.450000,3.450000,0.500000,13.140228,13.854301,5.649358,4.765821
3.450000,3.450000,0.500000,13.262029,13.889317,5.679635,4.935754
3.450000,3.450000,0.500000,13.443795,13.991998,5.789381,5.046638
3.450000,3.450000,0.500000,13.565131,13.842985,5.795294,5.134545
3.450000,3.450000,-0.500000,13.584636,13.921241,5.693712,5.116264
3.450000,3.450000,-0.500000,13.690142,13.958811,5.641210,5.188474
2.850000,3.450000,-0.500000,13.720915,13.943783,5.701220,5.097063
2.850000,3.450000,-0.500000,13.576427,14.025548,5.555077,4.867426
2.850000,3.450000,-0.500000,13.587545,14.032949,5.576777,4.929396
2.850000,3.450000,-0.500000,13.472565,14.001122,5.486063,4.633775
2.850000,3.450000,-0.500000,13.455798,13.891412,5.456966,4.622253
2.850000,3.450000,-0.500000,13.400553,13.904786,5.488066,4.603645
2.850000,3.450000,-0.500000,13.297285,13.773022,5.489900,4.466199
2.850000,3.450000,-0.500000,13.279866,13.767115,5.447229,4.333153
2.850000,3.450000,-0.500000,13.197351,13.844107,5.448027,4.270871
2.850000,3.450000,-0.500000,13.192740,13.773927,5.471977,4.159145
2.850000,3.450000,-0.500000,13.132081,13.677899,5.316559,4.134532
2.850000,3.450000,-0.500000,13.055635,13.706175,5.452841,4.016794
3.450000,2.850000,-0.500000,13.295532,13.505122,5.275274,4.253433
3.450000,2.850000,-0.500000,13.271678,13.310266,4.977538,4.311911
3.450000,2.850000,-0.500000,13.215644,13.218311,4.870744,4.367683
3.450000,2.850000,-0.500000,13.159317,13.079065,4.637115,4.462201
3.450000,2.850000,-0.500000,13.265138,13.043847,4.507972,4.570855
3.450000,2.850000,-0.500000,13.296049,12.999642,4.458509,4.748775
3.450000,2.850000,0.500000,13.176963,12.894775,4.398367,4.762532
3.450000,2.850000,0.500000,13.216861,12.850633,4.358086,4.931813
3.450000,2.850000,0.500000,13.166253,12.769794,4.303435,5.146032
3.450000,2.850000,0.500000,13.081607,12.787134,4.330126,5.281279
3.450000,2.850000,0.500000,13.047312,12.711230,4.267470,5.348104
3.450000,2.850000,0.500000,13.011601,12.817155,4.146737,5.338438
3.450000,2.850000,0.500000,12.937176,12.800165,4.197562,5.463006
3.450000,2.850000,0.500000,12.919032,12.705769,4.117562,5.514744
3.450000,2.850000,0.500000,12.910076,12.734597,4.131523,5.648182
3.450000,2.850000,0.500000,12.942507,12.798533,4.135823,5.753020
3.450000,2.850000,0.500000,12.805791,12.841383,4.120910,5.811636
3.450000,2.850000,0.500000,12.827444,12.991005,4.093645,5.838953
2.850000,3.450000,0.500000,12.722233,12.993605,4.408512,5.723582
2.850000,3.450000,0.500000,12.505250,13.151932,4.574774,5.698596
2.850000,3.450000,0.500000,12.435074,13.184479,4.691040,5.469812
2.850000,3.450000,0.500000,12.475138,13.417750,4.884223,5.412546
2.850000,3.450000,0.500000,12.315134,13.460952,4.996153,5.493616
2.850000,3.450000,0.500000,12.350223,13.460049,5.162428,5.456224
3.450000,2.850000,0.500000,12.499921,13.426692,4.877806,5.559740
3.450000,2.850000,0.500000,12.498090,13.419661,4.934127,5.540314
3.450000,2.850000,-0.500000,12.595260,13.427304,4.590563,5.561442
3.450000,2.850000,-0.500000,12.593501,13.294575,4.484761,5.598006
3.450000,2.850000,-0.500000,12.621213,13.273464,4.438446,5.498084
3.450000,2.850000,-0.500000,12.698834,13.358983,4.230711,5.535926
3.450000,3.450000,-0.500000,12.632126,13.418889,4.428350,5.531719
3.450000,3.450000,-0.500000,12.631226,13.480622,4.512707,5.446716
3.450000,3.450000,-0.500000,12.680922,13.586773,4.585544,5.484390
3.450000,3.450000,-0.500000,12.707817,13.517217,4.769198,5.412035
3.450000,3.450000,-0.500000,12.824651,13.769566,4.838665,5.502657
3.450000,3.450000,-0.500000,12.812429,13.826274,4.808361,5.407287
3.450000,2.850000,-0.500000,12.951266,13.776292,4.767945,5.497706
3.450000,2.850000,-0.500000,12.972801,13.725185,4.605519,5.392664
3.450000,2.850000,-0.500000,12.976824,13.676288,4.480522,5.371068
3.450000,2.850000,-0.500000,13.023070,13.564868,4.267541,5.520303
3.450000,2.850000,-0.500000,12.912135,13.572599,4.275115,5.430698
3.450000,2.850000,-0.500000,12.927531,13.527493,4.180333,5.425047
2.850000,2.850000,-0.500000,12.667066,13.446253,4.103996,5.175048
2.850000,2.850000,-0.500000,12.418153,13.362550,3.997268,5.105492
2.850000,2.850000,-0.500000,12.303033,13.463503,3.963411,4.969922
2.850000,2.850000,-0.500000,12.198808,13.356191,3.938470,4.914744
2.850000,2.850000,0.500000,12.059032,13.293127,3.906093,4.729026
2.850000,2.850000,0.500000,11.985188,13.128465,4.002511,4.882985
2.850000,3.450000,0.500000,11.777348,13.234839,4.272117,4.880720
2.850000,3.450000,0.500000,11.745052,13.172695,4.519994,4.746570
2.850000,3.450000,0.500000,11.648877,13.218076,4.636087,4.729375
2.850000,3.450000,0.500000,11.656624,13.307021,4.787580,4.830834
2.850000,3.450000,0.500000,11.706539,13.365097,4.906566,4.712297
2.850000,3.450000,0.500000,11.631667,13.309241,5.031503,4.799535
3.450000,2.850000,0.500000,11.793149,13.246218,4.877667,4.854650
3.450000,2.850000,0.500000,11.969382,13.231828,4.762309,5.033989
3.450000,2.850000,0.500000,12.135311,13.253573,4.711064,5.193854
3.450000,2.850000,0.500000,12.269323,13.176505,4.662193,5.174482
3.450000,2.850000,0.500000,12.267930,13.069700,4.546264,5.338552
3.450000,2.850000,0.500000,12.283490,13.073726,4.596262,5.468140
2.850000,2.850000,0.500000,12.284217,13.149399,4.434021,5.412983
2.850000,2.850000,0.500000,12.115554,13.006384,4.498203,5.251184
2.850000,2.850000,0.500000,11.999484,13.038449,4.370368,5.176924
2.850000,2.850000,0.500000,11.932659,13.081433,4.479717,5.171360
2.850000,2.850000,0.500000,11.984808,12.999638,4.401883,5.100760
2.850000,2.850000,0.500000,11.904554,12.976054,4.369106,5.119002
3.450000,3.450000,0.500000,11.903207,13.106349,4.632980,5.202284
3.450000,3.450000,0.500000,12.148659,13.182460,4.881103,5.291833
3.450000,3.450000,0.500000,12.114710,13.311213,4.908967,5.376646
3.450000,3.450000,0.500000,12.264221,13.324423,5.057740,5.470095
3.450000,3.450000,0.500000,12.332897,13.446962,5.070381,5.576380
3.450000,3.450000,0.500000,12.495633,13.570247,5.176316,5.554580
3.450000,3.450000,0.500000,12.587404,13.645549,5.301380,5.749075
3.450000,3.450000,0.500000,12.707094,13.762592,5.344553,5.777221
3.450000,3.450000,0.500000,12.916406,13.784708,5.547577,5.906215
3.450000,3.450000,0.500000,13.066152,13.970731,5.594453,5.980355
3.450000,3.450000,-0.500000,13.034618,14.036063,5.544072,5.859525
3.450000,3.450000,-0.500000,13.260823,14.057107,5.546136,5.885494
2.850000,3.450000,-0.500000,13.199816,14.172595,5.496730,5.539952
2.850000,3.450000,-0.500000,13.230126,14.207698,5.521080,5.469529
2.850000,3.450000,-0.500000,13.121400,14.231370,5.500614,5.288282
2.850000,3.450000,-0.500000,13.114329,14.305398,5.446397,5.097616
2.850000,3.450000,-0.500000,13.015929,14.269955,5.512500,4.921931
2.850000,3.450000,-0.500000,13.060807,14.241119,5.465979,4.776215
3.450000,3.450000,-0.500000,13.111195,14.221615,5.472931,4.830836
3.450000,3.450000,-0.500000,13.305268,14.141502,5.405824,4.892456
3.450000,3.450000,0.500000,13.351993,14.211361,5.523437,5.029921
3.450000,3.450000,0.500000,13.284772,14.139242,5.533538,5.082713
3.450000,3.450000,0.500000,13.493415,14.300645,5.557426,5.205331
3.450000,3.450000,0.500000,13.586844,14.200253,5.561413,5.294153
3.450000,3.450000,0.500000,13.646337,14.203686,5.643160,5.314948
3.450000,3.450000,0.500000,13.632087,14.319969,5.620263,5.524712
3.450000,3.450000,0.500000,13.725309,14.292187,5.645534,5.662958
3.450000,3.450000,0.500000,13.954487,14.366101,5.635799,5.721383
3.450000,3.450000,0.500000,13.921922,14.364932,5.756918,5.688134
3.450000,3.450000,0.500000,14.103596,14.494818,5.763387,5.858404
2.850000,3.450000,-0.500000,14.021832,14.563752,5.715851,5.609988
2.850000,3.450000,-0.500000,13.900099,14.558046,5.599970,5.437722
2.850000,3.450000,-0.500000,13.801618,14.569681,5.613581,5.294179
2.850000,3.450000,-0.500000,13.812597,14.462845,5.557540,5.203699
2.850000,3.450000,-0.500000,13.848416,14.463718,5.535409,5.101058
2.850000,3.450000,-0.500000,13.606163,14.555939,5.578880,4.921740
3.450000,2.850000,-0.500000,13.752554,14.286102,5.450004,4.999400
3.450000,2.850000,-0.500000,13.684216,14.306276,5.108334,4.940636
3.450000,2.850000,-0.500000,13.688639,14.079069,4.808296,5.039413
3.450000,2.850000,-0.500000,13.732219,13.999068,4.712036,5.088952
3.450000,2.850000,-0.500000,13.741812,13.888239,4.588953,5.002899
3.450000,2.850000,-0.500000,13.662003,13.882249,4.508950,5.076247
3.450000,2.850000,-0.500000,13.585590,13.812938,4.312274,5.138061
3.450000,2.850000,-0.500000,13.484306,13.685247,4.256921,5.142136
3.450000,2.850000,-0.500000,13.446712,13.622532,4.186904,5.186350
3.450000,2.850000,-0.500000,13.382967,13.586762,4.096740,5.187120
3.450000,2.850000,-0.500000,13.422620,13.523442,4.112410,5.196750
3.450000,2.850000,-0.500000,13.174011,13.471145,3.989965,5.194457
3.450000,3.450000,-0.500000,13.117818,13.566096,4.203694,5.213356
3.450000,3.450000,-0.500000,13.068113,13.461645,4.274734,5.243506
3.450000,3.450000,0.500000,13.069608,13.611827,4.528056,5.357375
3.450000,3.450000,0.500000,12.955753,13.728343,4.660324,5.457945
3.450000,3.450000,0.500000,13.087422,13.698264,4.798034,5.623996
3.450000,3.450000,0.500000,13.150915,13.831629,4.967999,5.671373
2.850000,3.450000,0.500000,13.007827,13.896165,4.984893,5.604043
2.850000,3.450000,0.500000,12.947710,13.979396,5.238123,5.439367
2.850000,3.450000,0.500000,12.967559,14.056155,5.313293,5.440216
2.850000,3.450000,0.500000,12.955547,14.036137,5.263119,5.356369
2.850000,3.450000,0.500000,12.939326,13.993374,5.405038,5.177143
2.850000,3.450000,0.500000,12.924325,14.132460,5.460607,5.314013
3.450000,3.450000,-0.500000,13.004443,14.203804,5.400392,5.208745
3.450000,3.450000,-0.500000,13.086350,14.149408,5.418690,5.202245
3.450000,3.450000,-0.500000,13.184528,14.160211,5.349224,5.252752
3.450000,3.450000,-0.500000,13.252844,14.236252,5.378715,5.321861
3.450000,3.450000,-0.500000,13.365168,14.241449,5.448970,5.232369
3.450000,3.450000,-0.500000,13.433760,14.273638,5.400706,5.210266
3.450000,2.850000,-0.500000,13.546421,14.178721,5.235351,5.375936
3.450000,2.850000,-0.500000,13.614743,14.044603,4.979409,5.333012
3.450000,2.850000,-0.500000,13.664038,13.928834,4.810937,5.403408
3.450000,2.850000,-0.500000,13.649070,13.973590,4.802017,5.332565
3.450000,2.850000,0.500000,13.605104,13.971875,4.595803,5.492361
3.450000,2.850000,0.500000,13.550360,13.848258,4.591896,5.530530
2.850000,2.850000,0.500000,13.281683,13.822960,4.470947,5.359934
2.850000,2.850000,0.500000,13.107323,13.731021,4.478632,5.304652
2.850000,2.850000,0.500000,12.952731,13.784901,4.387357,5.352658
2.850000,2.850000,0.500000,12.866223,13.662627,4.380374,5.327560
2.850000,2.850000,0.500000,12.698617,13.500407,4.329662,5.230403
2.850000,2.850000,0.500000,12.627191,13.592295,4.299371,5.126231
3.450000,2.850000,0.500000,12.550054,13.518702,4.329294,5.343246
3.450000,2.850000,0.500000,12.634634,13.482741,4.274154,5.262290
3.450000,2.850000,-0.500000,12.587309,13.446698,4.220603,5.390389
3.450000,2.850000,-0.500000,12.537900,13.481753,4.152782,5.359332
3.450000,2.850000,-0.500000,12.635585,13.386726,4.056740,5.355474
3.450000,2.850000,-0.500000,12.488615,13.398121,3.993091,5.329915
3.450000,3.450000,-0.500000,12.440933,13.425415,4.230139,5.406118
3.450000,3.450000,-0.500000,12.474735,13.565117,4.263036,5.345833
3.450000,3.450000,-0.500000,12.545011,13.560222,4.422073,5.407489
3.450000,3.450000,-0.500000,12.560552,13.651592,4.487104,5.404687
3.450000,3.450000,-0.500000,12.702928,13.642344,4.691247,5.401808
3.450000,3.450000,-0.500000,12.618413,13.754411,4.717111,5.304452
